openalex_id,doi,title,year,venue,cited_by,class,subsection,class_score,margin,seed_sim,needs_review,source,matched_query,abstract
W2736402913,,A Cost-Effective Framework for Automated Vehicle-Pedestrian Near-Miss Detection Through Onboard Monocular Vision,2017,,26,Perception-related,Other Perception Methods,0.457,0.1342,,False,seed,,Onboard monocular cameras have been widely deployed in both public transit and personal vehicles. Obtaining vehicle-pedestrian near-miss event data from onboard monocular vision systems may be cost-effective compared with onboard multiple-sensor systems or traffic surveillance videos. But extracting near-misses from onboard monocular vision is challenging and little work has been published. This paper fills the gap by developing a framework to automatically detect vehicle-pedestrian near-misses through onboard monocular vision. The proposed framework can estimate depth and real-world motion information through monocular vision with a moving video background. The experimental results based on processing over 30-hours video data demonstrate the ability of the system to capture near-misses by comparison with the events logged by the Rosco/MobilEye Shield+ system which includes four cameras working cooperatively. The detection overlap rate reaches over 90% with the thresholds properly set.
W4385506450,10.1016/j.ssci.2023.106233,A quantitative method to determine what collisions are reasonably foreseeable and preventable,2023,Safety Science,7,Trajectory-related,Probability Estimation,0.6348,0.3825,,False,seed,,
W106195609,10.1007/978-3-662-45489-3_5,Computing Behavioral Relations for Probabilistic Concurrent Systems,2012,"Stochastic Model Checking. Rigorous Dependability Analysis Using Model
Checking Techniques for Stochastic Systems - International Autumn
School, {ROCKS} 2012, Vahrn, Italy, October 22-26, 2012, Advanced
Lectures",7,Trajectory-related,Probability Estimation,0.2915,0.1333,,False,seed,,
W3161651929,10.1016/j.aap.2021.106157,A review of surrogate safety measures and their applications in connected and automated vehicles safety modeling,2021,Accident Analysis {\&} Prevention,435,Trajectory-related,Surrogate Safety Metrics,0.7068,0.4173,,False,seed,,
W2109086258,10.1109/ivs.2008.4621250,A situation and threat assessment algorithm for a rear-end collision avoidance system,2008,2008 IEEE Intelligent Vehicles Symposium,52,Trajectory-related,Surrogate Safety Metrics,0.619,0.2967,,False,seed,,"Rear-end collisions are common accident scenarios and a frequent cause of these accidents is driver distraction. This paper presents a situation assessment (SA) algorithm that estimates driver distraction by continuously assessing the steering actions of the driver. A collision avoidance (CA) system is proposed, which combines the SA with a threat assessment (TA) algorithm that estimates the effort needed to avoid a collision. It is shown that the SA algorithm proposed enables the CA system to initiate earlier brake interventions when the driver is assessed as being distracted, without significantly increasing the risk of false interventions in real traffic. The CA system has been evaluated in both collision situations on a test track and during 200 driving hours in real traffic conditions."
W2133235827,10.1109/tcsvt.2008.927109,A survey of vision-based trajectory learning and analysis for surveillance,2008,IEEE Transactions on Circuits and Systems for Video Technology,472,Trajectory-related,Machine Learning (trajectory),0.5187,0.244,,False,seed,,"This paper presents a survey of trajectory-based activity analysis for visual surveillance. It describes techniques that use trajectory data to define a general set of activities that are applicable to a wide range of scenes and environments. Events of interest are detected by building a generic topographical scene description from underlying motion structure as observed over time. The scene topology is automatically learned and is distinguished by points of interest and motion characterized by activity paths. The methods we review are intended for real-time surveillance through definition of a diverse set of events for further analysis triggering, including virtual fencing, speed profiling, behavior classification, anomaly detection, and object interaction."
W4313041116,,A Survey on Knowledge Graph-based Methods for Automated Driving,2022,,21,Knowledge-driven,Influencing Factors,0.6229,0.2185,,False,seed,,
W3131573665,10.1016/j.aap.2021.106016,A Systematic Mapping Review of Surrogate Safety Assessment Using Traffic Conflict Techniques,2021,Accident Analysis {\&} Prevention,282,Trajectory-related,Surrogate Safety Metrics,0.755,0.5019,,False,seed,,
W3032950445,10.1109/tits.2020.2991039,A Theoretical Foundation of Intelligence Testing and Its Application for Intelligent Vehicles,2021,IEEE Transactions on Intelligent Transportation Systems,66,Trajectory-related,Challenging the System Under Test,0.5797,0.2025,,False,seed,,"Intelligent vehicle testing received quickly increasing attention due to the intermittent accidents of intelligent vehicle prototypes that occurred recently. In this paper, we investigate the theoretical underpinnings of such testing and establish a rigid analyzing framework for general intelligence testing problems by borrowing the ideas of Probably Approximately Correct (PAC) learning. Our focus is on the relationship between the number of sampled scenarios and the testing efficiency. We explain various existing algorithms within this new framework and clarify some misconceptions about the reasoning underpinning these methods. We show that intelligent vehicles are testable if the testing scenarios are well defined and appropriately sampled. Moreover, we propose a sampling strategy to generate new challenging scenarios to boost testing efficiency."
W2511072509,10.1109/tits.2017.2701846,Accelerated Evaluation of Automated Vehicles in Car-Following Maneuvers,2018,IEEE Transactions on Intelligent Transportation Systems,246,Trajectory-related,Novel Scenario Generation,0.6164,0.259,,False,seed,,"The safety of automated vehicles (AVs) must be assured before their release and deployment. The current approach to evaluation relies primarily on 1) testing AVs on public roads or 2) track testing with scenarios defined in a test matrix. These two methods have completely opposing drawbacks: the former, while offering realistic scenarios, takes too much time to execute and the latter, though it can be completed in a short amount of time, has no clear correlation to safety benefits in the real world. To avoid the aforementioned problems, we propose accelerated evaluation, focusing on the car-following scenario. The stochastic human-controlled vehicle (HV) motions are modeled based on 1.3 million miles of naturalistic driving data collected by the University of Michigan Safety Pilot Model Deployment Program. The statistics of the HV behaviors are then modified to generate more intense interactions between HVs and AVs to accelerate the evaluation procedure. The importance sampling theory was used to ensure that the safety benefits of AVs are accurately assessed under accelerated tests. Crash, injury and conflict rates for a simulated AV are simulated to demonstrate the proposed approach. Results show that test duration is reduced by a factor of 300 to 100 000 compared with the non-accelerated (naturalistic) evaluation. In other words, the proposed techniques have great potential for accelerating the AV evaluation process."
W2885911069,10.1108/jicv-01-2018-0002,"Accelerated testing for automated vehicles safety evaluation in cut-in scenarios based on importance sampling, genetic algorithm and simulation applications",2018,Journal of Intelligent and Connected Vehicles,33,Trajectory-related,Novel Scenario Generation,0.5141,0.196,,False,seed,,"Purpose It would take billions of miles’ field road testing to demonstrate that the safety of automated vehicle is statistically significantly higher than the safety of human driving because that the accident of vehicle is rare event. Design/methodology/approach This paper proposes an accelerated testing method for automated vehicles safety evaluation based on improved importance sampling (IS) techniques. Taking the typical cut-in scenario as example, the proposed method extracts the critical variables of the scenario. Then, the distributions of critical variables are statistically fitted. The genetic algorithm is used to calculate the optimal IS parameters by solving an optimization problem. Considering the error of distribution fitting, the result is modified so that it can accurately reveal the safety benefits of automated vehicles in the real world. Findings Based on the naturalistic driving data in Shanghai, the proposed method is validated by simulation. The result shows that compared with the existing methods, the proposed method improves the test efficiency by 35 per cent, and the accuracy of accelerated test result is increased by 23 per cent. Originality/value This paper has three contributions. First, the genetic algorithm is used to calculate IS parameters, which improves the efficiency of test. Second, the result of test is modified by the error correction parameter, which improves the accuracy of test result. Third, typical high-risk cut-in scenarios in China are analyzed, and the proposed method is validated by simulation."
W4312199925,,Advancing investigation of automated vehicle crashes using text analytics of crash narratives and Bayesian analysis,2023,Accident Analysis {\&} Prevention,41,Trajectory-related,Probability Estimation,0.4221,0.068,,False,seed,,
W4402338905,,Anatomy of a Robotaxi Crash: Lessons from the Cruise Pedestrian Dragging Mishap,2023,,9,Trajectory-related,Surrogate Safety Metrics,0.354,0.0608,,False,seed,,
W2122646361,10.1145/1541880.1541882,Anomaly detection: A survey,2009,ACM Comput. Surv.,11048,Perception-related,Feature and Activation Extraction,0.3073,-0.0915,,False,seed,,"Anomaly detection is an important problem that has been researched within diverse research areas and application domains. Many anomaly detection techniques have been specifically developed for certain application domains, while others are more generic. This survey tries to provide a structured and comprehensive overview of the research on anomaly detection. We have grouped existing techniques into different categories based on the underlying approach adopted by each technique. For each category we have identified key assumptions, which are used by the techniques to differentiate between normal and anomalous behavior. When applying a given technique to a particular domain, these assumptions can be used as guidelines to assess the effectiveness of the technique in that domain. For each category, we provide a basic anomaly detection technique, and then show how the different existing techniques in that category are variants of the basic technique. This template provides an easier and more succinct understanding of the techniques belonging to each category. Further, for each category, we identify the advantages and disadvantages of the techniques in that category. We also provide a discussion on the computational complexity of the techniques since it is an important issue in real application domains. We hope that this survey will provide a better understanding of the different directions in which research has been done on this topic, and how techniques developed in one area can be applied in domains for which they were not intended to begin with."
W2739735772,10.1109/ivs.2017.7995782,Assessment of Automated Driving Systems using real-life scenarios,2017,"IEEE Intelligent Vehicles Symposium, Proceedings",107,Trajectory-related,Novel Scenario Generation,0.6477,0.2559,,False,seed,,"More and more Advanced Driver Assistance Systems (ADAS) are entering the market for improving both safety and comfort by assisting the driver with their driving task. An important aspect in developing future ADAS and Automated Driving Systems (ADS) is testing and validation. Validating the failure rate of an ADS requires so many operational hours that testing in real time is almost impossible. One way to reduce this test load is virtual testing or hardware in-the-loop testing. The major challenge is to create realistic test cases that closely resemble the situation on the road. We present a way to use data of naturalistic driving to generate test cases for Monte-Carlo simulations of ADS. Because real-life data is used, the assessment allows to draw conclusions on how the ADS would perform in real traffic. The method, developed in EU AdaptIVe, is demonstrated by testing an Adaptive Cruise Control (ACC) system in scenarios where the predecessor of the ego vehicle is braking. We show that the probability of the occurrence of unsafe situations with the ACC system can be accurately and efficiently determined."
W2891056855,10.1109/ivs.2018.8500374,Automatic Generation of Safety-Critical Test Scenarios for Collision Avoidance of Road Vehicles,2018,2018 IEEE Intelligent Vehicles Symposium (IV),135,Trajectory-related,Challenging the System Under Test,0.6677,0.3243,,False,seed,,"It is apparent that one cannot rely solely on physical test drives for ensuring the correct functionality of autonomous vehicles. Since physical test drives are costly and time consuming, it is advantageous to accompany them with computer simulations. However, since most traffic scenarios are not challenging, even simulations are often too time consuming. To address this issue, we present an approach that creates automatically critical driving situations, i.e., situations with a small solution space for avoiding a collision. Our approach combines reachability analysis for determining the size of the solution space with optimization techniques to shrink it. The solution space is reduced by shifting the initial states of traffic participants, demanding an immediate and correct action of the vehicle under test. We demonstrate our approach by automatically increasing the criticality of several initially uncritical situations recorded from real traffic."
W2509695072,10.1016/j.ifacol.2016.07.709,Comparing Collision Threat Measures for Verification of Autonomous Vehicles using Extreme Value Theory,2016,IFAC-PapersOnLine,22,Trajectory-related,Surrogate Safety Metrics,0.5866,0.2022,,False,seed,,"The verification of safety is expected to be one of the largest challenges in the commercialization of autonomous vehicles. Using traditional methods would require infeasible time and resources. Recent research has shown the possibility of using near-collisions in order to estimate the frequency of actual collisions using Extreme Value Theory. However, little research has been done on how the measure for determining the closeness to a collision affect the result of the estimation. This paper compares a collision-based measure against one that relates to an inevitable collision state. The result shows that using inevitable collision states is more robust and that more research needs to be made into measures of collision proximity."
W3179903080,,Corner case generation and analysis for safety assessment of autonomous vehicles,2021,Transportation research record,47,Trajectory-related,Challenging the System Under Test,0.66,0.2316,,False,seed,,"Testing and evaluation is a crucial step in the development and deployment of connected and automated vehicles (CAVs). To comprehensively evaluate the performance of CAVs, it is necessary to test the CAVs in safety-critical scenarios, which rarely happen in a naturalistic driving environment. Therefore, how to purposely and systematically generate these corner cases becomes an important problem. Most existing studies focus on generating adversarial examples for perception systems of CAVs, whereas limited efforts have been put into decision-making systems, which is the highlight of this paper. As the CAVs need to interact with numerous background vehicles (BVs) for a long duration, variables that define the corner cases are usually high-dimensional, which makes the generation a challenging problem. In this paper, a unified framework is proposed to generate corner cases for decision-making systems. To address the challenge brought by high dimensionality, the driving environment is formulated based on the Markov decision process, and the deep reinforcement learning techniques are applied to learn the behavior policy of BVs. With the learned policy, BVs behave and interact with the CAVs more aggressively, resulting in more corner cases. To further analyze the generated corner cases, the techniques of feature extraction and clustering are utilized. By selecting representative cases of each cluster and outliers, the valuable corner cases can be identified from all generated corner cases. Simulation results of a highway driving environment show that the proposed methods can effectively generate and identify the valuable corner cases."
W2593201274,,Crash data quality for road safety research: Current state and future directions,2019,Accident Analysis {\&} Prevention,191,Trajectory-related,Surrogate Safety Metrics,0.4851,0.2174,,False,seed,,
W7125637341,,Credible Autonomy Safety Argumentation,2019,,0,Trajectory-related,Challenging the System Under Test,0.5947,0.3148,,False,seed,,"A significant challenge to deploying mission- and safety-critical autonomous systems is the difficulty of creating a credible assurance argument. This paper collects lessons learned from having observed both credible and faulty assurance argumentation attempts, with a primary emphasis on autonomous ground vehicle safety cases. Various common argumentation approaches are described, including conformance to a non-autonomy safety standard, proven in use, field testing, simulation, and formal verification. Of particular note are argumentation faults and anti-patterns that have shown up in numerous safety cases that we have encountered. These observations can help both designers and auditors detect common mistakes in safety argumentation for autonomous systems"
W4385236720,10.1109/access.2023.3298875,Critical Scenario Identification Concept: The Role of the Scenario-in-the-Loop Approach in Future Automotive Testing,2023,IEEE Access,7,Trajectory-related,Novel Scenario Generation,0.6203,0.2514,,False,seed,,"Innovative testing and validation methods are prerequisites concerning Connected, Cooperative, and Automated Mobility (CCAM) as the high number of cooperating participants and concurrent processes critically increase the probability of adverse safety and security incidents. The proposed new approaches deal with this increasing complexity of not currently having generally accepted validation mechanisms. The paper introduces a novel, mathematical model based, scenario identification methodology, facilitating the selection of critical road vehicle traffic scenarios, taking into account different testing objectives, such as maximizing the safety risk of the analyzed system. The presented results verify that applying specific decision models and quantifiable indicators related to the system elements of highly automated mobility systems can significantly contribute to the systematic identification of unsafe corner cases in connected and cooperative autonomous systems."
W3124527002,10.1109/access.2021.3053159,Criticality Analysis for the Verification and Validation of Automated Vehicles,2021,IEEE Access,123,Trajectory-related,Challenging the System Under Test,0.6391,0.2462,,False,seed,,"The process of verification and validation of automated vehicles poses a multi-faceted challenge with far-reaching societal, economical and ethical consequences. In particular, fully automated vehicles at SAE Level 4 and 5 will be expected to operate safely in an arbitrarily complex, infinite-dimensional domain called open context. In order to give structure to the open context, we propose a methodical criticality analysis that maps an infinite-dimensional domain onto a finite and manageable set of artifacts that capture and explain the emergence of critical situations for automated vehicles. We propose a combined approach of expert-based and data-driven methods to identify relevant phenomena and explain the underlying causalities. Leveraging on abstraction, we define a clearly laid out process that converges towards a manageable set of artifacts based on two assumptions on the nature of traffic. A criticality analysis precedes the design phase of an automated vehicle and is therefore located outside the V-model. As the open context is analyzed independently of a concrete realization, it is relevant for any automated vehicle operating within that domain. Therefore, its results can subsequently be used to derive safety principles and mitigation mechanisms for automated driving and to set up a coherent safety argument for the homologation process."
W3190994148,10.1007/s11831-022-09788-7,Criticality Metrics for Automated Driving: A Review and Suitability Analysis of the State of the Art,2023,Archives of Computational Methods in Engineering,130,Trajectory-related,Surrogate Safety Metrics,0.616,0.2175,,False,seed,,"Abstract The large-scale deployment of automated vehicles on public roads has the potential to vastly change the transportation modalities of today’s society. Although this pursuit has been initiated decades ago, there still exist open challenges in reliably ensuring that such vehicles operate safely in open contexts. While functional safety is a well-established concept, the question of measuring the behavioral safety of a vehicle remains subject to research. One way to both objectively and computationally analyze traffic conflicts is the development and utilization of so-called criticality metrics. Contemporary approaches have leveraged the potential of criticality metrics in various applications related to automated driving, e.g. for computationally assessing the dynamic risk or filtering large data sets to build scenario catalogs. As a prerequisite to systematically choose adequate criticality metrics for such applications, we extensively review the state of the art of criticality metrics, their properties, and their applications in the context of automated driving. Based on this review, we propose a suitability analysis as a methodical tool to be used by practitioners. Both the proposed method and the state of the art review can then be harnessed to select well-suited measurement tools that cover an application’s requirements, as demonstrated by an exemplary execution of the analysis. Ultimately, efficient, valid, and reliable measurements of an automated vehicle’s safety performance are a key requirement for demonstrating its trustworthiness."
W4366503832,10.1109/access.2023.3268703,Cut-Out Scenario Generation With Reasonability Foreseeable Parameter Range From Real Highway Dataset for Autonomous Vehicle Assessment,2023,IEEE Access,25,Trajectory-related,Novel Scenario Generation,0.587,0.1783,,False,seed,,"This study aims to generate test cases for scenario-based assessment of automated driving systems (ADS) when encountering a cut-out maneuver where the lead vehicle having changed lanes, revealing a new lead vehicle that, in some cases, is slower than the original lead (the cutting-out) vehicle. We extracted the cut-out scenarios from an established real-world traffic dataset recorded by instrumented vehicles on Japanese highways and then defined using vehicle kinematic parameters (velocities and distances). The extracted scenarios were analyzed based on the direct correlation between every two consecutive vehicles: a rear part that describes the correlation between the following vehicle and the cutting-out vehicles; and a frontal part that describes the correlation between the cutting-out vehicle and the preceding vehicle. Parameter ranges were quantified with a regression model and determined based on the risk acceptance threshold applied in the field of Japanese high-speed trains and annual exposure by professional highway drivers to produce a scenario space with a reasonably foreseeable range in which ADS may not produce crashes lest it performs worse than human drivers. A multi-dimensional distribution analytical approach was used to derive a correlation between the following vehicle and the preceding vehicle considering the initial longitudinal velocities. Results suggest that there should be no risk of a collision between the following vehicle and the preceding vehicle when the time headway between the following vehicle and the cutting-out vehicle is equal to or more than 2 s. These findings can help to understand normative driver behavior during cut-out scenarios and to generate accident-free scenario space for which ADS must perform flawlessly."
W3040266635,10.1145/3439950,Deep Learning for Anomaly Detection: A Review,2021,ACM Computing Surveys,2430,Perception-related,Feature and Activation Extraction,0.5498,0.2512,,False,seed,,"Anomaly detection, a.k.a. outlier detection or novelty detection, has been a lasting yet active research area in various research communities for several decades. There are still some unique problem complexities and challenges that require advanced approaches. In recent years, deep learning enabled anomaly detection, i.e., deep anomaly detection , has emerged as a critical direction. This article surveys the research of deep anomaly detection with a comprehensive taxonomy, covering advancements in 3 high-level categories and 11 fine-grained categories of the methods. We review their key intuitions, objective functions, underlying assumptions, advantages, and disadvantages and discuss how they address the aforementioned challenges. We further discuss a set of possible future opportunities and new perspectives on addressing the challenges."
W2753704268,,Deeptest: Automated testing of deep-neural-network-driven autonomous cars,2018,Proceedings of the 40th international conference on software engineering,221,Trajectory-related,Challenging the System Under Test,0.5615,0.1993,,False,seed,,"Recent advances in Deep Neural Networks (DNNs) have led to the development of DNN-driven autonomous cars that, using sensors like camera, LiDAR, etc., can drive without any human intervention. Most major manufacturers including Tesla, GM, Ford, BMW, and Waymo/Google are working on building and testing different types of autonomous vehicles. The lawmakers of several US states including California, Texas, and New York have passed new legislation to fast-track the process of testing and deployment of autonomous vehicles on their roads. However, despite their spectacular progress, DNNs, just like traditional software, often demonstrate incorrect or unexpected corner case behaviors that can lead to potentially fatal collisions. Several such real-world accidents involving autonomous cars have already happened including one which resulted in a fatality. Most existing testing techniques for DNN-driven vehicles are heavily dependent on the manual collection of test data under different driving conditions which become prohibitively expensive as the number of test conditions increases. In this paper, we design, implement and evaluate DeepTest, a systematic testing tool for automatically detecting erroneous behaviors of DNN-driven vehicles that can potentially lead to fatal crashes. First, our tool is designed to automatically generated test cases leveraging real-world changes in driving conditions like rain, fog, lighting conditions, etc. DeepTest systematically explores different parts of the DNN logic by generating test inputs that maximize the numbers of activated neurons. DeepTest found thousands of erroneous behaviors under different realistic driving conditions (e.g., blurring, rain, fog, etc.) many of which lead to potentially fatal crashes in three top performing DNNs in the Udacity self-driving car challenge."
W3011630888,10.1080/1463922x.2020.1736686,Defining interactions: a conceptual framework for understanding interactive behaviour in human and automated road traffic,2020,Theoretical Issues in Ergonomics Science,219,Trajectory-related,Novel Scenario Generation,0.5103,0.1082,,False,seed,,"Rapid advances in technology for highly automated vehicles (HAVs) have raised concerns about coexistence of HAVs and human road users. Although there is a long tradition of research into human road user interactions, there is a lack of shared models and terminology to support cross-disciplinary research and development towards safe and acceptable interaction-capable HAVs. Here, we review the main themes and findings in previous theoretical and empirical interaction research, and find large variability in perspectives and terminologies. We unify these perspectives in a structured, cross-theoretical conceptual framework, describing what road traffic interactions are, how they arise, and how they get resolved. Two key contributions are: (1) a stringent definition of “interaction”, as “a situation where the behaviour of at least two road users can be interpreted as being influenced by the possibility that they are both intending to occupy the same region of space at the same time in the near future”, and (2) a taxonomy of the types of behaviours that road users exhibit in interactions. We hope that this conceptual framework will be useful in the development of improved empirical methodology, theoretical models, and technical requirements on vehicle automation."
W4225524751,10.1109/access.2022.3162601,Defining Reasonably Foreseeable Parameter Ranges Using Real-World Traffic Data for Scenario-Based Safety Assessment of Automated Vehicles,2022,IEEE Access,33,Trajectory-related,Novel Scenario Generation,0.6583,0.3421,,False,seed,,"Verification and validation of automated driving systems’ safety are some of the biggest challenges for the introduction of automated vehicles into the market. Scenario-based safety assessment is an efficient and repeatable method to test the systems’ safety before their deployment in the real world. However, even with limited traffic situations identified as critical to the system behavior, there is still an open range of parameters to describe each situation. Thus, defining specific parameter ranges is crucial to realize the scenario-based safety assessment approach. This study proposes a method to parameterize scenarios extracted from real-world traffic data, analyze their distribution and correlation, and incorporate them into the definition of reasonably foreseeable parameter ranges through the contextualization of resulting ranges with reasonable risk acceptance thresholds from different fields and international environments. Representative values can be selected from these specific parameter ranges to extract specific concrete scenarios applicable for the systems safety assessment. The applicability of the proposed method is demonstrated using parameter ranges obtained to define two sets of 960 cut-in and 6,442 deceleration scenarios extracted from a new set of traffic data collected from Japanese highways under the SAKURA initiative. The outcomes will enable comparisons with traffic data from other countries and inform automated driving system developers, standardization bodies, and policymakers to develop automated vehicle safety assessments applicable internationally."
W3201551811,,Description of Corner Cases in Automated Driving: Goals and Challenges,2021,,2,Trajectory-related,Machine Learning (trajectory),0.5691,-0.029,,False,seed,,"Scaling the distribution of automated vehicles requires handling various unexpected and possibly dangerous situations, termed corner cases (CC). Since many modules of automated driving systems are based on machine learning (ML), CC are an essential part of the data for their development. However, there is only a limited amount of CC data in large-scale data collections, which makes them challenging in the context of ML. With a better understanding of CC, offline applications, e.g., dataset analysis, and online methods, e.g., improved performance of automated driving systems, can be improved. While there are knowledge-based descriptions and taxonomies for CC, there is little research on machine-interpretable descriptions. In this extended abstract, we will give a brief overview of the challenges and goals of such a description."
W3009270788,10.1109/itsc45102.2020.9294590,Efficient statistical validation with edge cases to evaluate Highly Automated Vehicles,2020,IEEE 23rd International Conference on Intelligent Transportation Systems (ITSC),2,Trajectory-related,Challenging the System Under Test,0.6525,0.2663,,False,seed,,"The widescale deployment of Autonomous Vehicles (AV) seems to be imminent despite many safety challenges that are yet to be resolved. It is well known that there are no universally agreed Verification and Validation (VV) methodologies to guarantee absolute safety, which is crucial for the acceptance of this technology. Existing standards focus on deterministic processes where the validation requires only a set of test cases that cover the requirements. Modern autonomous vehicles will undoubtedly include machine learning and probabilistic techniques that require a much more comprehensive testing regime due to the non-deterministic nature of the operating design domain. A rigourous statistical validation process is an essential component required to address this challenge. Most research in this area focuses on evaluating system performance in large scale real-world data gathering exercises (number of miles travelled), or randomised test scenarios in simulation. This paper presents a new approach to compute the statistical characteristics of a system's behaviour by biasing automatically generated test cases towards the worst case scenarios, identifying potential unsafe edge cases. We use reinforcement learning (RL) to learn the behaviours of simulated actors that cause unsafe behaviour measured by the well established RSS safety metric. We demonstrate that by using the method we can more efficiently validate a system using a smaller number of test cases by focusing the simulation towards the worst case scenario, generating edge cases that correspond to unsafe situations."
W3047056580,10.1109/tits.2020.2975043,End-to-End Autonomous Driving Risk Analysis: A Behavioural Anomaly Detection Approach,2021,IEEE Transactions on Intelligent Transportation Systems,67,Trajectory-related,Challenging the System Under Test,0.5636,0.1308,,False,seed,,"Autonomous vehicles (AV) have advanced considerably over the past decade and their potential to reduce road accidents is without equal. That said, the evolution towards fully automated driving will be accompanied by new and unfamiliar risks. The deployment of AVs hinges on the premise that they are considerably safer than human drivers. However, the ability of manufacturers, insurers and regulators to quantifiably demonstrate this risk reduction, relative to humans, presents a major barrier. Based on accident rates, it will likely take hundreds of millions of autonomous miles to derive statistically meaningful results. This paper addresses this issue and proposes a novel means of quantifying AV accident risks by benchmarking against a more familiar and quantifiable risk - Human Behaviour. This method is used to proactively quantify AV safety relative to human drivers. Currently, anomalous driving behaviour stems from human susceptibilities such as fatigue or aggression. We exploit this observation and explore AV driving behaviour where driving anomalies are symptoms of technology errors. The comparative behaviours of AV and safe human driving can be used to measure AV accident risk. An end-to-end model AV is simulated using Convolutional Neural Networks (CNN) to compare human and AV driving behaviours. Using a machine learning technique called Gaussian Processes (GP), contextual driving anomalies are detected, the frequency and severity of which are used to derive a risk score. This paper offers a starting point for addressing the challenges surrounding AV risk modelling."
W2793777246,10.1016/j.aap.2018.01.008,Estimating the expected number of crashes with traffic conflicts and the Lomax Distribution – A theoretical and numerical exploration,2018,Accident Analysis {\&} Prevention,116,Trajectory-related,Surrogate Safety Metrics,0.5557,0.292,,False,seed,,
W4225349279,10.1109/tse.2022.3170122,Finding Critical Scenarios for Automated Driving Systems: A Systematic Mapping Study,2022,IEEE Transactions on Software Engineering,146,Trajectory-related,Novel Scenario Generation,0.7318,0.3073,,False,seed,,"Scenario-based approaches have been receiving a huge amount of attention in research and engineering of automated driving systems. Due to the complexity and uncertainty of the driving environment, and the complexity of the driving task itself, the number of possible driving scenarios that an Automated Driving System or Advanced Driving-Assistance System may encounter is virtually infinite. Therefore it is essential to be able to reason about the identification of scenarios and in particular critical ones that may impose unacceptable risk if not considered. Critical scenarios are particularly important to support design, verification and validation efforts, and as a basis for a safety case. In this paper, we present the results of a systematic mapping study in the context of autonomous driving. The main contributions are: (i) introducing a comprehensive taxonomy for critical scenario identification methods; (ii) giving an overview of the state-of-the-art research based on the taxonomy encompassing 86 papers between 2017 and 2020; and (iii) identifying open issues and directions for further research. The provided taxonomy comprises three main perspectives encompassing the problem definition (the why), the solution (the methods to derive scenarios), and the assessment of the established scenarios. In addition, we discuss open research issues considering the perspectives of coverage, practicability, and scenario space explosion."
W2968176166,10.1109/icra.2019.8793740,Generating Adversarial Driving Scenarios in High-Fidelity Simulators,2019,2019 International Conference on Robotics and Automation (ICRA),124,Trajectory-related,Challenging the System Under Test,0.681,0.2514,,False,seed,,"In recent years self-driving vehicles have become more commonplace on public roads, with the promise of bringing safety and efficiency to modern transportation systems. Increasing the reliability of these vehicles on the road requires an extensive suite of software tests, ideally performed on high-fidelity simulators, where multiple vehicles and pedestrians interact with the self-driving vehicle. It is therefore of critical importance to ensure that self-driving software is assessed against a wide range of challenging simulated driving scenarios. The state of the art in driving scenario generation, as adopted by some of the front-runners of the self-driving car industry, still relies on human input [1]. In this paper we propose to automate the process using Bayesian optimization to generate adversarial self-driving scenarios that expose poorly-engineered or poorly-trained self-driving policies, and increase the risk of collision with simulated pedestrians and vehicles. We show that by incorporating the generated scenarios into the training set of the self-driving policy, and by fine-tuning the policy using vision-based imitation learning we obtain safer self-driving behavior."
W3012383032,10.1016/j.trpro.2020.03.057,Human factors contributing to the road traffic accident occurrence,2020,Transportation Research Procedia,272,Trajectory-related,Surrogate Safety Metrics,0.4735,0.2385,,False,seed,,"Analysis of accident causation does not allow to clearly determine the influence of one specific cause. Traffic accident has been a result of many interacting factors. Most of accident causes classification systems have been focused on the errors and actions of the participant that immediately led to the conflict (eg. not giving a way). The actual reasons why the driver failure occurred are not taken into account. The aim of this study has been the analysis of human behavior or condition which can lead to the accident or influenced the accident causation. For the purpose of this study, the most often factors contributing to the traffic accidents occurrence of selected risk groups has been analyzed - eg. young drivers, seniors, risky drivers. For the data analysis, data from the research project Czech In-depth Accident Study (CzIDAS) has been used. The in-depth accident investigation teams document all relevant information on the traffic environment, vehicles, and human factors, at the scene immediately after the occurrence of a traffic accident. The investigation includes an individual interview by a psychologist with traffic accident participants, focused on all relevant information related to causes, actual mental and physical condition of a participant, driving habits and practice, and basic and sociodemographic information about the participant."
W3083765321,,Identification and Quantification of Hazardous Scenarios for Automated Driving,2020,,73,Trajectory-related,Novel Scenario Generation,0.615,0.1234,,False,seed,,
W3081230136,10.1109/ever48776.2020.9242539,Identification of Challenging Highway-Scenarios for the Safety Validation of Automated Vehicles Based on Real Driving Data,2020,2020 Fifteenth International Conference on Ecological Vehicles and Renewable Energies (EVER),2,Trajectory-related,Novel Scenario Generation,0.6682,0.2446,,False,seed,,"For a successful market launch of automated vehicles (AVs), proof of their safety is essential. Due to the open parameter space, an infinite number of traffic situations can occur, which makes the proof of safety an unsolved problem. With the so-called scenario-based approach, all relevant test scenarios must be identified. This paper introduces an approach that finds particularly challenging scenarios from real driving data (RDD) and assesses their difficulty using a novel metric. Starting from the highD data, scenarios are extracted using a hierarchical clustering approach and then assigned to one of nine pre-defined functional scenarios using rule-based classification. The special feature of the subsequent evaluation of the concrete scenarios is that it is independent of the performance of the test vehicle and therefore valid for all AVs. Previous evaluation metrics are often based on the criticality of the scenario, which is, however, dependent on the behavior of the test vehicle and is therefore only conditionally suitable for finding ""good"" test cases in advance. The results show that with this new approach a reduced number of particularly challenging test scenarios can be derived."
W3198843179,10.14778/3476249.3476269,Lancet: Labeling complex data at scale,2021,Proceedings of the VLDB Endowment,9,Perception-related,Foundation Model and Adaptive Learning,0.3979,0.0893,,False,seed,,"Cutting-edge machine learning techniques often require millions of labeled data objects to train a robust model. Because relying on humans to supply such a huge number of labels is rarely practical, automated methods for label generation are needed. Unfortunately, critical challenges in auto-labeling remain unsolved, including the following research questions: (1) which objects to ask humans to label, (2) how to automatically propagate labels to other objects, and (3) when to stop labeling. These three questions are not only each challenging in their own right, but they also correspond to tightly interdependent problems. Yet existing techniques provide at best isolated solutions to a subset of these challenges. In this work, we propose the first approach, called LANCET, that successfully addresses all three challenges in an integrated framework. LANCET is based on a theoretical foundation characterizing the properties that the labeled dataset must satisfy to train an effective prediction model, namely the Covariate-shift and the Continuity conditions. First, guided by the Covariate-shift condition, LANCET maps raw input data into a semantic feature space, where an unlabeled object is expected to share the same label with its near-by labeled neighbor. Next, guided by the Continuity condition, LANCET selects objects for labeling, aiming to ensure that unlabeled objects always have some sufficiently close labeled neighbors. These two strategies jointly maximize the accuracy of the automatically produced labels and the prediction accuracy of the machine learning models trained on these labels. Lastly, LANCET uses a distribution matching network to verify whether both the Covariate-shift and Continuity conditions hold, in which case it would be safe to terminate the labeling process. Our experiments on diverse public data sets demonstrate that LANCET consistently outperforms the state-of-the-art methods from Snuba to GOGGLES and other baselines by a large margin - up to 30 percentage points increase in accuracy."
W4375858314,10.1155/2023/1349269,Leveraging the GIDAS Database for the Criticality Analysis of Automated Driving Systems,2023,Journal of Advanced Transportation,18,Trajectory-related,Probability Estimation,0.5667,0.2082,,False,seed,,"A safe introduction of automated driving systems on urban roads requires a thorough understanding of the traffic conflicts and accidents. This understanding is paramount to constructively safeguard these systems, i.e., to design a system that exhibits an adequate performance even in critical situations. In this work, we present an approach to gather knowledge by analyzing the German In-Depth Accident Study (GIDAS) database, which is representative of all German traffic accidents, along with the influencing factors that are hypothesized to be associated with increased criticality in relation to automated driving. In order to gain an insight into the risk associated with these factors in real-world accidents, we determine their presence in the database’s accident cases within a selected operational domain, enabled by translation from a natural language description to the database scheme employed by GIDAS. This initial catalog as well as the subsequent statistical considerations is motivated by analyzing the criticality for automated driving systems in urban areas. Based on this catalog, our work delineates a method for quantification of risk associated with such influencing factors in a given operational domain based on real-world accident data. This quantification can subsequently be used in decompositional, scenario-based risk assessment before system design and for the embedding safety argumentation. This paper, therefore, provides a blueprint of how the matured field of traffic accident research studies and its results, in particular accident databases, can be leveraged for risk assessment of the operational domain of automated driving systems."
W3082123856,,Method for Quantitative Evaluation of Traffic Complexity on the Highway,2020,,1,Trajectory-related,Novel Scenario Generation,0.5296,0.1331,,False,seed,,"As a traditional industry, the automobile industry nowadays is facing a lot of new challenges, which appear with the development of telecommunication technology, global climate change, change of consumers’ demand and attitudes, etc. New development trends caused by the influence of these factors are summarized with an acronym ‘C.A.S.E.’, indicating Connectivity, Autonomous, Sharing and Electrification. Among them the trend Autonomous Driving has earned the most attraction. Before a vehicle with automated functions can be launched in the market, large number of tests need to be executed to ensure the performance of these functions in the real-world traffic. There are several principles to generate scenarios for testing, for instance, based on comprehension and based on real-world traffic data. The metric developed in this work is based on the real-world data. However, since the scenarios from real-world traffic can be countless, it is necessary to find out the most representative test cases to make the testing process more effective, efficient and affordable. This work develops a method, which evaluates the traffic situation for automated vehicles on the highway quantitatively and the quantified result will be used as a measurement for degree of complexity of the scenario from the perspective of ego-vehicle. The larger the result is, the more complex is the evaluated scenario. Thus, scenarios with high degrees of complexity can be extracted and used as test scenarios."
,,MIT DriveSeg (Semi-auto) Dataset: Large-scale Semi-automated Annotation of Semantic Driving Scenes,,,,Trajectory-related,Novel Scenario Generation,0.4375,0.0937,,False,seed,,
W3097420321,10.1016/j.amar.2020.100142,Modeling traffic conflicts for use in road safety analysis: A review of analytic methods and future directions,2021,Analytic Methods in Accident Research,322,Trajectory-related,Surrogate Safety Metrics,0.6522,0.3862,,False,seed,,
W2240306106,,Near Miss Determination Through Use of a Scale of Danger,1972,,712,Trajectory-related,Surrogate Safety Metrics,0.6142,0.3264,,False,seed,,"NEAR-MISS TRAFFIC EVENTS HAVE BEEN CONSIDERED BUT NOT ADOPTED AS A TRAFFIC SAFETY TOOL BECAUSE OF THE HIGH DEGREE OF SUBJECTIVITY INVOLED WITH THEIR IDENTIFICATION. A SCALE OF DANGER MAY BE APPLIED TO A TRAFFIC EVENT TO FACILITATE OBJECTIVE MEASUREMENT AND SUBSEQUENT DETECTION OF NEAR-MISS SITUATIONS. THE UNIT PROPOSED HERE FOR THIS DANGER SCALE IS THE TIME MEASURED UNTIL COLLISION BETWEEN TWO VEHICLES INVOLVED IN THE UNSAFE EVENT. THIS MEASURE, COMPUTED FROM FILMS TAKEN WITH THE TRAFFIC SENSING AND SURVEILLANCE SYSTEM OF THE FEDERAL HIGHWAY ADMINISTRATION AT AN URBAN INTERSECTION, IS AN ADEQUATE UNIT TO RATE THE DANGER OF ALMOST ANY TRAFFIC EVENT. IT MAY BE USED TO STANDARDIZE HUMAN OBSERVER JUDGEMENT OF DANGEROUS MANEUVERS AND, THEREFORE, MAKE NEAR-MISS MONITORING A VIABLE ALTERNATIVE TO TRAFFIC SAFETY DETERMINATION. /AUTHOR/"
W2558481215,10.1007/s13042-016-0618-8,Novelty detection with CANDIES: a holistic technique based on probabilistic models,2018,International Journal of Machine Learning and Cybernetics,17,Perception-related,Feature and Activation Extraction,0.3989,0.1572,,False,seed,,
,10.1007/978-3-031-25072-9_29/figures/5,One Ontology to Rule Them All: Corner Case Scenarios for Autonomous Driving,2023,Lecture Notes in Computer Science (including subseries Lecture Notes in Artificial Intelligence and Lecture Notes in Bioinformatics),,Knowledge-driven,Influencing Factors,0.5895,0.1736,,False,seed,,
W2167225252,10.1109/tpami.2013.172,Online Learning and Sequential Anomaly Detection in Trajectories,2014,IEEE Transactions on Pattern Analysis and Machine Intelligence,194,Trajectory-related,Machine Learning (trajectory),0.4314,0.1178,,False,seed,,"Detection of anomalous trajectories is an important problem in the surveillance domain. Various algorithms based on learning of normal trajectory patterns have been proposed for this problem. Yet, these algorithms typically suffer from one or more limitations: They are not designed for sequential analysis of incomplete trajectories or online learning based on an incrementally updated training set. Moreover, they typically involve tuning of many parameters, including ad-hoc anomaly thresholds, and may therefore suffer from overfitting and poorly-calibrated alarm rates. In this article, we propose and investigate the Sequential Hausdorff Nearest-Neighbor Conformal Anomaly Detector (SHNN-CAD) for online learning and sequential anomaly detection in trajectories. This is a parameter-light algorithm that offers a well-founded approach to the calibration of the anomaly threshold. The discords algorithm, originally proposed by Keogh et al. , is another parameter-light anomaly detection algorithm that has previously been shown to have good classification performance on a wide range of time-series datasets, including trajectory data. We implement and investigate the performance of SHNN-CAD and the discords algorithm on four different labeled trajectory datasets. The results show that SHNN-CAD achieves competitive classification performance with minimum parameter tuning during unsupervised online learning and sequential anomaly detection in trajectories."
W2606516936,,Ontology based Scene Creation for the Development of Automated Vehicles,2017,,9,Knowledge-driven,Influencing Factors,0.585,0.2806,,False,seed,,"The introduction of automated vehicles without permanent human supervision demands a functional system description, including functional system boundaries and a comprehensive safety analysis. These inputs to the technical development can be identified and analyzed by a scenario-based approach. Furthermore, to establish an economical test and release process, a large number of scenarios must be identified to obtain meaningful test results. Experts are doing well to identify scenarios that are difficult to handle or unlikely to happen. However, experts are unlikely to identify all scenarios possible based on the knowledge they have on hand. Expert knowledge modeled for computer aided processing may help for the purpose of providing a wide range of scenarios. This contribution reviews ontologies as knowledge-based systems in the field of automated vehicles, and proposes a generation of traffic scenes in natural language as a basis for a scenario creation."
W2076251539,10.1016/j.aap.2011.05.001,Outline for a causal model of traffic conflicts and crashes,2011,Accident Analysis {\&} Prevention,140,Trajectory-related,Surrogate Safety Metrics,0.6066,0.3214,,False,seed,,
W2963856336,10.1177/0361198119862629,Prediction of Near-Crashes from Observed Vehicle Kinematics using Machine Learning,2019,Transportation Research Record,64,Trajectory-related,Probability Estimation,0.4043,-0.0847,,False,seed,,"This study introduces a machine learning model for near-crash prediction from observed vehicle kinematics data. The main hypothesis is that vehicles tend to experience discernible turbulence in their kinematics shortly before involvement in near-crashes. To test this hypothesis, the SHRP2 NDS vehicle kinematics data (speed, longitudinal acceleration, lateral acceleration, yaw rate, and pedal position) are utilized. Several machine learning algorithms are trained and comparatively analyzed including K nearest neighbor (KNN), random forest, support vector machine (SVM), decision trees, Gaussian naïve Bayes (Gaussian NB), and adaptive boost (AdaBoost). Sensitivity analysis is performed to determine the optimal prediction horizon length (the time period before the occurrence of a near-crash) and the turbulence horizon length (the time period during which near-crash related changes in vehicle kinematics take place). The results indicate that optimal prediction performance can be achieved at a 1 s prediction horizons and a 3 s turbulence horizon. At these values, the AdaBoost model outperforms all other models in relation to its recall (100%), precision (98%), and F1-score (99%). These values imply that the near-crash prediction model is highly efficient in predicting most instances of near-crashes with minimal false near-crash predictions. This promising prediction performance offers a viable tool for supporting crash avoidance systems in the emerging connected/autonomous vehicle technology."
W2990364579,10.1109/itsc.2019.8917375,Rapidly-exploring Random Trees for Testing Automated Vehicles,2019,"2019 IEEE Intelligent Transportation Systems Conference, ITSC 2019",53,Trajectory-related,Challenging the System Under Test,0.7077,0.2897,,False,seed,,"One of the expectations from fully or partially automated vehicles is to never cause an accident and actively avoid dangerous situations. However, an automated vehicle may not be able to avoid all collisions, e.g., collisions caused by other vehicles. Hence, it is important for the system developers to understand the boundary case scenarios where an autonomous vehicle can no longer avoid a collision. In this paper, an automated test generation approach that utilizes Rapidly-exploring Random Trees is presented to explore these boundary scenarios. An important advantage of the approach is the openness of the test scenarios: one can set the road geometry and the number of adversarial objects and let the system search for interesting trajectories and environment parameters. A cost function is proposed which guides the test generation toward almost-avoidable collisions or near-misses."
W3114705373,10.1109/itsc45102.2020.9294503,Scalable Generation of Statistical Evidence for the Safety of Automated Vehicles by the Use of Importance Sampling,2020,2020 IEEE 23rd International Conference on Intelligent Transportation Systems (ITSC),8,Trajectory-related,Probability Estimation,0.603,0.2246,,False,seed,,"Simulation-based validation methods exhibit properties which should allow them to contribute to the release of highly automated driving functions (HADF). Monte-Carlo (MC) simulations make it possible to generate statistical statements about a HADF. However, the fact that accidents happen very rarely in the real world can strongly enlarge the number of MC simulation runs which are needed to obtain statistically stable results. In the past, importance sampling (IS) was used to reduce these simulation costs. This paper considers some of the still existent limitations of IS: The definition of proper safety metrics needed to find good IS distributions and the application of IS to high dimensional parameter spaces. The approach in this paper was able to reduce an IS optimization of 2700 dimensions to 17 optimizations of 9 dimensions. The number of MC runs could be reduced by a factor of 350."
W4320031288,10.1109/ssci51031.2022.10022241,"Space, Time, and Interaction: A Taxonomy of Corner Cases in Trajectory Datasets for Automated Driving",2022,IEEE Symposium Series on Computational Intelligence (SSCI),8,Trajectory-related,Machine Learning (trajectory),0.6008,0.1197,,False,seed,,"Trajectory data analysis is an essential component for highly automated driving. Complex models developed with these data predict other road users' movement and behavior patterns. Based on these predictions - and additional contextual information such as the course of the road, (traffic) rules, and interaction with other road users - the highly automated vehicle (HAV) must be able to reliably and safely perform the task assigned to it, e.g., moving from point A to B. Ideally, the HAV moves safely through its environment, just as we would expect a human driver to do. However, if unusual trajectories occur, so-called trajectory corner cases, a human driver can usually cope well, but an HAV can quickly get into trouble. In the definition of trajectory corner cases, which we provide in this work, we will consider the relevance of unusual trajectories with respect to the task at hand. Based on this, we will also present a taxonomy of different trajectory corner cases. The categorization of corner cases into the taxonomy will be shown with examples and is done by cause and required data sources. To illustrate the complexity between the machine learning (ML) model and the corner case cause, we present a general processing chain underlying the taxonomy."
,,Towards corner case identification in cyclists’ trajectories,2019,CSCS’19: COMPUTER SCIENCE IN CARS SYMPOSIUM,,Perception-related,Other Perception Methods,0.5435,0.2139,,False,seed,,
W2897756887,10.1109/ivs.2018.8500669,Traffic Sensory Data Classification by Quantifying Scenario Complexity,2018,2018 IEEE Intelligent Vehicles Symposium (IV),49,Trajectory-related,Surrogate Safety Metrics,0.4732,0.0408,,False,seed,,"For unmanned ground vehicle (UGV) off-line testing and performance evaluation, massive amount of traffic scenario data is often required. The annotations in current off-line traffic sensory dataset typically include I) types of roadways II) scene types III) specific characteristics that are generally considered challenging for cognitive algorithms. While such annotations are helpful in manual selection of data, they are insufficient for comprehensive and quantitate measurement of per-roadway-segment scenario complexity. To resolve such limitations, we propose a traffic sensory data classification paradigm based on quantifying the scenario complexity for each roadway segment, where such quantification is jointly based on road semantic complexity and traffic element complexity. The road semantic complexity is a proposed measurement of the complexity incurred by the static elements such as curvy roads, intersections, merges and splits, which is predicted with a Support Vector Regression (SVR). The traffic element complexity is a measurement of complexity due to dynamic traffic elements, such as nearby vehicles and pedestrians. Experimental results and a case study verify the efficacy of the proposed method."
,,UN Regulation No 157 – Uniform provisions concerning the approval of vehicles with regards to Automated Lane Keeping Systems [2021/389],2021,,,Trajectory-related,Surrogate Safety Metrics,0.2228,-0.0785,,False,seed,,
W2901436714,10.1109/issrew.2018.00-20,Using Ontologies for Test Suites Generation for Automated and Autonomous Driving Functions,2018,"Proceedings - 29th IEEE International Symposium on Software Reliability Engineering Workshops, ISSREW 2018",63,Trajectory-related,Novel Scenario Generation,0.587,0.3597,,False,seed,,"In this paper, we outline a general automated testing approach to be applied for verification and validation of automated and autonomous driving functions. The approach makes use of ontologies of environment the system under test is interacting with. Ontologies are automatically converted into input models for combinatorial testing, which are used to generate test cases. The obtained abstract test cases are used to generate concrete test scenarios that provide the basis for simulation used to verify the functionality of the system under test. We discuss the general approach including its potential for automation in the automotive domain where there is growing need for sophisticated verification based on simulation in case of automated and autonomous vehicles."
W4285113095,,Using Ontologies for the Formalization and Recognition of Criticality for Automated Driving,2022,,42,Knowledge-driven,Formalisation of Description,0.5591,0.2634,,False,seed,,"Knowledge representation and reasoning has a long history of examining how knowledge can be formalized, interpreted, and semantically analyzed by machines. In the area of automated vehicles, recent advances suggest the ability to formalize and leverage relevant knowledge as a key enabler in handling the inherently open and complex context of the traffic world. This paper demonstrates ontologies to be a powerful tool for a) modeling and formalization of and b) reasoning about factors associated with criticality in the environment of automated vehicles. For this, we leverage the well-known 6-Layer Model to create a formal representation of the environmental context. Within this representation, an ontology models domain knowledge as logical axioms, enabling deduction on the presence of critical factors within traffic scenarios. For executing automated analyses, a joint description logic and rule reasoner is used in combination with an a-priori predicate augmentation. We elaborate on the modular approach, present a publicly available implementation, and exemplarily evaluate the method by means of a large-scale drone data set of urban traffic scenarios."
W4289792821,10.1109/tiv.2022.3196396,Verification and Validation Methods for Decision-Making and Planning of Automated Vehicles: A Review,2022,IEEE Transactions on Intelligent Vehicles,83,Trajectory-related,Novel Scenario Generation,0.5684,0.3012,,False,seed,,"Verification and validation (V&V) hold a significant position in the research and development of automated vehicles (AVs). Current literature indicates that different V&V techniques have been implemented in the decision-making and planning (DMP) system to improve AVs' safety, comfort, and energy optimization. This paper aims to review a range of different V&V approaches for the DMP system of AVs and divides these approaches into three distinct categories: scenario-based testing, fault injection testing, and formal verification. Further, scenario-based testing is categorized into fundamental and advanced approaches based on the interaction between road users in generated scenarios. In this paper, six criteria are proposed to compare and evaluate the characteristics of V&V approaches, which could help researchers gain insight into the benefits and limitations of the reviewed approaches and assist with approach choices. Next, the DMP system is broken down into a hierarchy of modules, and the functional requirements of each module are deduced. The suitable approaches are matched to verify and validate each module aiming at their different functional requirements. Finally, the current challenges and future research directions are concluded."
W4220753316,10.4271/2022-01-0841,Virtual Verification of Decision Making and Motion Planning Functionalities for Automated Vehicles in Urban Edge Case Scenarios,2022,SAE International Journal of Advances and Current Practices in Mobility,6,Trajectory-related,Novel Scenario Generation,0.5627,0.1737,,False,seed,,"&lt;div class=""section abstract""&gt;&lt;div class=""htmlview paragraph""&gt;Despite recent advancements in Automated Driving Systems (ADS), the deployment of such systems in dense urban environments still faces a challenging problem: in comparison to motorway or rural driving, urban environments contain a significantly greater number of traffic participants. This makes it difficult to verify the Safety Of The Intended Functionality (SOTIF) across the entire Operational Design Domain (ODD). One approach to solve this problem is to virtually evaluate and verify the safety of the ADS using simulation tools. Whereas traditionally simulated verification has attempted to replicate normal driving conditions, it is possible to achieve superior safety performance by exposing the ADS to more high-risk scenarios than it would otherwise see in the real world. This paper presents the virtual verification process for decision making and motion planning functionalities in urban high-risk edge case scenarios. At the outset of this study a novel data-driven methodology is used to define numerous urban driving edge cases based on real-world road traffic collisions and near-misses, rather than merely everyday driving. These edge cases are then translated into driving scenarios based on the OpenSCENARIO 1.0 standard and then simulated in batches using the open-source CARLA simulator. The simulator is connected to a decision making and motion planning functionality responsible for controlling the state of the ego-vehicle. The efficacy of this edge-case-based virtual verification pipeline is demonstrated with practical examples where the performance of the functionality in urban driving edge cases is iteratively improved to meet the safety requirements.&lt;/div&gt;&lt;/div&gt;"
W4288055667,,3DOS: Towards 3D Open Set Learning-Benchmarking and Understanding Semantic Novelty Detection on Point Clouds,2022,Advances in Neural Information Processing Systems,4,Perception-related,Foundation Model and Adaptive Learning,0.4396,0.1542,,False,seed,,"In recent years there has been significant progress in the field of 3D learning on classification, detection and segmentation problems. The vast majority of the existing studies focus on canonical closed-set conditions, neglecting the intrinsic open nature of the real-world. This limits the abilities of robots and autonomous systems involved in safety-critical applications that require managing novel and unknown signals. In this context exploiting 3D data can be a valuable asset since it provides rich information about the geometry of perceived objects and scenes. With this paper we provide the first broad study on 3D Open Set learning. We introduce 3DOS: a novel testbed for semantic novelty detection that considers several settings with increasing difficulties in terms of semantic (category) shift, and covers both in-domain (synthetic-to-synthetic, real-to-real) and cross-domain (synthetic-to-real) scenarios. Moreover, we investigate the related 2D Open Set literature to understand if and how its recent improvements are effective on 3D data. Our extensive benchmark positions several algorithms in the same coherent picture, revealing their strengths and limitations. The results of our analysis may serve as a reliable foothold for future tailored 3D Open Set methods."
W2531327146,,A Baseline for Detecting Misclassified and Out-of-Distribution Examples in Neural Networks,2017,"5th International Conference on Learning Representations, ICLR 2017, Toulon, France, April 24-26, 2017, Conference Track Proceedings",1623,Perception-related,Probability and Confidence Scores,0.4285,0.1838,,False,seed,,"We consider the two related problems of detecting if an example is misclassified or out-of-distribution. We present a simple baseline that utilizes probabilities from softmax distributions. Correctly classified examples tend to have greater maximum softmax probabilities than erroneously classified and out-of-distribution examples, allowing for their detection. We assess performance by defining several tasks in computer vision, natural language processing, and automatic speech recognition, showing the effectiveness of this baseline across all. We then show the baseline can sometimes be surpassed, demonstrating the room for future research on these underexplored detection tasks."
W2969609970,,A Less Biased Evaluation of Out-of-distribution Sample Detectors,2019,British Machine Vision Conference 2019,21,Perception-related,Feature and Activation Extraction,0.4892,0.2373,,False,seed,,"In the real world, a learning system could receive an input that is unlike anything it has seen during training. Unfortunately, out-of-distribution samples can lead to unpredictable behaviour. We need to know whether any given input belongs to the population distribution of the training/evaluation data to prevent unpredictable behaviour in deployed systems. A recent surge of interest in this problem has led to the development of sophisticated techniques in the deep learning literature. However, due to the absence of a standard problem definition or an exhaustive evaluation, it is not evident if we can rely on these methods. What makes this problem different from a typical supervised learning setting is that the distribution of outliers used in training may not be the same as the distribution of outliers encountered in the application. Classical approaches that learn inliers vs. outliers with only two datasets can yield optimistic results. We introduce OD-test, a three-dataset evaluation scheme as a more reliable strategy to assess progress on this problem. We present an exhaustive evaluation of a broad set of methods from related areas on image classification tasks. Contrary to the existing results, we show that for realistic applications of high-dimensional images the previous techniques have low accuracy and are not reliable in practice."
W2867167548,,A Simple Unified Framework for Detecting Out-of-Distribution Samples and Adversarial Attacks,2018,"Advances in Neural Information Processing Systems 31: Annual Conference on Neural Information Processing Systems 2018, NeurIPS 2018, December 3-8, 2018, Montr{\'{e}}al, Canada",978,Perception-related,Feature and Activation Extraction,0.3897,0.0935,,False,seed,,"Detecting test samples drawn sufficiently far away from the training distribution statistically or adversarially is a fundamental requirement for deploying a good classifier in many real-world machine learning applications. However, deep neural networks with the softmax classifier are known to produce highly overconfident posterior distributions even for such abnormal samples. In this paper, we propose a simple yet effective method for detecting any abnormal samples, which is applicable to any pre-trained softmax neural classifier. We obtain the class conditional Gaussian distributions with respect to (low- and upper-level) features of the deep models under Gaussian discriminant analysis, which result in a confidence score based on the Mahalanobis distance. While most prior methods have been evaluated for detecting either out-of-distribution or adversarial samples, but not both, the proposed method achieves the state-of-the-art performances for both cases in our experiments. Moreover, we found that our proposed method is more robust in harsh cases, e.g., when the training dataset has noisy labels or small number of samples. Finally, we show that the proposed method enjoys broader usage by applying it to class-incremental learning: whenever out-of-distribution samples are detected, our classification rule can incorporate new classes well without further training deep models."
W2867167548,,A simple unified framework for detecting out-of-distribution samples and adversarial attacks,2018,Advances in neural information processing systems,978,Perception-related,Feature and Activation Extraction,0.3897,0.0935,,False,seed,,"Detecting test samples drawn sufficiently far away from the training distribution statistically or adversarially is a fundamental requirement for deploying a good classifier in many real-world machine learning applications. However, deep neural networks with the softmax classifier are known to produce highly overconfident posterior distributions even for such abnormal samples. In this paper, we propose a simple yet effective method for detecting any abnormal samples, which is applicable to any pre-trained softmax neural classifier. We obtain the class conditional Gaussian distributions with respect to (low- and upper-level) features of the deep models under Gaussian discriminant analysis, which result in a confidence score based on the Mahalanobis distance. While most prior methods have been evaluated for detecting either out-of-distribution or adversarial samples, but not both, the proposed method achieves the state-of-the-art performances for both cases in our experiments. Moreover, we found that our proposed method is more robust in harsh cases, e.g., when the training dataset has noisy labels or small number of samples. Finally, we show that the proposed method enjoys broader usage by applying it to class-incremental learning: whenever out-of-distribution samples are detected, our classification rule can incorporate new classes well without further training deep models."
W4386952762,,A Systematic Approach Towards the Definition of the Terms Edge Case and Corner Case for Automated Driving,2023,"2023 3rd International Conference on Electrical, Computer, Communications and Mechatronics Engineering (ICECCME)",5,Knowledge-driven,Influencing Factors,0.6078,0.1764,,False,seed,,"The broad introduction of automated driving promises improvements in terms of passenger comfort and road safety. Since automated vehicles have to operate under a wide variety of conditions, the safety assurance and validation of these systems is significantly more complex than for driver assistance systems. A scenario-based approach using a scenario database for relevant scenarios has established itself to overcome this challenge. The appropriate selection of scenarios is still an important research aspect in this field. There is a common understanding that so called edge cases and corner cases play an important role, but a lot of different understandings and definitions for these exist. Within this paper we review, analyze and discuss the usages and definitions of the terms edge case and corner case in the literature to move into the direction of harmonization."
W3208763156,,"A Unified Survey on Anomaly, Novelty, Open-Set, and Out of-Distribution Detection: Solutions and Future Challenges",2022,Transactions on Machine Learning Research,20,Perception-related,Feature and Activation Extraction,0.3968,0.0441,,False,seed,,"Machine learning models often encounter samples that are diverged from the training distribution. Failure to recognize an out-of-distribution (OOD) sample, and consequently assign that sample to an in-class label significantly compromises the reliability of a model. The problem has gained significant attention due to its importance for safety deploying models in open-world settings. Detecting OOD samples is challenging due to the intractability of modeling all possible unknown distributions. To date, several research domains tackle the problem of detecting unfamiliar samples, including anomaly detection, novelty detection, one-class learning, open set recognition, and out-of-distribution detection. Despite having similar and shared concepts, out-of-distribution, open-set, and anomaly detection have been investigated independently. Accordingly, these research avenues have not cross-pollinated, creating research barriers. While some surveys intend to provide an overview of these approaches, they seem to only focus on a specific domain without examining the relationship between different domains. This survey aims to provide a cross-domain and comprehensive review of numerous eminent works in respective areas while identifying their commonalities. Researchers can benefit from the overview of research advances in different fields and develop future methodology synergistically. Furthermore, to the best of our knowledge, while there are surveys in anomaly detection or one-class learning, there is no comprehensive or up-to-date survey on out-of-distribution detection, which our survey covers extensively. Finally, having a unified cross-domain perspective, we discuss and shed light on future lines of research, intending to bring these fields closer together."
,10.48550/arxiv.2103.03678,An Application-Driven Conceptualization of Corner Cases for Perception in Highly Automated Driving,2021,IEEE Intelligent Vehicles Symposium 2021,,Perception-related,Other Perception Methods,0.5338,0.0294,,False,seed,,
W3134284505,10.1109/iv48863.2021.9575933,An application-driven conceptualization of corner cases for perception in highly automated driving,2021,"IEEE Intelligent Vehicles Symposium, Proceedings",2,Perception-related,Other Perception Methods,0.5862,0.1281,,False,seed,,"Systems and functions that rely on machine learning (ML) are the basis of highly automated driving. An essential task of such ML models is to reliably detect and interpret unusual, new, and potentially dangerous situations. The detection of those situations, which we refer to as corner cases, is highly relevant for successfully developing, applying, and validating automotive perception functions in future vehicles where multiple sensor modalities will be used. A complication for the development of corner case detectors is the lack of consistent definitions, terms, and corner case descriptions, especially when taking into account various automotive sensors. In this work, we provide an application-driven view of corner cases in highly automated driving. To achieve this goal, we first consider existing definitions of the general outlier, novelty, anomaly, and out-of-distribution detection to show relations and differences to corner cases. Moreover, we extend an existing camera-focused systematization of corner cases by adding RADAR (radio detection and ranging) and LiDAR (light detection and ranging) sensors. For this, we describe an exemplary toolchain for data acquisition and processing, highlighting the interfaces of corner case detection. We also define a novel level of corner cases, the method layer corner cases, which appear due to uncertainty inherent in the methodology."
W3134284505,,An application-driven conceptualization of corner cases for perception in highly automated driving,2021,2021 IEEE Intelligent Vehicles Symposium (IV),2,Perception-related,Other Perception Methods,0.5862,0.1281,,False,seed,,"Systems and functions that rely on machine learning (ML) are the basis of highly automated driving. An essential task of such ML models is to reliably detect and interpret unusual, new, and potentially dangerous situations. The detection of those situations, which we refer to as corner cases, is highly relevant for successfully developing, applying, and validating automotive perception functions in future vehicles where multiple sensor modalities will be used. A complication for the development of corner case detectors is the lack of consistent definitions, terms, and corner case descriptions, especially when taking into account various automotive sensors. In this work, we provide an application-driven view of corner cases in highly automated driving. To achieve this goal, we first consider existing definitions of the general outlier, novelty, anomaly, and out-of-distribution detection to show relations and differences to corner cases. Moreover, we extend an existing camera-focused systematization of corner cases by adding RADAR (radio detection and ranging) and LiDAR (light detection and ranging) sensors. For this, we describe an exemplary toolchain for data acquisition and processing, highlighting the interfaces of corner case detection. We also define a novel level of corner cases, the method layer corner cases, which appear due to uncertainty inherent in the methodology."
W4250721005,,Analysis of multipath and DOA detection using a fully polarimetric automotive radar,2018,International Journal of Microwave and Wireless Technologies,25,Perception-related,Other Perception Methods,0.1962,0.0867,,False,seed,,"Multipath propagation occurs in many situations of radar measurements in complex environments. The unwanted effects range from amplitude fading over the radar channels and a corrupted direction of arrival (DOA) estimation to the detection of ghost targets in an angle of arrival (AOA) of the multipath direction. Due to the different number of reflections, polarimetric radars are capable to separate certain multipaths from direct paths if the target is known. Furthermore, it is possible to separate objects with different polarimetric features in DOA that are located in the same radial distance to the radar. In this paper, a new approach of DOA detection based on the coherent Pauli decomposition is presented. With this approach, important multipath and DOA effects are analyzed and measurement results at 77 GHz on canonical objects in an anechoic chamber are presented. The results prove the feasibility of the approach and demonstrate the occurring effects."
W4385312751,,Anomaly Detection in Autonomous Driving: A Survey,2022,,20,Perception-related,Feature and Activation Extraction,0.5165,0.0994,,False,seed,,"Deep neural networks (DNN) which are employed in perception systems for autonomous driving require a huge amount of data to train on, as they must reliably achieve high performance in all kinds of situations. However, these DNN are usually restricted to a closed set of semantic classes available in their training data, and are therefore unreliable when confronted with previously unseen instances. Thus, multiple perception datasets have been created for the evaluation of anomaly detection methods, which can be categorized into three groups: real anomalies in real-world, synthetic anomalies augmented into real-world and completely synthetic scenes. This survey provides a structured and, to the best of our knowledge, complete overview and comparison of perception datasets for anomaly detection in autonomous driving. Each chapter provides information about tasks and ground truth, context information, and licenses. Additionally, we discuss current weaknesses and gaps in existing datasets to underline the importance of developing further data."
W3199489263,,Anomaly detection in radar data using PointNets,2021,2021 IEEE International Intelligent Transportation Systems Conference (ITSC),0,Perception-related,Other Perception Methods,0.3433,0.0433,,False,seed,,"For autonomous driving, radar is an important sensor type. On the one hand, radar offers a direct measurement of the radial velocity of targets in the environment. On the other hand, in literature, radar sensors are known for their robustness against several kinds of adverse weather conditions. However, on the downside, radar is susceptible to ghost targets or clutter which can be caused by several different causes, e.g., reflective surfaces in the environment. Ghost targets, for instance, can result in erroneous object detections. To this end, it is desirable to identify anomalous targets as early as possible in radar data. In this work, we present an approach based on PointNets to detect anomalous radar targets. Modifying the PointNet-architecture driven by our task, we developed a novel grouping variant which contributes to a multi-form grouping module. Our method is evaluated on a real-world dataset in urban scenarios and shows promising results for the detection of anomalous radar targets."
W2103328396,,Bayesian segnet: Model uncertainty in deep convolutional encoder-decoder architectures for scene understanding,2015,arXiv preprint arXiv:1511.02680,826,Perception-related,Probability and Confidence Scores,0.5979,0.397,,False,seed,,"© 2017. The copyright of this document resides with its authors. We present a deep learning framework for probabilistic pixel-wise semantic segmentation, which we term Bayesian SegNet. Semantic segmentation is an important tool for visual scene understanding and a meaningful measure of uncertainty is essential for decision making. Our contribution is a practical system which is able to predict pixel-wise class labels with a measure of model uncertainty using Bayesian deep learning. We achieve this by Monte Carlo sampling with dropout at test time to generate a posterior distribution of pixel class labels. In addition, we show that modelling uncertainty improves segmentation performance by 2-3% across a number of datasets and architectures such as SegNet, FCN, Dilation Network and DenseNet."
W3202703311,,Can multi-label classification networks know what they don't know?,2021,"Advances in Neural Information Processing Systems 34: Annual Conference on Neural Information Processing Systems 2021, NeurIPS 2021, December 6-14, 2021, virtual",35,Perception-related,Probability and Confidence Scores,0.2818,0.0313,,False,seed,,"Estimating out-of-distribution (OOD) uncertainty is a central challenge for safely deploying machine learning models in the open-world environment. Improved methods for OOD detection in multi-class classification have emerged, while OOD detection methods for multi-label classification remain underexplored and use rudimentary techniques. We propose JointEnergy, a simple and effective method, which estimates the OOD indicator scores by aggregating energy scores from multiple labels. We show that JointEnergy can be mathematically interpreted from a joint likelihood perspective. Our results show consistent improvement over previous methods that are based on the maximum-valued scores, which fail to capture joint information from multiple labels. We demonstrate the effectiveness of our method on three common multi-label classification benchmarks, including MS-COCO, PASCAL-VOC, and NUS-WIDE. We show that JointEnergy can reduce the FPR95 by up to 10.05% compared to the previous best baseline, establishing state-of-the-art performance."
W3202703311,,Can multi-label classification networks know what they don’t know?,2021,Advances in Neural Information Processing Systems,35,Perception-related,Probability and Confidence Scores,0.2824,0.0312,,False,seed,,"Estimating out-of-distribution (OOD) uncertainty is a central challenge for safely deploying machine learning models in the open-world environment. Improved methods for OOD detection in multi-class classification have emerged, while OOD detection methods for multi-label classification remain underexplored and use rudimentary techniques. We propose JointEnergy, a simple and effective method, which estimates the OOD indicator scores by aggregating energy scores from multiple labels. We show that JointEnergy can be mathematically interpreted from a joint likelihood perspective. Our results show consistent improvement over previous methods that are based on the maximum-valued scores, which fail to capture joint information from multiple labels. We demonstrate the effectiveness of our method on three common multi-label classification benchmarks, including MS-COCO, PASCAL-VOC, and NUS-WIDE. We show that JointEnergy can reduce the FPR95 by up to 10.05% compared to the previous best baseline, establishing state-of-the-art performance."
W4312289809,,Catching both gray and black swans: Open-set supervised anomaly detection,2022,Proceedings of the IEEE-CVF Conference on Computer Vision and Pattern Recognition,167,Perception-related,Feature and Activation Extraction,0.5161,0.2399,,False,seed,,"Despite most existing anomaly detection studies assume the availability of normal training samples only, a few labeled anomaly examples are often available in many real-world applications, such as defect samples identified during random quality inspection, lesion images confirmed by radiologists in daily medical screening, etc. These anomaly examples provide valuable knowledge about the application-specific abnormality, enabling significantly improved detection of similar anomalies in some recent models. However, those anomalies seen during training often do not illustrate every possible class of anomaly, rendering these models ineffective in generalizing to unseen anomaly classes. This paper tackles open-set supervised anomaly detection, in which we learn detection models using the anomaly examples with the objective to detect both seen anomalies (‘gray swans’) and unseen anomalies (‘black swans’). We propose a novel approach that learns disentangled representations of abnormalities illustrated by seen anomalies, pseudo anomalies, and latent residual anomalies (i.e., samples that have unusual residuals compared to the normal data in a latent space), with the last two abnormalities designed to detect unseen anomalies. Extensive experiments on nine real-world anomaly detection datasets show superior performance of our model in detecting seen and unseen anomalies under diverse settings. Code and data are available at: https://github.com/choubo/DRA"
W2328067583,,Challenges in Autonomous Vehicle Testing and Validation,2016,,631,Trajectory-related,Challenging the System Under Test,0.6604,0.3246,,False,seed,,"&lt;div class=""section abstract""&gt;&lt;div class=""htmlview paragraph""&gt;Software testing is all too often simply a bug hunt rather than a well-considered exercise in ensuring quality. A more methodical approach than a simple cycle of system-level test-fail-patch-test will be required to deploy safe autonomous vehicles at scale. The ISO 26262 development V process sets up a framework that ties each type of testing to a corresponding design or requirement document, but presents challenges when adapted to deal with the sorts of novel testing problems that face autonomous vehicles. This paper identifies five major challenge areas in testing according to the V model for autonomous vehicles: driver out of the loop, complex requirements, non-deterministic algorithms, inductive learning algorithms, and fail-operational systems. General solution approaches that seem promising across these different challenge areas include: phased deployment using successively relaxed operational scenarios, use of a monitor/actuator pair architecture to separate the most complex autonomy functions from simpler safety functions, and fault injection as a way to perform more efficient edge case testing. While significant challenges remain in safety-certifying the type of algorithms that provide high-level autonomy themselves, it seems within reach to instead architect the system and its accompanying design process to be able to employ existing software safety approaches.&lt;/div&gt;&lt;/div&gt;"
W3126968893,,Corner Cases for Visual Perception in Automated Driving: Some Guidance on Detection Approaches,2021,,17,Perception-related,Feature and Activation Extraction,0.5635,0.1214,,False,seed,,"Automated driving has become a major topic of interest not only in the active research community but also in mainstream media reports. Visual perception of such intelligent vehicles has experienced large progress in the last decade thanks to advances in deep learning techniques but some challenges still remain. One such challenge is the detection of corner cases. They are unexpected and unknown situations that occur while driving. Conventional visual perception methods are often not able to detect them because corner cases have not been witnessed during training. Hence, their detection is highly safety-critical, and detection methods can be applied to vast amounts of collected data to select suitable training data. A reliable detection of corner cases will not only further automate the data selection procedure and increase safety in autonomous driving but can thereby also affect the public acceptance of the new technology in a positive manner. In this work, we continue a previous systematization of corner cases on different levels by an extended set of examples for each level. Moreover, we group detection approaches into different categories and link them with the corner case levels. Hence, we give directions to showcase specific corner cases and basic guidelines on how to technically detect them."
W4385356253,10.1109/iv55152.2023.10186558,"Corner Cases in Data-Driven Automated Driving: Definitions, Properties and Solutions",2023,IEEE Intelligent Vehicles Symposium (IV),12,Trajectory-related,Machine Learning (trajectory),0.5576,0.0048,,False,seed,,"The field of validation and artificial intelligence (AI) for automated driving has been a rapidly emerging field of research and development in the last few years. Despite the enormous success of machine learning (ML) in perception and robotics, the capability of ML-supported automated driving functions remains to be proven in complex real-world scenarios. Due to stringent regulations and safety concerns, it is crucial to not only be able to identify critical driving events, the corner cases, but also to eliminate them in advance by systematic and provable processes. In contrast to previous work, we analyze and systematize the causes of corner cases from the perspective of neural network interpretation, and consider the network’s performance and robustness in relation to the availability of data points used during development and validation. Moreover, we demonstrate the proposed taxonomy of corner cases on real data from multiple sensor input sources, including images and LiDAR point clouds, showing relevant properties of various corner cases. Furthermore, we discuss the possible solutions dealing with previously unknown classes and driving environments as required in future automated driving use cases."
W3196712506,,Coyote: A Dataset of Challenging Scenarios in Visual Perception for Autonomous Vehicles,2021,,0,Trajectory-related,Challenging the System Under Test,0.4373,0.056,,False,seed,,
W7125637341,,Credible autonomy safety argumentation,2019,27th Safety-Critical Systems Symposium,0,Trajectory-related,Challenging the System Under Test,0.5947,0.3148,,False,seed,,"A significant challenge to deploying mission- and safety-critical autonomous systems is the difficulty of creating a credible assurance argument. This paper collects lessons learned from having observed both credible and faulty assurance argumentation attempts, with a primary emphasis on autonomous ground vehicle safety cases. Various common argumentation approaches are described, including conformance to a non-autonomy safety standard, proven in use, field testing, simulation, and formal verification. Of particular note are argumentation faults and anti-patterns that have shown up in numerous safety cases that we have encountered. These observations can help both designers and auditors detect common mistakes in safety argumentation for autonomous systems"
W2786088545,,Deep autoencoding gaussian mixture model for unsupervised anomaly detection,2018,International conference on learning representations,1090,Perception-related,Feature and Activation Extraction,0.4753,0.2006,,False,seed,,"Unsupervised anomaly detection on multi- or high-dimensional data is of great importance in both fundamental machine learning research and industrial applications, for which density estimation lies at the core. Although previous approaches based on dimensionality reduction followed by density estimation have made fruitful progress, they mainly suffer from decoupled model learning with inconsistent optimization goals and incapability of preserving essential information in the low-dimensional space. In this paper, we present a Deep Autoencoding Gaussian Mixture Model (DAGMM) for unsupervised anomaly detection. Our model utilizes a deep autoencoder to generate a low-dimensional representation and reconstruction error for each input data point, which is further fed into a Gaussian Mixture Model (GMM). Instead of using decoupled two-stage training and the standard Expectation-Maximization (EM) algorithm, DAGMM jointly optimizes the parameters of the deep autoencoder and the mixture model simultaneously in an end-to-end fashion, leveraging a separate estimation network to facilitate the parameter learning of the mixture model. The joint optimization, which well balances autoencoding reconstruction, density estimation of latent representation, and regularization, helps the autoencoder escape from less attractive local optima and further reduce reconstruction errors, avoiding the need of pre-training. Experimental results on several public benchmark datasets show that, DAGMM significantly outperforms state-of-the-art anomaly detection techniques, and achieves up to 14% improvement based on the standard F1 score."
W2948079128,,Deep Semi-Supervised Anomaly Detection,2019,International Conference on Learning Representations,31,Perception-related,Feature and Activation Extraction,0.4659,0.2155,,False,seed,,"Deep approaches to anomaly detection have recently shown promising results over shallow methods on large and complex datasets. Typically anomaly detection is treated as an unsupervised learning problem. In practice however, one may have---in addition to a large set of unlabeled samples---access to a small pool of labeled samples, e.g. a subset verified by some domain expert as being normal or anomalous. Semi-supervised approaches to anomaly detection aim to utilize such labeled samples, but most proposed methods are limited to merely including labeled normal samples. Only a few methods take advantage of labeled anomalies, with existing deep approaches being domain-specific. In this work we present Deep SAD, an end-to-end deep methodology for general semi-supervised anomaly detection. We further introduce an information-theoretic framework for deep anomaly detection based on the idea that the entropy of the latent distribution for normal data should be lower than the entropy of the anomalous distribution, which can serve as a theoretical interpretation for our method. In extensive experiments on MNIST, Fashion-MNIST, and CIFAR-10, along with other anomaly detection benchmark datasets, we demonstrate that our method is on par or outperforms shallow, hybrid, and deep competitors, yielding appreciable performance improvements even when provided with only little labeled data."
W2994150880,,Deepevolution: A search-based testing approach for deep neural networks,2019,2019 IEEE International Conference on Software Maintenance and Evolution (ICSME),31,Trajectory-related,Challenging the System Under Test,0.5904,0.2675,,False,seed,,"The increasing inclusion of Deep Learning (DL) models in safety-critical systems such as autonomous vehicles have led to the development of multiple model-based DL testing techniques. One common denominator of these testing techniques is the automated generation of test cases, e.g., new inputs transformed from the original training data with the aim to optimize some test adequacy criteria. So far, the effectiveness of these approaches has been hindered by their reliance on random fuzzing or transformations that do not always produce test cases with a good diversity. To overcome these limitations, we propose, DeepEvolution, a novel search-based approach for testing DL models that relies on metaheuristics to ensure a maximum diversity in generated test cases. We assess the effectiveness of DeepEvolution in testing computer-vision DL models and found that it significantly increases the neuronal coverage of generated test cases. Moreover, using DeepEvolution, we could successfully find several corner-case behaviors. Finally, DeepEvolution outperformed Tensorfuzz (a coverage-guided fuzzing tool developed at Google Brain) in detecting latent defects introduced during the quantization of the models. These results suggest that search-based approaches can help build effective testing tools for DL systems."
W2804337238,10.1145/3238147.3238202,DeepGauge: multi-granularity testing criteria for deep learning systems,2018,33rd ACM/IEEE International Conference on Automated Software Engineering,570,Trajectory-related,Challenging the System Under Test,0.4411,0.2303,,False,seed,,"Deep learning (DL) defines a new data-driven programming paradigm that constructs the internal system logic of a crafted neuron network through a set of training data. We have seen wide adoption of DL in many safety-critical scenarios. However, a plethora of studies have shown that the state-of-the-art DL systems suffer from various vulnerabilities which can lead to severe consequences when applied to real-world applications. Currently, the testing adequacy of a DL system is usually measured by the accuracy of test data. Considering the limitation of accessible high quality test data, good accuracy performance on test data can hardly provide confidence to the testing adequacy and generality of DL systems. Unlike traditional software systems that have clear and controllable logic and functionality, the lack of interpretability in a DL system makes system analysis and defect detection difficult, which could potentially hinder its real-world deployment. In this paper, we propose DeepGauge, a set of multi-granularity testing criteria for DL systems, which aims at rendering a multi-faceted portrayal of the testbed. The in-depth evaluation of our proposed testing criteria is demonstrated on two well-known datasets, five DL systems, and with four state-of-the-art adversarial attack techniques against DL. The potential usefulness of DeepGauge sheds light on the construction of more generic and robust DL systems."
W2888307014,,Deeproad: Gan-based metamorphic testing and input validation framework for autonomous driving systems,2018,Proceedings of the 33rd ACM/IEEE International Conference on Automated Software Engineering,595,Trajectory-related,Challenging the System Under Test,0.5985,0.164,,False,seed,,"While Deep Neural Networks (DNNs) have established the fundamentals of image-based autonomous driving systems, they may exhibit erroneous behaviors and cause fatal accidents. To address the safety issues in autonomous driving systems, a recent set of testing techniques have been designed to automatically generate artificial driving scenes to enrich test suite, e.g., generating new input images transformed from the original ones. However, these techniques are insufficient due to two limitations: first, many such synthetic images often lack diversity of driving scenes, and hence compromise the resulting efficacy and reliability. Second, for machine-learning-based systems, a mismatch between training and application domain can dramatically degrade system accuracy, such that it is necessary to validate inputs for improving system robustness."
W3122923658,,Dense outlier detection and open-set recognition based on training with noisy negative images,2021,arXiv preprint arXiv:2101.09193,11,Perception-related,Feature and Activation Extraction,0.5256,0.2076,,False,seed,,"Deep convolutional models often produce inadequate predictions for inputs foreign to the training distribution. Consequently, the problem of detecting outlier images has recently been receiving a lot of attention. Unlike most previous work, we address this problem in the dense prediction context in order to be able to locate outlier objects in front of in-distribution background. Our approach is based on two reasonable assumptions. First, we assume that the inlier dataset is related to some narrow application field (e.g.~road driving). Second, we assume that there exists a general-purpose dataset which is much more diverse than the inlier dataset (e.g.~ImageNet-1k). We consider pixels from the general-purpose dataset as noisy negative training samples since most (but not all) of them are outliers. We encourage the model to recognize borders between known and unknown by pasting jittered negative patches over inlier training images. Our experiments target two dense open-set recognition benchmarks (WildDash 1 and Fishyscapes) and one dense open-set recognition dataset (StreetHazard). Extensive performance evaluation indicates competitive potential of the proposed approach."
W4312601785,,Densehybrid: Hybrid anomaly detection for dense open-set recognition,2022,European Conference on Computer Vision,56,Perception-related,Feature and Activation Extraction,0.4172,0.1431,,False,seed,,
W3115028727,10.1109/spw50608.2020.00050,Detecting Adversarial Examples in Learning-Enabled Cyber-Physical Systems using Variational Autoencoder for Regression,2020,"2020 IEEE Security and Privacy Workshops, SP Workshops, San Francisco, CA, USA, May 21, 2020",14,Trajectory-related,Challenging the System Under Test,0.4528,0.0191,,False,seed,,"Learning-enabled components (LECs) are widely used in cyber-physical systems (CPS) since they can handle the uncertainty and variability of the environment and increase the level of autonomy. However, it has been shown that LECs such as deep neural networks (DNN) are not robust and adversarial examples can cause the model to make a false prediction. The paper considers the problem of efficiently detecting adversarial examples in LECs used for regression in CPS. The proposed approach is based on inductive conformal prediction and uses a regression model based on variational autoencoder. The architecture allows to take into consideration both the input and the neural network prediction for detecting adversarial, and more generally, out-of-distribution examples. We demonstrate the method using an advanced emergency braking system implemented in an open source simulator for self-driving cars where a DNN is used to estimate the distance to an obstacle. The simulation results show that the method can effectively detect adversarial examples with a short detection delay."
W2782189190,,Detecting ghost targets using multilayer perceptron in multiple-target tracking,2018,Symmetry,18,Perception-related,Probability and Confidence Scores,0.316,0.0304,,False,seed,,"This paper deals with a method for removing a ghost target that is not a real object from the output of a multiple object-tracking algorithm. This method uses an artificial neural network (multilayer perceptron) and introduces a structure, learning, verification, and evaluation method for the artificial neural network. The implemented system was tested at an intersection in a city center. Results from a 28-min measurement were 88% accurate when the multilayer perceptron for ghost target classification successfully detected the ghost targets, and 6.7% inaccurate when ghost targets were mistaken for actual targets. This method is expected to contribute to the advancement of intelligent transportation systems if the weaknesses revealed during the evaluation of the system are complemented and refined."
W4308079985,10.1109/itsc55140.2022.9921988,Detecting Hazardous Events: A Framework for Automated Vehicle Safety Systems,2022,"IEEE Conference on Intelligent Transportation Systems, Proceedings, ITSC",13,Trajectory-related,Surrogate Safety Metrics,0.5494,0.2049,,False,seed,,"The driving domain is inherently dangerous. To develop connected and automated vehicles that can detect potential sources of harm, we must clearly define these hazardous events and metrics to detect them. The majority of driving scenarios we face do not materialise harm, but we often face potentially hazardous near-miss scenarios. Potential harm is difficult to quantify when harm is not materialised; thus, few metrics detect these scenarios in the absence of collision and even fewer datasets label non-collision-based hazardous events. This study focuses on detecting near-miss scenarios due to other actors since human error is the primary source of harm. We first provide a concise overview of current event-specific metrics. We then propose an event-agnostic detection framework that exploits vehicle kinematics to detect evasive manoeuvres early and dynamically calculate minimum safe distances. Given inconsistent dataset labelling methods and collision-focused events, we provide a preliminary study to demonstrate an event-agnostic and configurable dataset annotation technique to label hazardous events, even when harm is not materialised. We show promising results detecting hazardous scenes on a labelled simulation benchmark, GTACrash."
W3034370310,,Detecting Out-of-Distribution Examples with Gram Matrices,2020,"Proceedings of the 37th International Conference on Machine Learning, ICML 2020, 13-18 July 2020, Virtual Event",68,Perception-related,Feature and Activation Extraction,0.2542,0.0708,,False,seed,,
W2953831280,,Detecting road lanes under extreme conditions: A quantitative performance evaluation,2018,2018 6th International Conference on Control Engineering {\&} Information Technology (CEIT),3,Trajectory-related,Machine Learning (trajectory),0.4168,0.0196,,False,seed,,"Vehicle autonomy definitionally is the act of processing information gathered from the environment and acting on the decisions formed based on this information. Therefore, any autonomous paradigm can only perform as good as the quality of the information it can understand. Lane identification forms the foundation of many of the autonomous drive and driver-assist technologies. However, current methods are not always reliable, especially under the edge-cases. In this paper, we have experimentally evaluated and extended the state-of-the-art deterministic lane detection methods. Our evaluation provides experimental evidence towards their efficacy in extreme cases: real-data with sharp shadows and varying lighting that is recorded through a camera that has a limited field of view. Experimental results suggest that a method that builds similarly to human perception performs better-with an increase of 32% in its accuracy. Our hypothesis is that autonomous vehicles that can perform even under these extreme conditions will play an important role on the fully autonomous systems."
W2936458714,,Detecting the unexpected via image resynthesis,2019,Proceedings of the IEEE/CVF International Conference on Computer Vision,12,Perception-related,Foundation Model and Adaptive Learning,0.4851,0.2462,,False,seed,,"Classical semantic segmentation methods, including the recent deep learning ones, assume that all classes observed at test time have been seen during training. In this paper, we tackle the more realistic scenario where unexpected objects of unknown classes can appear at test time. The main trends in this area either leverage the notion of prediction uncertainty to flag the regions with low confidence as unknown, or rely on autoencoders and highlight poorly-decoded regions. Having observed that, in both cases, the detected regions typically do not correspond to unexpected objects, in this paper, we introduce a drastically different strategy: It relies on the intuition that the network will produce spurious labels in regions depicting unexpected objects. Therefore, resynthesizing the image from the resulting semantic map will yield significant appearance differences with respect to the input image. In other words, we translate the problem of detecting unknown classes to one of identifying poorly-resynthesized image regions. We show that this outperforms both uncertainty- and autoencoder-based methods."
W4386075790,10.1109/cvpr52729.2023.00329,Detection of Out-of-Distribution Samples Using Binary Neuron Activation Patterns,2023,"IEEE CVF Conference on Computer Vision and Pattern Recognition, CVPR 2023, Vancouver, BC, Canada, June 17-24, 2023",14,Perception-related,Feature and Activation Extraction,0.442,0.1681,,False,seed,,"Deep neural networks (DNN) have outstanding performance in various applications. Despite numerous efforts of the research community, out-of-distribution (OOD) samples remain a significant limitation of DNN classifiers. The ability to identify previously unseen inputs as novel is crucial in safety-critical applications such as self-driving cars, unmanned aerial vehicles, and robots. Existing approaches to detect OOD samples treat a DNN as a black box and evaluate the confidence score of the output predictions. Unfortunately, this method frequently fails, because DNNs are not trained to reduce their confidence for OOD inputs. In this work, we introduce a novel method for OOD detection. Our method is motivated by theoretical analysis of neuron activation patterns (NAP) in ReLU-based architectures. The proposed method does not introduce a high computational overhead due to the binary representation of the activation patterns extracted from convolutional layers. The extensive empirical evaluation proves its high performance on various DNN architectures and seven image datasets."
W4312284582,10.1007/978-3-031-20053-3_40,DICE: Leveraging Sparsification for Out-of-Distribution Detection,2022,"Computer Vision - ECCV 2022: 17th European Conference, Tel Aviv, Israel, October 23-27, 2022, Proceedings, Part XXIV",115,Perception-related,Probability and Confidence Scores,0.2924,0.0391,,False,seed,,
W2784963114,10.1136/injuryprev-2017-042567,Edge conditions and crash-avoidance roles: The future of traffic safety in the world of autonomous vehicles,2019,Injury Prevention,11,Trajectory-related,Surrogate Safety Metrics,0.5472,0.1655,,False,seed,,"Self-driving or highly automated vehicle (HAV) technologies, now undergoing public trials in major cities,1 are positioned to bring about transformative change to the entire transportation system. Far from being a distant innovation, retail autonomous vehicles have already been announced by various manufacturers for release as early as 2018, complementing estimates that on-road HAVs will reach market ubiquity as part of a US$7 trillion passenger economy by 2055.2 Transportation planners and policymakers are welcoming HAVs for their potential to positively impact traffic safety by fundamentally changing the interaction and relationship between drivers and vehicles, and how drivers and vehicles collect and process information from their environment. HAVs will not, however, offer safety in every possible condition. As HAV technology will have limits, manufacturers and lawmakers suggest vehicles have an operational design domain (ODD) which specifies under which conditions an autonomous driving mode can perform safely.3 ODDs may require HAVs to avoid mixed vehicle routes, inclement weather conditions or unmarked roads; in general, ODDs reflect the limits of HAV technologies. In engineering terms, these are known as ‘edge conditions’: situations that go beyond the reliable and accurate capability and limits of HAV technology. The injury prevention community must understand how these edge conditions could lead to crashes in order to formulate crash countermeasures which ultimately inform vehicle development standards and training.

The Haddon Matrix, the long-established safety paradigm for injury prevention, has a rich history of helping those focused on transportation safety explicitly separate roles and responsibilities of all drivers, technologies and environmental factors involved in a crash event.4 A new framework and modification of the Haddon Matrix is needed as man–machine–environment interactions will be facilitated by technology and roles in preventing a crash event will be much more shared. While one could argue that the Haddon Matrix was …"
W3199951670,,Efficient and effective generation of test cases for pedestrian detection-search-based software testing of Baidu Apollo in SVL,2021,2021 IEEE International Conference on Artificial Intelligence Testing (AITest),0,Trajectory-related,Challenging the System Under Test,0.6873,0.3694,,False,seed,,"With the growing capabilities of autonomous vehicles, there is a higher demand for sophisticated and pragmatic quality assurance approaches for machine learning-enabled systems in the automotive AI context. The use of simulation-based prototyping platforms provides the possibility for early-stage testing, enabling inexpensive testing and the ability to capture critical corner-case test scenarios. Simulation-based testing properly complements conventional on-road testing. However, due to the large space of test input parameters in these systems, the efficient generation of effective test scenarios leading to the unveiling of failures is a challenge. This paper presents a study on testing pedestrian detection and emergency braking system of the Baidu Apollo autonomous driving platform within the SVL simulator. We propose an evolutionary automated test generation technique that generates failure-revealing scenarios for Apollo in the SVL environment. Our approach models the input space using a generic and flexible data structure and benefits a multi-criteria safety-based heuristic for the objective function targeted for optimization. This paper presents the results of our proposed test generation technique in the 2021 IEEE Autonomous Driving AI Test Challenge. In order to demonstrate the efficiency and effectiveness of our approach, we also report the results from a baseline random generation technique. Our evaluation shows that the proposed evolutionary test case generator is more effective at generating failure-revealing test cases and provides higher diversity between the generated failures than the random baseline."
W3195576835,,Efficient Out-of-Distribution Detection Using Latent Space of $\beta$ -VAE for Cyber-Physical Systems,2021,arXiv preprint arXiv:2108.11800,3,Perception-related,Feature and Activation Extraction,0.385,0.0579,,False,seed,,"Deep Neural Networks are actively being used in the design of autonomous Cyber-Physical Systems (CPSs). The advantage of these models is their ability to handle high-dimensional state-space and learn compact surrogate representations of the operational state spaces. However, the problem is that the sampled observations used for training the model may never cover the entire state space of the physical environment, and as a result, the system will likely operate in conditions that do not belong to the training distribution. These conditions that do not belong to training distribution are referred to as Out-of-Distribution (OOD). Detecting OOD conditions at runtime is critical for the safety of CPS. In addition, it is also desirable to identify the context or the feature(s) that are the source of OOD to select an appropriate control action to mitigate the consequences that may arise because of the OOD condition. In this paper, we study this problem as a multi-labeled time series OOD detection problem over images, where the OOD is defined both sequentially across short time windows (change points) as well as across the training data distribution. A common approach to solving this problem is the use of multi-chained one-class classifiers. However, this approach is expensive for CPSs that have limited computational resources and require short inference times. Our contribution is an approach to design and train a single $\beta$-Variational Autoencoder detector with a partially disentangled latent space sensitive to variations in image features. We use the feature sensitive latent variables in the latent space to detect OOD images and identify the most likely feature(s) responsible for the OOD. We demonstrate our approach using an Autonomous Vehicle in the CARLA simulator and a real-world automotive dataset called nuImages."
W2884490794,,Efficient uncertainty estimation for semantic segmentation in videos,2018,Proceedings of the European Conference on Computer Vision (ECCV),110,Perception-related,Probability and Confidence Scores,0.5449,0.3705,,False,seed,,
W3092527263,,Energy-based Out-of-distribution Detection,2020,"Advances in Neural Information Processing Systems 33: Annual Conference on Neural Information Processing Systems 2020, NeurIPS 2020, December 6-12, 2020, virtual",432,Perception-related,Probability and Confidence Scores,0.3885,0.1406,,False,seed,,"Determining whether inputs are out-of-distribution (OOD) is an essential building block for safely deploying machine learning models in the open world. However, previous methods relying on the softmax confidence score suffer from overconfident posterior distributions for OOD data. We propose a unified framework for OOD detection that uses an energy score. We show that energy scores better distinguish in- and out-of-distribution samples than the traditional approach using the softmax scores. Unlike softmax confidence scores, energy scores are theoretically aligned with the probability density of the inputs and are less susceptible to the overconfidence issue. Within this framework, energy can be flexibly used as a scoring function for any pre-trained neural classifier as well as a trainable cost function to shape the energy surface explicitly for OOD detection. On a CIFAR-10 pre-trained WideResNet, using the energy score reduces the average FPR (at TPR 95%) by 18.03% compared to the softmax confidence score. With energy-based training, our method outperforms the state-of-the-art on common benchmarks."
W3092527263,,Energy-based Out-of-distribution Detection,2020,NeurIPS 2020,432,Perception-related,Probability and Confidence Scores,0.3885,0.1406,,False,seed,,"Determining whether inputs are out-of-distribution (OOD) is an essential building block for safely deploying machine learning models in the open world. However, previous methods relying on the softmax confidence score suffer from overconfident posterior distributions for OOD data. We propose a unified framework for OOD detection that uses an energy score. We show that energy scores better distinguish in- and out-of-distribution samples than the traditional approach using the softmax scores. Unlike softmax confidence scores, energy scores are theoretically aligned with the probability density of the inputs and are less susceptible to the overconfidence issue. Within this framework, energy can be flexibly used as a scoring function for any pre-trained neural classifier as well as a trainable cost function to shape the energy surface explicitly for OOD detection. On a CIFAR-10 pre-trained WideResNet, using the energy score reduces the average FPR (at TPR 95%) by 18.03% compared to the softmax confidence score. With energy-based training, our method outperforms the state-of-the-art on common benchmarks."
W2767414122,,Enhancing The Reliability of Out-of-distribution Image Detection in Neural Networks,2018,"6th International Conference on Learning Representations, ICLR 2018, Vancouver, BC, Canada, April 30 - May 3, 2018, Conference Track Proceedings",649,Perception-related,Probability and Confidence Scores,0.4304,0.2512,,False,seed,,"We consider the problem of detecting out-of-distribution images in neural networks. We propose ODIN, a simple and effective method that does not require any change to a pre-trained neural network. Our method is based on the observation that using temperature scaling and adding small perturbations to the input can separate the softmax score distributions between in- and out-of-distribution images, allowing for more effective detection. We show in a series of experiments that ODIN is compatible with diverse network architectures and datasets. It consistently outperforms the baseline approach by a large margin, establishing a new state-of-the-art performance on this task. For example, ODIN reduces the false positive rate from the baseline 34.7% to 4.3% on the DenseNet (applied to CIFAR-10) when the true positive rate is 95%."
W4226207566,,Training ood detectors in their natural habitats,2022,International Conference on Machine Learning,15,Perception-related,Feature and Activation Extraction,0.382,0.0867,,False,seed,,"Out-of-distribution (OOD) detection is important for machine learning models deployed in the wild. Recent methods use auxiliary outlier data to regularize the model for improved OOD detection. However, these approaches make a strong distributional assumption that the auxiliary outlier data is completely separable from the in-distribution (ID) data. In this paper, we propose a novel framework that leverages wild mixture data, which naturally consists of both ID and OOD samples. Such wild data is abundant and arises freely upon deploying a machine learning classifier in their natural habitats. Our key idea is to formulate a constrained optimization problem and to show how to tractably solve it. Our learning objective maximizes the OOD detection rate, subject to constraints on the classification error of ID data and on the OOD error rate of ID examples. We extensively evaluate our approach on common OOD detection tasks and demonstrate superior performance."
W4380994347,,Feed Two Birds with One Scone: Exploiting Wild Data for Both Out-of-Distribution Generalization and Detection,2023,ICML 2023,7,Perception-related,Foundation Model and Adaptive Learning,0.3102,0.0034,,False,seed,,"Modern machine learning models deployed in the wild can encounter both covariate and semantic shifts, giving rise to the problems of out-of-distribution (OOD) generalization and OOD detection respectively. While both problems have received significant research attention lately, they have been pursued independently. This may not be surprising, since the two tasks have seemingly conflicting goals. This paper provides a new unified approach that is capable of simultaneously generalizing to covariate shifts while robustly detecting semantic shifts. We propose a margin-based learning framework that exploits freely available unlabeled data in the wild that captures the environmental test-time OOD distributions under both covariate and semantic shifts. We show both empirically and theoretically that the proposed margin constraint is the key to achieving both OOD generalization and detection. Extensive experiments show the superiority of our framework, outperforming competitive baselines that specialize in either OOD generalization or OOD detection. Code is publicly available at https://github.com/deeplearning-wisc/scone."
W2067713319,10.1016/j.neunet.2012.02.016,Man vs. computer: Benchmarking machine learning algorithms for traffic sign recognition,2012,Neural Networks,1514,Trajectory-related,Machine Learning (trajectory),0.3062,-0.085,,False,seed,,
W2907377465,,"From antenna design to high fidelity, full physics automotive radar sensor corner case simulation",2018,Modelling and Simulation in Engineering,30,Perception-related,Other Perception Methods,0.3195,0.1348,,False,seed,,"Advanced driver assistance systems (ADAS) have recently been thrust into the spotlight in the automotive industry as carmakers and technology companies pursue effective active safety systems and fully autonomous vehicles. Various sensors such as lidar (light detection and ranging), radar (radio detection and ranging), ultrasonic, and optical cameras are employed to provide situational awareness to vehicles in a highly dynamic environment. Radar has emerged as a primary sensor technology for both active/passive safety and comfort-advanced driver-assistance systems. Physically building and testing radar systems to demonstrate reliability is an expensive and time-consuming process. Simulation emerges as the most practical solution to designing and testing radar systems. This paper provides a complete, full physics simulation workflow for automotive radar using finite element method and asymptotic ray tracing electromagnetic solvers. The design and optimization of both transmitter and receiver antennas is presented. Antenna interaction with vehicle bumper and fascia is also investigated. A full physics-based radar scene corner case is modelled to obtain high-fidelity range-Doppler maps. Finally, this paper investigates the effects of inclined roads on late pedestrian detection and the effects of construction metal plate radar returns on false target identification. Possible solutions are suggested and validated. Results from this study show how pedestrian radar returns can be increased by over 16 dB for early detection along with a 27 dB reduction in road construction plate radar returns to suppress false target identification. Both solutions to the above corner cases can potentially save pedestrian lives and prevent future accidents."
W2963610939,,Future frame prediction for anomaly detection–a new baseline,2018,Proceedings of the IEEE conference on computer vision and pattern recognition,1437,Trajectory-related,Machine Learning (trajectory),0.4582,0.1706,,False,seed,,"Anomaly detection in videos refers to the identification of events that do not conform to expected behavior. However, almost all existing methods tackle the problem by minimizing the reconstruction errors of training data, which cannot guarantee a larger reconstruction error for an abnormal event. In this paper, we propose to tackle the anomaly detection problem within a video prediction framework. To the best of our knowledge, this is the first work that leverages the difference between a predicted future frame and its ground truth to detect an abnormal event. To predict a future frame with higher quality for normal events, other than the commonly used appearance (spatial) constraints on intensity and gradient, we also introduce a motion (temporal) constraint in video prediction by enforcing the optical flow between predicted frames and ground truth frames to be consistent, and this is the first work that introduces a temporal constraint into the video prediction task. Such spatial and motion constraints facilitate the future frame prediction for normal events, and consequently facilitate to identify those abnormal events that do not conform the expectation. Extensive experiments on both a toy dataset and some publicly available datasets validate the effectiveness of our method in terms of robustness to the uncertainty in normal events and the sensitivity to abnormal events. All codes are released in https://github.com/StevenLiuWen/ano_pred_cvpr2018."
W3204351398,10.1007/978-3-030-88494-9_14,Gaussian-Based Runtime Detection of Out-of-distribution Inputs for Neural Networks,2021,"Runtime Verification - 21st International Conference, RV 2021, Virtual Event, October 11-14, 2021, Proceedings",9,Perception-related,Feature and Activation Extraction,0.3212,-0.0004,,False,seed,,
W3034230713,,Generalized odin: Detecting out-of-distribution image without learning from out-of-distribution data,2020,Proceedings of the IEEE/CVF conference on computer vision and pattern recognition,456,Perception-related,Probability and Confidence Scores,0.4378,0.2124,,False,seed,,"Deep neural networks have attained remarkable performance when applied to data that comes from the same distribution as that of the training set, but can significantly degrade otherwise. Therefore, detecting whether an example is out-of-distribution (OoD) is crucial to enable a system that can reject such samples or alert users. Recent works have made significant progress on OoD benchmarks consisting of small image datasets. However, many recent methods based on neural networks rely on training or tuning with both in-distribution and out-of-distribution data. The latter is generally hard to define a-priori, and its selection can easily bias the learning. We base our work on a popular method ODIN, proposing two strategies for freeing it from the needs of tuning with OoD data, while improving its OoD detection performance. We specifically propose to decompose confidence scoring as well as a modified input pre-processing method. We show that both of these significantly help in detection performance. Our further analysis on a larger scale image dataset shows that the two types of distribution shifts, specifically semantic shift and non-semantic shift, present a significant difference in the difficulty of the problem, providing an analysis of when ODIN-like strategies do or do not work."
W4399929809,,Generalized Out-of-Distribution Detection: A Survey,2021,CoRR,399,Perception-related,Feature and Activation Extraction,0.2741,-0.0028,,False,seed,,
W3158378210,,Ghost target detection in 3d radar data using point cloud based deep neural network,2021,2020 25th International Conference on Pattern Recognition (ICPR),41,Perception-related,Reconstructive and Generative,0.3815,0.1051,,False,seed,,"Ghost targets are targets that appear at wrong locations in radar data and are caused by the presence of multiple indirect reflections between the target and the sensor. In this work, we introduce the first point based deep learning approach for ghost target detection in 3D radar point clouds. This is done by extending the PointNet network architecture by modifying its input to include radar point features beyond location and introducing skip connetions. We compare different input modalities and analyze the effects of the changes we introduced. We also propose an approach for automatic labeling of ghost targets 3D radar data using lidar as reference. The algorithm is trained and tested on real data in various driving scenarios and the tests show promising results in classifying real and ghost radar targets."
,,Gmmseg: Gaussian mixture based generative semantic segmentation models,2022,Advances in Neural Information Processing Systems,,Perception-related,Reconstructive and Generative,0.4324,0.2096,,False,seed,,
W3031208025,,Identifying unknown instances for autonomous driving,2020,Conference on Robot Learning,57,Perception-related,Foundation Model and Adaptive Learning,0.4634,0.0765,,False,seed,,"In the past few years, we have seen great progress in perception algorithms, particular through the use of deep learning. However, most existing approaches focus on a few categories of interest, which represent only a small fraction of the potential categories that robots need to handle in the real-world. Thus, identifying objects from unknown classes remains a challenging yet crucial task. In this paper, we develop a novel open-set instance segmentation algorithm for point clouds which can segment objects from both known and unknown classes in a holistic way. Our method uses a deep convolutional neural network to project points into a category-agnostic embedding space in which they can be clustered into instances irrespective of their semantics. Experiments on two large-scale self-driving datasets validate the effectiveness of our proposed method."
W4225642194,,Indy autonomous challenge-autonomous race cars at the handling limits,2022,12th International Munich Chassis Symposium 2021: chassis. tech plus,52,Trajectory-related,Challenging the System Under Test,0.4948,0.135,,False,seed,,
W3085626879,10.1007/978-3-030-88494-9_3,Into the Unknown: Active Monitoring of Neural Networks,2021,"Runtime Verification - 21st International Conference, RV 2021, Virtual Event, October 11-14, 2021, Proceedings",26,Perception-related,Feature and Activation Extraction,0.2811,-0.0155,,False,seed,,
W2962791923,,Learning deep representations of appearance and motion for anomalous event detection,2015,arXiv preprint arXiv:1510.01553,540,Perception-related,Feature and Activation Extraction,0.5134,0.2622,,False,seed,,"We present a novel unsupervised deep learning framework for anomalous event detection in complex video scenes. While most existing works merely use hand-crafted appearance and motion features, we propose Appearance and Motion DeepNet (AMDN) which utilizes deep neural networks to automatically learn feature representations. To exploit the complementary information of both appearance and motion patterns, we introduce a novel double fusion framework, combining both the benefits of traditional early fusion and late fusion strategies. Specifically, stacked denoising autoencoders are proposed to separately learn both appearance and motion features as well as a joint representation (early fusion). Based on the learned representations, multiple one-class SVM models are used to predict the anomaly scores of each input, which are then integrated with a late fusion strategy for final anomaly detection. We evaluate the proposed method on two publicly available video surveillance datasets, showing competitive performance with respect to state of the art approaches."
W3176309086,,Learning normal dynamics in videos with meta prototype network,2021,Proceedings of the IEEE CVF conference on computer vision and pattern recognition,208,Perception-related,Foundation Model and Adaptive Learning,0.4293,0.1839,,False,seed,,"Frame reconstruction (current or future frame) based on Auto-Encoder (AE) is a popular method for video anomaly detection. With models trained on the normal data, the reconstruction errors of anomalous scenes are usually much larger than those of normal ones. Previous methods introduced the memory bank into AE, for encoding diverse normal patterns across the training videos. However, they are memory-consuming and cannot cope with unseen new scenarios in the testing data. In this work, we propose a dynamic prototype unit (DPU) to encode the normal dynamics as prototypes in real time, free from extra memory cost. In addition, we introduce meta-learning to our DPU to form a novel few-shot normalcy learner, namely Meta-Prototype Unit (MPU). It enables the fast adaption capability on new scenes by only consuming a few iterations of update. Extensive experiments are conducted on various benchmarks. The superior performance over the state-of-the-art demonstrates the effectiveness of our method. Our code is available at https://github.com/ktr-hubrt/MPN/."
W4390190101,,Leveraging Visual Attention for out-of-Distribution Detection,2023,Proceedings of the IEEE/CVF International Conference on Computer Vision (ICCV) Workshops,6,Perception-related,Foundation Model and Adaptive Learning,0.3625,0.2262,,False,seed,,"Out-of-Distribution (OOD) detection is a crucial challenge in computer vision, especially when deploying machine learning models in the real world. In this paper, we propose a novel OOD detection method leveraging Visual Attention Heatmaps from a Vision Transformer (ViT) classifier. Our approach involves training a Convolutional Autoencoder to reconstruct attention heatmaps produced by a ViT classifier, enabling accurate image reconstruction and effective OOD detection. Moreover, our method does not require additional labels during training, ensuring efficiency and ease of implementation. We validate our approach on a standard OOD benchmark using CIFAR10 and CIFAR100. To test OOD in a real-world setting we also collected a novel dataset: WildCapture. Our new dataset comprises more than 60k wild animal shots, from 15 different wildlife species, taken via phototraps in varying lighting conditions. The dataset is fully annotated with animal bounding boxes and species."
W2948689753,,Likelihood Ratios for Out-of-Distribution Detection,2019,"Advances in Neural Information Processing Systems 32: Annual Conference on Neural Information Processing Systems 2019, NeurIPS 2019, December 8-14, 2019, Vancouver, BC, Canada",8,Perception-related,Probability and Confidence Scores,0.3437,0.1293,,False,seed,,"Discriminative neural networks offer little or no performance guarantees when deployed on data not generated by the same process as the training distribution. On such out-of-distribution (OOD) inputs, the prediction may not only be erroneous, but confidently so, limiting the safe deployment of classifiers in real-world applications. One such challenging application is bacteria identification based on genomic sequences, which holds the promise of early detection of diseases, but requires a model that can output low confidence predictions on OOD genomic sequences from new bacteria that were not present in the training data. We introduce a genomics dataset for OOD detection that allows other researchers to benchmark progress on this important problem. We investigate deep generative model based approaches for OOD detection and observe that the likelihood score is heavily affected by population level background statistics. We propose a likelihood ratio method for deep generative models which effectively corrects for these confounding background statistics. We benchmark the OOD detection performance of the proposed method against existing approaches on the genomics dataset and show that our method achieves state-of-the-art performance. We demonstrate the generality of the proposed method by showing that it significantly improves OOD detection when applied to deep generative models of images."
W2791898919,,Mergenet: A deep net architecture for small obstacle discovery,2018,2018 IEEE International Conference on Robotics and Automation (ICRA),3,Perception-related,Foundation Model and Adaptive Learning,0.4698,0.1293,,False,seed,,"We present here, a novel network architecture called MergeNet for discovering small obstacles for on-road scenes in the context of autonomous driving. The basis of the architecture rests on the central consideration of training with less amount of data since the physical setup and the annotation process for small obstacles is hard to scale. For making effective use of the limited data, we propose a multi-stage training procedure involving weight-sharing, separate learning of low and high level features from the RGBD input and a refining stage which learns to fuse the obtained complementary features. The model is trained and evaluated on the Lost and Found dataset and is able to achieve state-of-art results with just 135 images in comparison to the 1000 images used by the previous benchmark. Additionally, we also compare our results with recent methods trained on 6000 images and show that our method achieves comparable performance with only 1000 training samples."
W3089756992,,Misbehaviour prediction for autonomous driving systems,2020,Proceedings of the ACM/IEEE 42nd international conference on software engineering,138,Trajectory-related,Challenging the System Under Test,0.5602,0.0545,,False,seed,,"Deep Neural Networks (DNNs) are the core component of modern autonomous driving systems. To date, it is still unrealistic that a DNN will generalize correctly to all driving conditions. Current testing techniques consist of offline solutions that identify adversarial or corner cases for improving the training phase."
W2959716684,,MIT advanced vehicle technology study: Large-scale naturalistic driving study of driver behavior and interaction with automation,2019,IEEE Access,225,Trajectory-related,Machine Learning (trajectory),0.5374,0.0276,,False,seed,,"Today, and possibly for a long time to come, the full driving task is too complex an activity to be fully formalized as a sensing-acting robotics system that can be explicitly solved through model-based and learning-based approaches in order to achieve full unconstrained vehicle autonomy. Localization, mapping, scene perception, vehicle control, trajectory optimization, and higher-level planning decisions associated with autonomous vehicle development remain full of open challenges. This is especially true for unconstrained, real-world operation where the margin of allowable error is extremely small and the number of edge-cases is extremely large. Until these problems are solved, human beings will remain an integral part of the driving task, monitoring the AI system as it performs anywhere from just over 0% to just under 100% of the driving. The governing objectives of the MIT Advanced Vehicle Technology (MIT-AVT) study are to 1) undertake large-scale real-world driving data collection that includes high-definition video to fuel the development of deep learning-based internal and external perception systems; 2) gain a holistic understanding of how human beings interact with vehicle automation technology by integrating video data with vehicle state data, driver characteristics, mental models, and self-reported experiences with technology; and 3) identify how technology and other factors related to automation adoption and use can be improved in ways that save lives. In pursuing these objectives, we have instrumented 23 Tesla Model S and Model X vehicles, 2 Volvo S90 vehicles, 2 Range Rover Evoque, and 2 Cadillac CT6 vehicles for both long-term (over a year per driver) and medium-term (one month per driver) naturalistic driving data collection. Furthermore, we are continually developing new methods for the analysis of the massive-scale dataset collected from the instrumented vehicle fleet. The recorded data streams include IMU, GPS, and CAN messages, and high-definition video streams of the driver's face, the driver cabin, the forward roadway, and the instrument cluster (on select vehicles). The study is on-going and growing. To date, we have 122 participants, 15610 days of participation, 511638 mi, and 7.1 billion video frames. This paper presents the design of the study, the data collection hardware, the processing of the data, and the computer vision algorithms currently being used to extract actionable knowledge from the data."
W3120426221,,Mit-avt clustered driving scene dataset: Evaluating perception systems in real-world naturalistic driving scenarios,2020,2020 IEEE Intelligent Vehicles Symposium (IV),10,Perception-related,Foundation Model and Adaptive Learning,0.5064,0.1443,,False,seed,,"Solving the driving scene perception problem for driver-assistance systems and autonomous vehicles requires accurate and robust performance in both regularly-occurring driving scenarios (termed “common cases”) and rare outlier scenarios (termed “edge cases”). We propose an automated method for clustering common cases and detecting edge cases based on the visual characteristics of the external scene using deep learning. We apply this approach to develop a large-scale real-world video driving scene dataset of edge cases and common cases. This dataset consists of 1,156,592 10-second video clips, including 450 clusters of common cases, and 5,601 edge cases. We assign human-interpretable metadata labels (e.g., weather, lighting conditions) to the clusters through manual annotation. We further propose two automated methods for large-scale evaluation of scene segmentation models on naturalistic driving datasets that can capture potential system failures without human inspection. Video illustrations of select clusters will be made available to help with future research."
W3159616808,,Mood: Multi-level out-of-distribution detection,2021,Proceedings of the IEEE CVF Conference on Computer Vision and Pattern Recognition,77,Perception-related,Reconstructive and Generative,0.2568,0.0777,,False,seed,,"Out-of-distribution (OOD) detection is essential to prevent anomalous inputs from causing a model to fail during deployment. While improved OOD detection methods have emerged, they often rely on the final layer outputs and require a full feedforward pass for any given input. In this paper, we propose a novel framework, multi-level out-of-distribution detection (MOOD), which exploits intermediate classifier outputs for dynamic and efficient OOD inference. We explore and establish a direct relationship between the OOD data complexity and optimal exit level, and show that easy OOD examples can be effectively detected early without propagating to deeper layers. At each exit, the OOD examples can be distinguished through our proposed adjusted energy score, which is both empirically and theoretically suitable for networks with multiple classifiers. We extensively evaluate MOOD across 10 OOD datasets spanning a wide range of complexities. Experiments demonstrate that MOOD achieves up to 71.05% computational reduction in inference, while maintaining competitive OOD detection performance."
W3110913339,,Multi-modal anomaly detection for unstructured and uncertain environments,2020,arXiv preprint arXiv:2012.08637,13,Perception-related,Reconstructive and Generative,0.4904,0.1626,,False,seed,,"To achieve high-levels of autonomy, modern robots require the ability to detect and recover from anomalies and failures with minimal human supervision. Multi-modal sensor signals could provide more information for such anomaly detection tasks; however, the fusion of high-dimensional and heterogeneous sensor modalities remains a challenging problem. We propose a deep learning neural network: supervised variational autoencoder (SVAE), for failure identification in unstructured and uncertain environments. Our model leverages the representational power of VAE to extract robust features from high-dimensional inputs for supervised learning tasks. The training objective unifies the generative model and the discriminative model, thus making the learning a one-stage procedure. Our experiments on real field robot data demonstrate superior failure identification performance than baseline methods, and that our model learns interpretable representations. Videos of our results are available on our website: https://sites.google.com/illinois.edu/supervised-vae ."
W3201093223,,Multipath propagation analysis and ghost target removal for FMCW automotive radars,2020,IET International Radar Conference (IET IRC 2020),62,Trajectory-related,Surrogate Safety Metrics,0.1597,-0.0086,,False,seed,,
W3199830576,,No True State-of-the-Art? OOD Detection Methods are Inconsistent across Datasets,2021,CoRR,8,Perception-related,Other Perception Methods,0.2231,0.014,,False,seed,,"Out-of-distribution detection is an important component of reliable ML systems. Prior literature has proposed various methods (e.g., MSP (Hendrycks &amp; Gimpel, 2017), ODIN (Liang et al., 2018), Mahalanobis (Lee et al., 2018)), claiming they are state-of-the-art by showing they outperform previous methods on a selected set of in-distribution (ID) and out-of-distribution (OOD) datasets. In this work, we show that none of these methods are inherently better at OOD detection than others on a standardized set of 16 (ID, OOD) pairs. We give possible explanations for these inconsistencies with simple toy datasets where whether one method outperforms another depends on the structure of the ID and OOD datasets in question. Finally, we show that a method outperforming another on a certain (ID, OOD) pair may not do so in a low-data regime. In the low-data regime, we propose a distance-based method, Pairwise OOD detection (POD), which is based on Siamese networks and improves over Mahalanobis by sidestepping the expensive covariance estimation step. Our results suggest that the OOD detection problem may be too broad, and we should consider more specific structures for leverage."
W2991167084,,Novelty detection via blurring,2020,The International Conference on Learning Representations (ICLR) 2020,13,Perception-related,Reconstructive and Generative,0.4594,0.2624,,False,seed,,"Conventional out-of-distribution (OOD) detection schemes based on variational autoencoder or Random Network Distillation (RND) have been observed to assign lower uncertainty to the OOD than the target distribution. In this work, we discover that such conventional novelty detection schemes are also vulnerable to the blurred images. Based on the observation, we construct a novel RND-based OOD detector, SVD-RND, that utilizes blurred images during training. Our detector is simple, efficient at test time, and outperforms baseline OOD detectors in various domains. Further results show that SVD-RND learns better target distribution representation than the baseline RND algorithm. Finally, SVD-RND combined with geometric transform achieves near-perfect detection accuracy on the CelebA dataset."
W4286285539,10.1109/iv51971.2022.9827078,On Why the System Makes the Corner Case: AI-based Holistic Anomaly Detection for Autonomous Driving,2022,2022 IEEE Intelligent Vehicles Symposium (IV),13,Trajectory-related,Machine Learning (trajectory),0.5023,0.079,,False,seed,,"One big challenge regarding the development of highly automated driving (HAD) functions is validation and, in particular, providing proof of the desired functionality in any given scenario. Especially, corner cases, representing atypical, rare scenarios such as unexpected object movements are of high interest and thus must be detected to treat them with special attention. First, this paper presents a taxonomy for corner cases (CC) with focus on HAD. Specifically, so-called systemic corner cases (SCC) are introduced. Next, a feasibility study is presented on how these SCCs can be detected using different Machine Learning (ML) approaches for anomaly detection. We propose to use a hybrid ensemble of a One-Class Support Vector Machine (OCSVM) and a Clustering-Based Local Outlier Factor (CBLOF) incorporating domain knowledge to account for the nature of corner cases in timely correlated scenarios. The underlying data are unlabeled multivariate time series of HAD-system internal variables. Our experiments on both, synthetically generated and representative real-world CC, show that the hybrid ensemble can detect a variety of real corner cases, which allows for promising validation support of HAD functions."
W3025364354,10.1109/itsc45102.2020.9294609,Online Monitoring for Neural Network Based Monocular Pedestrian Pose Estimation,2020,"23rd IEEE International Conference on Intelligent Transportation Systems 2020, Rhodes, Greece, September 20-23, 2020",3,Perception-related,Probability and Confidence Scores,0.3682,0.0829,,False,seed,,"Several autonomy pipelines now have core components that rely on deep learning approaches. While these approaches work well in nominal conditions, they tend to have unexpected and severe failure modes that create concerns when used in safety-critical applications, including self-driving cars. There are several works that aim to characterize the robustness of networks offline, but currently there is a lack of tools to monitor the correctness of network outputs online during operation. We investigate the problem of online output monitoring for neural networks that estimate 3D human shapes and poses from images. Our first contribution is to present and evaluate model-based and learning-based monitors for a human-pose-and-shape reconstruction network, and assess their ability to predict the output loss for a given test input. As a second contribution, we introduce an Adversarially-Trained Online Monitor (ATOM) that learns how to effectively predict losses from data. ATOM dominates model-based baselines and can detect bad outputs, leading to substantial improvements in human pose output quality. Our final contribution is an extensive experimental evaluation that shows that discarding outputs flagged as incorrect by ATOM improves the average error by 12.5%, and the worst-case error by 126.5%."
W3025364354,10.1109/itsc45102.2020.9294609,Online Monitoring for Neural Network Based Monocular Pedestrian Pose Estimation,2020,Intelligent Transportation Systems Conference 2020,3,Perception-related,Probability and Confidence Scores,0.3682,0.0829,,False,seed,,"Several autonomy pipelines now have core components that rely on deep learning approaches. While these approaches work well in nominal conditions, they tend to have unexpected and severe failure modes that create concerns when used in safety-critical applications, including self-driving cars. There are several works that aim to characterize the robustness of networks offline, but currently there is a lack of tools to monitor the correctness of network outputs online during operation. We investigate the problem of online output monitoring for neural networks that estimate 3D human shapes and poses from images. Our first contribution is to present and evaluate model-based and learning-based monitors for a human-pose-and-shape reconstruction network, and assess their ability to predict the output loss for a given test input. As a second contribution, we introduce an Adversarially-Trained Online Monitor (ATOM) that learns how to effectively predict losses from data. ATOM dominates model-based baselines and can detect bad outputs, leading to substantial improvements in human pose output quality. Our final contribution is an extensive experimental evaluation that shows that discarding outputs flagged as incorrect by ATOM improves the average error by 12.5%, and the worst-case error by 126.5%."
W4386075841,,Open-Set Semantic Segmentation for Point Clouds via Adversarial Prototype Framework,2023,Proceedings of the IEEE CVF Conference on Computer Vision and Pattern Recognition,15,Perception-related,Reconstructive and Generative,0.4332,0.223,,False,seed,,"Recently, point cloud semantic segmentation has attracted much attention in computer vision. Most of the existing works in literature assume that the training and testing point clouds have the same object classes, but they are generally invalid in many real-world scenarios for identifying the 3D objects whose classes are not seen in the training set. To address this problem, we propose an Adversarial Prototype Framework (APF) for handling the open-set 3D semantic segmentation task, which aims to identify 3D unseen-class points while maintaining the segmentation performance on seen-class points. The proposed APF consists of a feature extraction module for extracting point features, a prototypical constraint module, and a feature adversarial module. The prototypical constraint module is designed to learn prototypes for each seen class from point features. The feature adversarial module utilizes generative adversarial networks to estimate the distribution of unseenclass features implicitly, and the synthetic unseen-class features are utilized to prompt the model to learn more effective point features and prototypes for discriminating unseen-class samples from the seen-class ones. Experimental results on two public datasets demonstrate that the proposed APF outperforms the comparative methods by a large margin in most cases."
W3094983298,,Out-of-distribution detection for automotive perception,2021,2021 IEEE International Intelligent Transportation Systems Conference (ITSC),4,Perception-related,Probability and Confidence Scores,0.4974,0.0364,,False,seed,,"Neural networks (NNs) are widely used for object classification in autonomous driving. However, NNs can fail on input data not well represented by the training dataset, known as out-of-distribution (OOD) data. A mechanism to detect OOD samples is important for safety-critical applications, such as automotive perception, to trigger a safe fallback mode. NNs often rely on softmax normalization for confidence estimation, which can lead to high confidences being assigned to OOD samples, thus hindering the detection of failures. This paper presents a method for determining whether inputs are OOD, which does not require OOD data during training and does not increase the computational cost of inference. The latter property is especially important in automotive applications with limited computational resources and real-time constraints. Our proposed approach outperforms state-of-the-art methods on real-world automotive datasets."
W3197264024,10.1109/access.2021.3108451,Out-of-Distribution Detection for Deep Neural Networks With Isolation Forest and Local Outlier Factor,2021,IEEE Access,29,Perception-related,Feature and Activation Extraction,0.4146,0.184,,False,seed,,"Deep Neural Networks (DNNs) are extensively deployed in today’s safety-critical autonomous systems thanks to their high performance. However, they are known to make mistakes unpredictably, e.g., a DNN may misclassify an object if it is used for perception, or issue unsafe control commands if it is used for planning and control. One common cause for such unpredictable mistakes is Out-of-Distribution (OOD) inputs, i.e., test inputs that fall outside of the distribution of the training dataset. In this paper, we present a framework for OOD detection based on outlier detection in the hidden layers of a DNN by applying Isolation Forest (IF) and Local Outlier Factor (LOF) techniques. Extensive experimental evaluation indicates that LOF is a promising method in terms of both the Machine Learning metrics of precision, recall, F1 score and accuracy, and computational efficiency during testing."
W3197264024,,Out-of-distribution detection for deep neural networks with isolation forest and local outlier factor,2021,IEEE Access,29,Perception-related,Feature and Activation Extraction,0.4146,0.184,,False,seed,,"Deep Neural Networks (DNNs) are extensively deployed in today’s safety-critical autonomous systems thanks to their high performance. However, they are known to make mistakes unpredictably, e.g., a DNN may misclassify an object if it is used for perception, or issue unsafe control commands if it is used for planning and control. One common cause for such unpredictable mistakes is Out-of-Distribution (OOD) inputs, i.e., test inputs that fall outside of the distribution of the training dataset. In this paper, we present a framework for OOD detection based on outlier detection in the hidden layers of a DNN by applying Isolation Forest (IF) and Local Outlier Factor (LOF) techniques. Extensive experimental evaluation indicates that LOF is a promising method in terms of both the Machine Learning metrics of precision, recall, F1 score and accuracy, and computational efficiency during testing."
W3011951316,,Out-of-distribution detection in multi-label datasets using latent space of $\beta$-vae,2020,2020 IEEE Security and Privacy Workshops (SPW),4,Perception-related,Foundation Model and Adaptive Learning,0.4358,0.041,,False,seed,,"Learning Enabled Components (LECs) are widely being used in a variety of perception based autonomy tasks like image segmentation, object detection, end-to-end driving, etc. These components are trained with large image datasets with multimodal factors like weather conditions, time-of-day, traffic-density, etc. The LECs learn from these factors during training, and while testing if there is variation in any of these factors, the components get confused resulting in low confidence predictions. The images with factors not seen during training is commonly referred to as Out-of-Distribution (OOD). For safe autonomy it is important to identify the OOD images, so that a suitable mitigation strategy can be performed. Classical one-class classifiers like SVM and SVDD are used to perform OOD detection. However, the multiple labels attached to the images in these datasets, restricts the direct application of these techniques. We address this problem using the latent space of the $\beta$-Variational Autoencoder ($\beta$-VAE). We use the fact that compact latent space generated by an appropriately selected $\beta$-VAE will encode the information about these factors in a few latent variables, and that can be used for computationally inexpensive detection. We evaluate our approach on the nuScenes dataset, and our results shows the latent space of $\beta$-VAE is sensitive to encode changes in the values of the generative factor."
W4310440529,10.1609/aaai.v37i12.26732,Out-of-Distribution Detection Is Not All You Need,2023,AAAI 2023,29,Trajectory-related,Challenging the System Under Test,0.4184,0.146,,False,seed,,"The usage of deep neural networks in safety-critical systems is limited by our ability to guarantee their correct behavior. Runtime monitors are components aiming to identify unsafe predictions and discard them before they can lead to catastrophic consequences. Several recent works on runtime monitoring have focused on out-of-distribution (OOD) detection, i.e., identifying inputs that are different from the training data. In this work, we argue that OOD detection is not a well-suited framework to design efficient runtime monitors and that it is more relevant to evaluate monitors based on their ability to discard incorrect predictions. We call this setting out-of-model-scope detection and discuss the conceptual differences with OOD. We also conduct extensive experiments on popular datasets from the literature to show that studying monitors in the OOD setting can be misleading: 1. very good OOD results can give a false impression of safety, 2. comparison under the OOD setting does not allow identifying the best monitor to detect errors. Finally, we also show that removing erroneous training data samples helps to train better monitors."
W4223977507,,Out-of-Distribution Detection with Deep Nearest Neighbors,2022,"International Conference on Machine Learning, ICML 2022, 17-23 July 2022, Baltimore, Maryland, USA",61,Perception-related,Feature and Activation Extraction,0.3856,0.1403,,False,seed,,"Out-of-distribution (OOD) detection is a critical task for deploying machine learning models in the open world. Distance-based methods have demonstrated promise, where testing samples are detected as OOD if they are relatively far away from in-distribution (ID) data. However, prior methods impose a strong distributional assumption of the underlying feature space, which may not always hold. In this paper, we explore the efficacy of non-parametric nearest-neighbor distance for OOD detection, which has been largely overlooked in the literature. Unlike prior works, our method does not impose any distributional assumption, hence providing stronger flexibility and generality. We demonstrate the effectiveness of nearest-neighbor-based OOD detection on several benchmarks and establish superior performance. Under the same model trained on ImageNet-1k, our method substantially reduces the false positive rate (FPR@TPR95) by 24.77% compared to a strong baseline SSD+, which uses a parametric approach Mahalanobis distance in detection. Code is available: https://github.com/deeplearning-wisc/knn-ood."
W4223977507,,Out-of-Distribution Detection with Deep Nearest Neighbors,2022,ICML 2022,61,Perception-related,Feature and Activation Extraction,0.3856,0.1403,,False,seed,,"Out-of-distribution (OOD) detection is a critical task for deploying machine learning models in the open world. Distance-based methods have demonstrated promise, where testing samples are detected as OOD if they are relatively far away from in-distribution (ID) data. However, prior methods impose a strong distributional assumption of the underlying feature space, which may not always hold. In this paper, we explore the efficacy of non-parametric nearest-neighbor distance for OOD detection, which has been largely overlooked in the literature. Unlike prior works, our method does not impose any distributional assumption, hence providing stronger flexibility and generality. We demonstrate the effectiveness of nearest-neighbor-based OOD detection on several benchmarks and establish superior performance. Under the same model trained on ImageNet-1k, our method substantially reduces the false positive rate (FPR@TPR95) by 24.77% compared to a strong baseline SSD+, which uses a parametric approach Mahalanobis distance in detection. Code is available: https://github.com/deeplearning-wisc/knn-ood."
W2990866385,10.3233/faia200375,Outside the Box: Abstraction-Based Monitoring of Neural Networks,2020,"ECAI 2020 - 24th European Conference on Artificial Intelligence, 29 August-8 September 2020, Santiago de Compostela, Spain",24,Perception-related,Feature and Activation Extraction,0.4027,0.1648,,False,seed,,"Neural networks have demonstrated unmatched performance in a range of classification tasks. Despite numerous efforts of the research community, novelty detection remains one of the significant limitations of neural networks. The ability to identify previously unseen inputs as novel is crucial for our understanding of the decisions made by neural networks. At runtime, inputs not falling into any of the categories learned during training cannot be classified correctly by the neural network. Existing approaches treat the neural network as a black box and try to detect novel inputs based on the confidence of the output predictions. However, neural networks are not trained to reduce their confidence for novel inputs, which limits the effectiveness of these approaches. We propose a framework to monitor a neural network by observing the hidden layers. We employ a common abstraction from program analysis - boxes - to identify novel behaviors in the monitored layers, i.e., inputs that cause behaviors outside the box. For each neuron, the boxes range over the values seen in training. The framework is efficient and flexible to achieve a desired trade-off between raising false warnings and detecting novel inputs. We illustrate the performance and the robustness to variability in the unknown classes on popular image-classification benchmarks."
W3196228097,10.1007/978-3-030-88494-9_18,PerceMon: Online Monitoring for Perception Systems,2021,"Runtime Verification - 21st International Conference, RV 2021, Virtual Event, October 11-14, 2021, Proceedings",1,Perception-related,Other Perception Methods,0.3912,0.1566,,False,seed,,
W3135329277,,Pixel-wise anomaly detection in complex driving scenes,2021,Proceedings of the IEEE CVF conference on computer vision and pattern recognition,15,Perception-related,Feature and Activation Extraction,0.4717,0.1814,,False,seed,,"The inability of state-of-the-art semantic segmentation methods to detect anomaly instances hinders them from being deployed in safety-critical and complex applications, such as autonomous driving. Recent approaches have focused on either leveraging segmentation uncertainty to identify anomalous areas or re-synthesizing the image from the semantic label map to find dissimilarities with the input image. In this work, we demonstrate that these two methodologies contain complementary information and can be combined to produce robust predictions for anomaly segmentation. We present a pixel-wise anomaly detection framework that uses uncertainty maps to improve over existing re-synthesis methods in finding dissimilarities between the input and generated images. Our approach works as a general framework around already trained segmentation networks, which ensures anomaly detection without compromising segmentation accuracy, while significantly out performing all similar methods. Top-2 performance across a range of different anomaly datasets shows the robustness of our approach to handling different anomaly instances."
W2936698298,,Predicted road traffic fatalities in Germany: the potential and limitations of  vehicle safety technologies from passive safety to highly automated driving,2018,,18,Trajectory-related,Challenging the System Under Test,0.4829,0.1456,,False,seed,,"It has been proposed that automated vehicles will greatly increase road traffic safety. However, few attempts have been made to quantify this thesis and to compare the expected benefits with more traditional safety systems. This study was carried out in five steps, adding systems in each step (from passive safety, standard Advances Driver Assistance Systems (ADAS), advanced ADAS, safety-minded driving, to cautious driving) in order to capture the benefit of increasing levels of automation. Conservative and optimistic rules based on the expected performance of each safety system were developed and applied to the German In-Depth Accident Study database. Adding safety systems was effective in preventing fatalities, ranging from 12-13% (step 1, passive safety, no automation, conservative-optimistic estimate) to 45-63% (step 5, cautious driving). The highest automation level, in step 5, achieved a reduction of Vulnerable Road User (VRU) fatalities of 33-41%. Thus, passive and active safety systems contribute substantially to preventing fatalities and their further development and deployment should not be abandoned. Even the safest foreseeable, highly automated passenger cars are not likely to avoid all crashes and all road traffic fatalities. While increased market penetration across safety systems will make road traffic substantially safer, more efforts are needed to protect VRUs."
W2945526826,,Predicting Model Failure using Saliency Maps in Autonomous Driving Systems,2019,arXiv e-prints,15,Trajectory-related,Challenging the System Under Test,0.513,0.1418,,False,seed,,"While machine learning systems show high success rate in many complex tasks, research shows they can also fail in very unexpected situations. Rise of machine learning products in safety-critical industries cause an increase in attention in evaluating model robustness and estimating failure probability in machine learning systems. In this work, we propose a design to train a student model -- a failure predictor -- to predict the main model's error for input instances based on their saliency map. We implement and review the preliminary results of our failure predictor model on an autonomous vehicle steering control system as an example of safety-critical applications."
W3214903388,10.1609/aaai.v36i7.20752,Provable Guarantees for Understanding Out-of-Distribution Detection,2022,AAAI 2022,47,Perception-related,Probability and Confidence Scores,0.3282,0.0202,,False,seed,,"Out-of-distribution (OOD) detection is important for deploying machine learning models in the real world, where test data from shifted distributions can naturally arise. While a plethora of algorithmic approaches have recently emerged for OOD detection, a critical gap remains in theoretical understanding. In this work, we develop an analytical framework that characterizes and unifies the theoretical understanding for OOD detection. Our analytical framework motivates a novel OOD detection method for neural networks, GEM, which demonstrates both theoretical and empirical superiority. In particular, on CIFAR-100 as in-distribution data, our method outperforms a competitive baseline by 16.57% (FPR95). Lastly, we formally provide provable guarantees and comprehensive analysis of our method, underpinning how various properties of data distribution affect the performance of OOD detection."
W3183338929,,Provably-robust runtime monitoring of neuron activation patterns,2021,"2021 Design, Automation {\&} Test in Europe Conference {\&} Exhibition (DATE)",13,Trajectory-related,Challenging the System Under Test,0.454,0.0856,,False,seed,,"For deep neural networks (DNNs) to be used in safety-critical autonomous driving tasks, it is desirable to monitor in operation time if the input for the DNN is similar to the data used in DNN training. While recent results in monitoring DNN activation patterns provide a sound guarantee due to building an abstraction out of the training data set, reducing false positives due to slight input perturbation has been an issue towards successfully adapting the techniques. We address this challenge by integrating formal symbolic reasoning inside the monitor construction process. The algorithm performs a sound worst-case estimate of neuron values with inputs (or features) subject to perturbation, before the abstraction function is applied to build the monitor. The provable robustness is further generalized to cases where monitoring a single neuron can use more than one bit, implying that one can record activation patterns with a fine-grained decision on the neuron value interval."
W3184202105,,Radar ghost target detection via multimodal transformers,2021,IEEE Robotics and Automation Letters,26,Perception-related,Reconstructive and Generative,0.4274,0.233,,False,seed,,"Ghost targets caused by inter-reflections are by design unavoidable in radar measurements, and it is challenging to distinguish these artifact detections from real ones. In this letter, we propose a novel approach to detect radar ghost targets by using LiDAR data as a reference. For this, we adopt a multimodal transformer network to learn interactions between points. We employ self-attention to exchange information between radar points, and local crossmodal attention to infuse information from surrounding LiDAR points. The key idea is that a ghost target should have higher semantic affinity with the reflected real target than the other ones. Extensive experiments on nuScenes [1] show that our method outperforms the baseline method on radar ghost target detection by a large margin."
W3213465214,,ReAct: Out-of-distribution Detection With Rectified Activations,2021,"Advances in Neural Information Processing Systems 34: Annual Conference on Neural Information Processing Systems 2021, NeurIPS 2021, December 6-14, 2021, virtual",46,Perception-related,Probability and Confidence Scores,0.2946,0.0783,,False,seed,,"Out-of-distribution (OOD) detection has received much attention lately due to its practical importance in enhancing the safe deployment of neural networks. One of the primary challenges is that models often produce highly confident predictions on OOD data, which undermines the driving principle in OOD detection that the model should only be confident about in-distribution samples. In this work, we propose ReAct--a simple and effective technique for reducing model overconfidence on OOD data. Our method is motivated by novel analysis on internal activations of neural networks, which displays highly distinctive signature patterns for OOD distributions. Our method can generalize effectively to different network architectures and different OOD detection scores. We empirically demonstrate that ReAct achieves competitive detection performance on a comprehensive suite of benchmark datasets, and give theoretical explication for our method's efficacy. On the ImageNet benchmark, ReAct reduces the false positive rate (FPR95) by 25.05% compared to the previous best method."
W3042173136,,Real-time fusion network for RGB-D semantic segmentation incorporating unexpected obstacle detection for road-driving images,2020,IEEE robotics and automation letters,165,Perception-related,Foundation Model and Adaptive Learning,0.4164,0.1291,,False,seed,,"Semantic segmentation has made striking progress due to the success of deep convolutional neural networks. Considering the demands of autonomous driving, real-time semantic segmentation has become a research hotspot these years. However, few real-time RGB-D fusion semantic segmentation studies are carried out despite readily accessible depth information nowadays. In this letter, we propose a real-time fusion semantic segmentation network termed RFNet that effectively exploits complementary cross-modal information. Building on an efficient network architecture, RFNet is capable of running swiftly, which satisfies autonomous vehicles applications. Multi-dataset training is leveraged to incorporate unexpected small obstacle detection, enriching the recognizable classes required to face unforeseen hazards in the real world. A comprehensive set of experiments demonstrates the effectiveness of our framework. On Cityscapes, Our method outperforms previous state-of-the-art semantic segmenters, with excellent accuracy and 22 Hz inference speed at the full 2048 × 1024 resolution, outperforming most existing RGB-D networks."
W3027099759,10.1109/iccps48487.2020.00024,Real-time Out-of-distribution Detection in Learning-Enabled Cyber-Physical Systems,2020,"11th ACM/IEEE International Conference on Cyber-Physical Systems, ICCPS 2020, Sydney, Australia, April 21-25, 2020",62,Trajectory-related,Machine Learning (trajectory),0.3925,0.0331,,False,seed,,"Cyber-physical systems (CPS) greatly benefit by using machine learning components that can handle the uncertainty and variability of the real-world. Typical components such as deep neural networks, however, introduce new types of hazards that may impact system safety. The system behavior depends on data that are available only during runtime and may be different than the data used for training. Out-of-distribution data may lead to a large error and compromise safety. The paper considers the problem of efficiently detecting out-of-distribution data in CPS control systems. Detection must be robust and limit the number of false alarms while being computational efficient for real-time monitoring. The proposed approach leverages inductive conformal prediction and anomaly detection for developing a method that has a well-calibrated false alarm rate. We use variational autoencoders and deep support vector data description to learn models that can be used efficiently compute the nonconformity of new inputs relative to the training set and enable realtime detection of out-of-distribution high-dimensional inputs. We demonstrate the method using an advanced emergency braking system and a self-driving end-to-end controller implemented in an open source simulator for self-driving cars. The simulation results show very small number of false positives and detection delay while the execution time is comparable to the execution time of the original machine learning components."
W3201876338,,Road anomaly detection by partial image reconstruction with segmentation coupling,2021,Proceedings of the IEEE/CVF International Conference on Computer Vision,83,Perception-related,Feature and Activation Extraction,0.4518,0.0733,,False,seed,,"We present a novel approach to the detection of unknown objects in the context of autonomous driving. The problem is formulated as anomaly detection, since we assume that the unknown stuff or object appearance cannot be learned. To that end, we propose a reconstruction module that can be used with many existing semantic segmentation networks, and that is trained to recognize and reconstruct road (drivable) surface from a small bottleneck. We postulate that poor reconstruction of the road surface is due to areas that are outside of the training distribution, which is a strong indicator of an anomaly. The road structural similarity error is coupled with the semantic segmentation to incorporate information from known classes and produce final per-pixel anomaly scores. The proposed JSR-Net was evaluated on four datasets, Lost-and-found, Road Anomaly, Road Obstacles, and FishyScapes, achieving state-of-art performance on all, reducing the false positives significantly, while typically having the highest average precision for wide range of operation points."
W4387225824,,Runtime Monitoring DNN-Based Perception,2023,Runtime Verification,5,Perception-related,Foundation Model and Adaptive Learning,0.3653,0.1066,,False,seed,,
W4323026694,10.1007/978-3-031-27481-7_36,Runtime Monitoring for Out-of-Distribution Detection in Object Detection Neural Networks,2023,"Formal Methods - 25th International Symposium, FM 2023, L{\""{u}}beck, Germany, March 6-10, 2023, Proceedings",9,Perception-related,Probability and Confidence Scores,0.4023,0.1438,,False,seed,,
W2963668975,,Runtime Monitoring Neuron Activation Patterns,2018,,77,Perception-related,Feature and Activation Extraction,0.3523,0.0811,,False,seed,,"For using neural networks in safety critical domains, it is important to know if a decision made by a neural network is supported by prior similarities in training. We propose runtime neuron activation pattern monitoring - after the standard training process, one creates a monitor by feeding the training data to the network again in order to store the neuron activation patterns in abstract form. In operation, a classification decision over an input is further supplemented by examining if a pattern similar (measured by Hamming distance) to the generated pattern is contained in the monitor. If the monitor does not contain any pattern similar to the generated pattern, it raises a warning that the decision is not based on the training data. Our experiments show that, by adjusting the similarity-threshold for activation patterns, the monitors can report a significant portion of misclassfications to be not supported by training with a small false-positive rate, when evaluated on a test set."
W2963668975,,Runtime monitoring neuron activation patterns,2019,"2019 Design, Automation {\&} Test in Europe Conference {\&} Exhibition (DATE)",77,Perception-related,Feature and Activation Extraction,0.3523,0.0811,,False,seed,,"For using neural networks in safety critical domains, it is important to know if a decision made by a neural network is supported by prior similarities in training. We propose runtime neuron activation pattern monitoring - after the standard training process, one creates a monitor by feeding the training data to the network again in order to store the neuron activation patterns in abstract form. In operation, a classification decision over an input is further supplemented by examining if a pattern similar (measured by Hamming distance) to the generated pattern is contained in the monitor. If the monitor does not contain any pattern similar to the generated pattern, it raises a warning that the decision is not based on the training data. Our experiments show that, by adjusting the similarity-threshold for activation patterns, the monitors can report a significant portion of misclassfications to be not supported by training with a small false-positive rate, when evaluated on a test set."
W4390872222,,SAFE: Sensitivity-Aware Features for Out-of-Distribution Object Detection,2023,Proceedings of the IEEE/CVF International Conference on Computer Vision (ICCV),30,Perception-related,Foundation Model and Adaptive Learning,0.4139,0.2397,,False,seed,,"We address the problem of out-of-distribution (OOD) detection for the task of object detection. We show that residual convolutional layers with batch normalisation produce Sensitivity-Aware FEatures (SAFE) that are consistently powerful for distinguishing in-distribution from out-of-distribution detections. We extract SAFE vectors for every detected object, and train a multilayer perceptron on the surrogate task of distinguishing adversarially perturbed from clean in-distribution examples. This circumvents the need for realistic OOD training data, computationally expensive generative models, or retraining of the base object detector. SAFE outperforms the state-of-the-art OOD object detectors on multiple benchmarks by large margins, e.g. reducing the FPR95 by an absolute 30.6% from 48.3% to 17.7% on the OpenImages dataset."
W2960571241,10.1136/injuryprev-2019-043134,Safety at the edge: A safety framework to identify edge conditions in the future transportation system with highly automated vehicles,2020,Injury Prevention,5,Trajectory-related,Surrogate Safety Metrics,0.5988,0.2252,,False,seed,,"Automated driving systems (ADS) have the potential for improving safety but also pose the risk of extending the transportation system beyond its edge conditions , beyond the operating conditions (operational design domain (ODD)) under which a given ADS or feature thereof is specifically designed to function. The ODD itself is a function of the known bounds and the unknown bounds of operation. The known bounds are those defined by vehicle designers; the unknown bounds arise based on a person operating the system outside the assumptions on which the vehicle was built. The process of identifying and mitigating risk of possible failures at the edge conditions is a cornerstone of systems safety engineering (SSE); however, SSE practitioners may not always account for the assumptions on which their risk mitigation resolutions are based. This is a particularly critical issue with the algorithms developed for highly automated vehicles (HAVs). The injury prevention community, engineers and designers must recognise that automation has introduced a fundamental shift in transportation safety and requires a new paradigm for transportation epidemiology and safety science that incorporates what edge conditions exist and how they may incite failure. Towards providing a foundational organising framework for the injury prevention community to engage with HAV development, we propose a blending of two classic safety models: the Swiss Cheese Model, which is focused on safety layers and redundancy, and the Haddon Matrix, which identifies actors and their responsibilities before, during and after an event."
W3113089224,10.48550/arxiv.1911.11132,Scaling Out-of-Distribution Detection for Real-World Settings,2019,arXiv preprint arXiv:1911.11132,179,Perception-related,Feature and Activation Extraction,0.451,0.1696,,False,seed,,"Detecting out-of-distribution examples is important for safety-critical machine learning applications such as detecting novel biological phenomena and self-driving cars. However, existing research mainly focuses on simple small-scale settings. To set the stage for more realistic out-of-distribution detection, we depart from small-scale settings and explore large-scale multiclass and multi-label settings with high-resolution images and thousands of classes. To make future work in real-world settings possible, we create new benchmarks for three large-scale settings. To test ImageNet multiclass anomaly detectors, we introduce the Species dataset containing over 700,000 images and over a thousand anomalous species. We leverage ImageNet-21K to evaluate PASCAL VOC and COCO multilabel anomaly detectors. Third, we introduce a new benchmark for anomaly segmentation by introducing a segmentation benchmark with road anomalies. We conduct extensive experiments in these more realistic settings for out-of-distribution detection and find that a surprisingly simple detector based on the maximum logit outperforms prior methods in all the large-scale multi-class, multi-label, and segmentation tasks, establishing a simple new baseline for future work."
W3035370831,,Self-supervised domain mismatch estimation for autonomous perception,2020,Proceedings of the IEEE CVF Conference on Computer Vision and Pattern Recognition Workshops,1,Perception-related,Foundation Model and Adaptive Learning,0.4351,0.0747,,False,seed,,"Autonomous driving requires self awareness of its perception functions. Technically spoken, this can be realized by observers, which monitor the performance indicators of various perception modules. In this work we choose, exemplarily, a semantic segmentation to be monitored, and propose an autoencoder, trained in a self-supervised fashion on the very same training data as the semantic segmentation to be monitored. While the autoencoder's image reconstruction performance (PSNR) during online inference shows already a good predictive power w.r.t. semantic segmentation performance, we propose a novel domain mismatch metric DM as the earth mover's distance between a pre-stored PSNR distribution on training (source) data, and an online-acquired PSNR distribution on any inference (target) data. We are able to show by experiments that the DM metric has a strong rank order correlation with the semantic segmentation within its functional scope. We also propose a training domain-dependent threshold for the DM metric to define this functional scope."
W4212876679,,Spatio-temporal feature encoding for traffic accident detection in VANET environment,2022,IEEE Transactions on Intelligent Transportation Systems,134,Perception-related,Feature and Activation Extraction,0.3901,0.1193,,False,seed,,"In the Vehicular Ad hoc Networks (VANET) environment, recognizing traffic accident events in the driving videos captured by vehicle-mounted cameras is an essential task. Generally, traffic accidents have a short duration in driving videos, and the backgrounds of driving videos are dynamic and complex. These make traffic accident detection quite challenging. To effectively and efficiently detect accidents from the driving videos, we propose an accident detection approach based on spatio–temporal feature encoding with a multilayer neural network. Specifically, the multilayer neural network is used to encode the temporal features of video for clustering the video frames. From the obtained frame clusters, we detect the border frames as the potential accident frames. Then, we capture and encode the spatial relationships of the objects detected from these potential accident frames to confirm whether these frames are accident frames. The extensive experiments demonstrate that the proposed approach achieves promising detection accuracy and efficiency for traffic accident detection, and meets the real-time detection requirement in the VANET environment."
W3190308053,,Spatiotemporal consistency-enhanced network for video anomaly detection,2022,Pattern Recognition,154,Perception-related,Feature and Activation Extraction,0.4356,0.2185,,False,seed,,
W3183613752,,Standardized max logits: A simple yet effective approach for identifying unexpected road obstacles in urban-scene segmentation,2021,Proceedings of the IEEE/CVF International Conference on Computer Vision,5,Perception-related,Probability and Confidence Scores,0.5013,0.1728,,False,seed,,"Identifying unexpected objects on roads in semantic segmentation (e.g., identifying dogs on roads) is crucial in safetycritical applications. Existing approaches use images of unexpected objects from external datasets or require additional training (e.g., retraining segmentation networks or training an extra network), which necessitate a non-trivial amount of labor intensity or lengthy inference time. One possible alternative is to use prediction scores of a pretrained network such as the max logits (i.e., maximum values among classes before the final softmax layer) for detecting such objects. However, the distribution of max logits of each predicted class is significantly different from each other, which degrades the performance of identifying unexpected objects in urban-scene segmentation. To address this issue, we propose a simple yet effective approach that standardizes the max logits in order to align the different distributions and reflect the relative meanings of max logits within each predicted class. Moreover, we consider the local regions from two different perspectives based on the intuition that neighboring pixels share similar semantic information. In contrast to previous approaches, our method does not utilize any external datasets or require additional training, which makes our method widely applicable to existing pretrained segmentation models. Such a straightforward approach achieves a new state-of-the-art performance on the publicly available Fishyscapes Lost & Found leader-board with a large margin. Our code is publicly available at this link <sup xmlns:mml=""http://www.w3.org/1998/Math/MathML"" xmlns:xlink=""http://www.w3.org/1999/xlink"">1</sup> ."
W3120841571,10.1109/iv47402.2020.9304789,Systematization of Corner Cases for Visual Perception in Automated Driving,2020,"IEEE Intelligent Vehicles Symposium, Proceedings",63,Perception-related,Other Perception Methods,0.6759,0.2546,,False,seed,,"One major task in automated driving is the development of robust and safe visual perception modules. It is of utmost importance that visual perception reacts adequately to so-called corner cases, which range from overexposure of the image sensor to unexpected and potentially dangerous traffic situations. Their detection thus has high significance both as an online system in the intelligent vehicle, but also in the extraction of relevant training and test data for perception modules. In this paper, we provide a systematization of corner cases for visual perception in automated driving, with the categories being structured by detection complexity. Furthermore, we discuss existing metrics and datasets which can be used for the evaluation of corner case detection methods depending on their suitability to provide beneficial information for the various categories."
W4383097602,,Tackling clutter in radar data-label generation and detection using pointnet++,2023,2023 IEEE International Conference on Robotics and Automation (ICRA),14,Perception-related,Reconstructive and Generative,0.3203,0.0244,,False,seed,,"Radar sensors employed for environment perception, e.g. in autonomous vehicles, output a lot of unwanted clutter. These points, for which no corresponding real objects exist, are a major source of errors in following processing steps like object detection or tracking. We therefore present two novel neural network setups for identifying clutter. The input data, network architectures and training configuration are adjusted specifically for this task. Special attention is paid to the downsampling of point clouds composed of multiple sensor scans. In an extensive evaluation, the new setups display substantially better performance than existing approaches. Because there is no suitable public data set in which clutter is annotated, we design a method to automatically generate the respective labels. By applying it to existing data with object annotations and releasing its code, we effectively create the first freely available radar clutter data set representing realworld driving scenarios. Code and instructions are accessible at www.github.com/kopp-j/clutter-ds."
W2795800960,,Toward a Framework for Highly Automated Vehicle Safety Validation,2018,,118,Trajectory-related,Challenging the System Under Test,0.6412,0.2551,,False,seed,,"&lt;div class=""section abstract""&gt;&lt;div class=""htmlview paragraph""&gt;Validating the safety of Highly Automated Vehicles (HAVs) is a significant autonomy challenge. HAV safety validation strategies based solely on brute force on-road testing campaigns are unlikely to be viable. While simulations and exercising edge case scenarios can help reduce validation cost, those techniques alone are unlikely to provide a sufficient level of assurance for full-scale deployment without adopting a more nuanced view of validation data collection and safety analysis. Validation approaches can be improved by using higher fidelity testing to explicitly validate the assumptions and simplifications of lower fidelity testing rather than just obtaining sampled replication of lower fidelity results. Disentangling multiple testing goals can help by separating validation processes for requirements, environmental model sufficiency, autonomy correctness, autonomy robustness, and test scenario sufficiency. For autonomy approaches with implicit designs and requirements, such as machine learning training data sets, establishing observability points in the architecture can help ensure that vehicles pass the right tests for the right reason. These principles could improve both efficiency and effectiveness for demonstrating HAV safety as part of a phased validation plan that includes both a “driver test” and lifecycle monitoring as well as explicitly managing validation uncertainty.&lt;/div&gt;&lt;/div&gt;"
W3194885736,,Toward unsupervised 3d point cloud anomaly detection using variational autoencoder,2021,2021 IEEE International Conference on Image Processing (ICIP),23,Perception-related,Reconstructive and Generative,0.5319,0.3006,,False,seed,,"In this paper, we present an end-to-end unsupervised anomaly detection framework for 3D point clouds. To the best of our knowledge, this is the first work to tackle the anomaly detection task on a general object represented by a 3D point cloud. We propose a deep variational autoencoder based unsupervised anomaly detection network adapted to the 3D point cloud and an anomaly score specifically for 3D point clouds. To verify the effectiveness of the model, we conducted extensive experiments on ShapeNet dataset. Through quantitative and qualitative evaluation, we demonstrate that the proposed method outperforms the baseline method."
W2916408197,10.1109/ivs.2019.8813817,Towards corner case detection for autonomous driving,2019,"IEEE Intelligent Vehicles Symposium, Proceedings",8,Perception-related,Other Perception Methods,0.5421,0.1099,,False,seed,,"The progress in autonomous driving is also due to the increased availability of vast amounts of training data for the underlying machine learning approaches. Machine learning systems are generally known to lack robustness, e.g., if the training data did rarely or not at all cover critical situations. The challenging task of corner case detection in video, which is also somehow related to unusual event or anomaly detection, aims at detecting these unusual situations, which could become critical, and to communicate this to the autonomous driving system (online use case). Such a system, however, could be also used in offline mode to screen vast amounts of data and select only the relevant situations for storing and (re)training machine learning algorithms. So far, the approaches for corner case detection have been limited to videos recorded from a fixed camera, mostly for security surveillance. In this paper, we provide a formal definition of a corner case and propose a system framework for both the online and the offline use case that can handle video signals from front cameras of a naturally moving vehicle and can output a corner case score."
W2916408197,,Towards corner case detection for autonomous driving,2019,2019 IEEE Intelligent vehicles symposium (IV),8,Perception-related,Other Perception Methods,0.5421,0.1099,,False,seed,,"The progress in autonomous driving is also due to the increased availability of vast amounts of training data for the underlying machine learning approaches. Machine learning systems are generally known to lack robustness, e.g., if the training data did rarely or not at all cover critical situations. The challenging task of corner case detection in video, which is also somehow related to unusual event or anomaly detection, aims at detecting these unusual situations, which could become critical, and to communicate this to the autonomous driving system (online use case). Such a system, however, could be also used in offline mode to screen vast amounts of data and select only the relevant situations for storing and (re)training machine learning algorithms. So far, the approaches for corner case detection have been limited to videos recorded from a fixed camera, mostly for security surveillance. In this paper, we provide a formal definition of a corner case and propose a system framework for both the online and the offline use case that can handle video signals from front cameras of a naturally moving vehicle and can output a corner case score."
W3169651898,,Towards total recall in industrial anomaly detection,2022,Proceedings of the IEEE CVF Conference on Computer Vision and Pattern Recognition,1332,Perception-related,Feature and Activation Extraction,0.4727,0.2843,,False,seed,,"Being able to spot defective parts is a critical component in large-scale industrial manufacturing. A particular challenge that we address in this work is the cold-start problem: fit a model using nominal (non-defective) example images only. While handcrafted solutions per class are possible, the goal is to build systems that work well simultaneously on many different tasks automatically. The best peforming approaches combine embeddings from ImageNet models with an outlier detection model. In this paper, we extend on this line of work and propose PatchCore, which uses a maximally representative memory bank of nominal patch-features. PatchCore offers competitive inference times while achieving state-of-the-art performance for both detection and localization. On the challenging, widely used MVTec AD benchmark PatchCore achieves an image-level anomaly detection AUROC score of up to 99.6%, more than halving the error compared to the next best competitor. We further report competitive results on two additional datasets and also find competitive results in the few samples regime. Code: github.com/amazon-research/patchcore-inspection."
W4226207566,,Training OOD Detectors in their Natural Habitats,2022,"International Conference on Machine Learning, ICML 2022, 17-23 July 2022, Baltimore, Maryland, USA",15,Perception-related,Feature and Activation Extraction,0.382,0.0867,,False,seed,,"Out-of-distribution (OOD) detection is important for machine learning models deployed in the wild. Recent methods use auxiliary outlier data to regularize the model for improved OOD detection. However, these approaches make a strong distributional assumption that the auxiliary outlier data is completely separable from the in-distribution (ID) data. In this paper, we propose a novel framework that leverages wild mixture data, which naturally consists of both ID and OOD samples. Such wild data is abundant and arises freely upon deploying a machine learning classifier in their natural habitats. Our key idea is to formulate a constrained optimization problem and to show how to tractably solve it. Our learning objective maximizes the OOD detection rate, subject to constraints on the classification error of ID data and on the OOD error rate of ID examples. We extensively evaluate our approach on common OOD detection tasks and demonstrate superior performance."
W4390873342,,Understanding the Feature Norm for Out-of-Distribution Detection,2023,Proceedings of the IEEE/CVF International Conference on Computer Vision (ICCV),11,Perception-related,Feature and Activation Extraction,0.4404,0.1592,,False,seed,,"A neural network trained on a classification dataset often exhibits a higher vector norm of hidden layer features for in-distribution (ID) samples, while producing relatively lower norm values on unseen instances from out-of-distribution (OOD). Despite this intriguing phenomenon being utilized in many applications, the underlying cause has not been thoroughly investigated. In this study, we demystify this very phenomenon by scrutinizing the discriminative structures concealed in the intermediate layers of a neural network. Our analysis leads to the following discoveries: (1) The feature norm is a confidence value of a classifier hidden in the network layer, specifically its maximum logit. Hence, the feature norm distinguishes OOD from ID in the same manner that a classifier confidence does. (2) The feature norm is class-agnostic, thus it can detect OOD samples across diverse discriminative models. (3) The conventional feature norm fails to capture the deactivation tendency of hidden layer neurons, which may lead to misidentification of ID samples as OOD instances. To resolve this drawback, we propose a novel negative-aware norm (NAN) that can capture both the activation and deactivation tendencies of hidden layer neurons. We conduct extensive experiments on NAN, demonstrating its efficacy and compatibility with existing OOD detectors, as well as its capability in label-free environments."
W4312640451,10.1109/cvpr52688.2022.01331,Unknown-Aware Object Detection: Learning What You Don't Know from Videos in the Wild,2022,"IEEE CVF Conference on Computer Vision and Pattern Recognition, CVPR 2022, New Orleans, LA, USA, June 18-24, 2022",70,Perception-related,Foundation Model and Adaptive Learning,0.5313,0.3282,,False,seed,,"Building reliable object detectors that can detect out-of-distribution (OOD) objects is critical yet underexplored. One of the key challenges is that models lack supervision signals from unknown data, producing over-confident predictions on OOD objects. We propose a new unknown-aware object detection framework through Spatial-Temporal Unknown Distillation (STUD), which dis-tills unknown objects from videos in the wild and meaningfully regularizes the model's decision boundary. STUD first identifies the unknown candidate object proposals in the spatial dimension, and then aggregates the candidates across multiple video frames to form a diverse set of unknown objects near the decision boundary. Along-side, we employ an energy-based uncertainty regularization loss, which contrastively shapes the uncertainty space between the in-distribution and distilled unknown objects. STUD establishes the state-of-the-art performance on OOD detection tasks for object detection, reducing the FPR95 score by over 10% compared to the previous best method. Code is available at https://github.com/deep/earning-wisc/stud."
W4312640451,,Unknown-Aware Object Detection: Learning What You Don't Know from Videos in the Wild,2022,Proceedings of the IEEE CVF Conference on Computer Vision and Pattern Recognition,70,Perception-related,Foundation Model and Adaptive Learning,0.5313,0.3282,,False,seed,,"Building reliable object detectors that can detect out-of-distribution (OOD) objects is critical yet underexplored. One of the key challenges is that models lack supervision signals from unknown data, producing over-confident predictions on OOD objects. We propose a new unknown-aware object detection framework through Spatial-Temporal Unknown Distillation (STUD), which dis-tills unknown objects from videos in the wild and meaningfully regularizes the model's decision boundary. STUD first identifies the unknown candidate object proposals in the spatial dimension, and then aggregates the candidates across multiple video frames to form a diverse set of unknown objects near the decision boundary. Along-side, we employ an energy-based uncertainty regularization loss, which contrastively shapes the uncertainty space between the in-distribution and distilled unknown objects. STUD establishes the state-of-the-art performance on OOD detection tasks for object detection, reducing the FPR95 score by over 10% compared to the previous best method. Code is available at https://github.com/deep/earning-wisc/stud."
W2970140852,,Unsupervised domain adaptation to improve image segmentation quality both in the source and target domain,2019,proceedings of the IEEE CVF conference on computer vision and pattern recognition workshops,52,Perception-related,Foundation Model and Adaptive Learning,0.4724,0.1697,,False,seed,,"Domain adaptation is becoming more and more important with the advancing development of machine learning and the ever-increasing diversity of available data. The advancement of autonomous driving depends very much on progress in machine learning, which relies heavily on vast amounts of training data. It is well known that the performance of such models drops, as soon as the data used during inference stems from a different domain as the training data. To avoid the need to label a separate dataset for each new domain, e.g., each new camera sensor, methods for domain adaptation are necessary. Most interesting are unsupervised domain adaptation approaches since they do not require costly labels for the target domain. In this paper we adapt a known domain adaptation approach to work in an unsupervised fashion for semantic segmentation on high resolution data and provide some analysis of the learned representations. With our domain-adapted semantic segmentation we were able to achieve a significant 15 % absolute increase in mean intersection over union (mIoU), securing a surprisingly good 5th rank on the target domain KITTI test set without having used any KITTI labels during training. In addition to that, we even improved quality on the source domain data."
W3040834102,,Using machine learning to detect ghost images in automotive radar,2020,2020 IEEE 23rd International Conference on Intelligent Transportation Systems (ITSC),42,Perception-related,Reconstructive and Generative,0.3733,-0.0247,,False,seed,,"Radar sensors are an important part of driver assistance systems and intelligent vehicles due to their robustness against all kinds of adverse conditions, e.g., fog, snow, rain, or even direct sunlight. This robustness is achieved by a substantially larger wavelength compared to light-based sensors such as cameras or lidars. As a side effect, many surfaces act like mirrors at this wavelength, resulting in unwanted ghost detections. In this article, we present a novel approach to detect these ghost objects by applying data-driven machine learning algorithms. For this purpose, we use a large-scale automotive data set with annotated ghost objects. We show that we can use a state-of-the-art automotive radar classifier in order to detect ghost objects alongside real objects. Furthermore, we are able to reduce the amount of false positive detections caused by ghost images in some settings."
W4221167530,,VOS: Learning What You Don't Know by Virtual Outlier Synthesis,2022,"The Tenth International Conference on Learning Representations, ICLR 2022, Virtual Event, April 25-29, 2022",77,Perception-related,Feature and Activation Extraction,0.4219,0.1667,,False,seed,,"Out-of-distribution (OOD) detection has received much attention lately due to its importance in the safe deployment of neural networks. One of the key challenges is that models lack supervision signals from unknown data, and as a result, can produce overconfident predictions on OOD data. Previous approaches rely on real outlier datasets for model regularization, which can be costly and sometimes infeasible to obtain in practice. In this paper, we present VOS, a novel framework for OOD detection by adaptively synthesizing virtual outliers that can meaningfully regularize the model's decision boundary during training. Specifically, VOS samples virtual outliers from the low-likelihood region of the class-conditional distribution estimated in the feature space. Alongside, we introduce a novel unknown-aware training objective, which contrastively shapes the uncertainty space between the ID data and synthesized outlier data. VOS achieves competitive performance on both object detection and image classification models, reducing the FPR95 by up to 9.36% compared to the previous best method on object detectors. Code is available at https://github.com/deeplearning-wisc/vos."
W4221167530,,VOS: Learning What You Don't Know by Virtual Outlier Synthesis,2021,International Conference on Learning Representations,77,Perception-related,Feature and Activation Extraction,0.4219,0.1667,,False,seed,,"Out-of-distribution (OOD) detection has received much attention lately due to its importance in the safe deployment of neural networks. One of the key challenges is that models lack supervision signals from unknown data, and as a result, can produce overconfident predictions on OOD data. Previous approaches rely on real outlier datasets for model regularization, which can be costly and sometimes infeasible to obtain in practice. In this paper, we present VOS, a novel framework for OOD detection by adaptively synthesizing virtual outliers that can meaningfully regularize the model's decision boundary during training. Specifically, VOS samples virtual outliers from the low-likelihood region of the class-conditional distribution estimated in the feature space. Alongside, we introduce a novel unknown-aware training objective, which contrastively shapes the uncertainty space between the ID data and synthesized outlier data. VOS achieves competitive performance on both object detection and image classification models, reducing the FPR95 by up to 9.36% compared to the previous best method on object detectors. Code is available at https://github.com/deeplearning-wisc/vos."
W3136793533,,Weakly-supervised video anomaly detection with robust temporal feature magnitude learning,2021,Proceedings of the IEEE/CVF international conference on computer vision,481,Perception-related,Feature and Activation Extraction,0.4561,0.26,,False,seed,,"Anomaly detection with weakly supervised video-level labels is typically formulated as a multiple instance learning (MIL) problem, in which we aim to identify snippets containing abnormal events, with each video represented as a bag of video snippets. Although current methods show effective detection performance, their recognition of the positive instances, i.e., rare abnormal snippets in the abnormal videos, is largely biased by the dominant negative instances, especially when the abnormal events are subtle anomalies that exhibit only small differences compared with normal events. This issue is exacerbated in many methods that ignore important video temporal dependencies. To address this issue, we introduce a novel and theoretically sound method, named Robust Temporal Feature Magnitude learning (RTFM), which trains a feature magnitude learning function to effectively recognise the positive instances, substantially improving the robustness of the MIL approach to the negative instances from abnormal videos. RTFM also adapts dilated convolutions and self-attention mechanisms to capture long- and short-range temporal dependencies to learn the feature magnitude more faithfully. Extensive experiments show that the RTFM-enabled MIL model (i) outperforms several state-of-the-art methods by a large margin on four benchmark data sets (ShanghaiTech, UCF-Crime, XD-Violence and UCSD-Peds) and (ii) achieves significantly improved subtle anomaly discriminability and sample efficiency."
W4390190791,,What Does Really Count? Estimating Relevance of Corner Cases for Semantic Segmentation in Automated Driving,2023,IEEE/CVF International Conference on Computer Vision,3,Perception-related,Foundation Model and Adaptive Learning,0.5371,0.1502,,False,seed,,"In safety-critical applications such as automated driving, perception errors may create an imminent risk to vulnerable road users (VRU). To mitigate the occurrence of unexpected and potentially dangerous situations, so-called corner cases, perception models are trained on a huge amount of data. However, the models are typically evaluated using task-agnostic metrics, which do not reflect the severity of safety-critical misdetections. Consequently, mis-detections with particular relevance for the safe driving task should entail a more severe penalty during evaluation to pinpoint corner cases in large-scale datasets. In this work, we propose a novel metric IoU <inf xmlns:mml=""http://www.w3.org/1998/Math/MathML"" xmlns:xlink=""http://www.w3.org/1999/xlink"">w</inf> that exploits relevance on the pixel level of the semantic segmentation output to extend the notion of the intersection over union (IoU) by emphasizing small areas of an image affected by corner cases. We (i) employ IoU <inf xmlns:mml=""http://www.w3.org/1998/Math/MathML"" xmlns:xlink=""http://www.w3.org/1999/xlink"">w</inf> to measure the effect of pre-defined relevance criteria on the segmentation evaluation, and (ii) use the relevance-adapted IoU <inf xmlns:mml=""http://www.w3.org/1998/Math/MathML"" xmlns:xlink=""http://www.w3.org/1999/xlink"">w</inf> to refine the identification of corner cases. In our experiments, we investigate vision-based relevance criteria and physical attributes as per-pixel criticality to factor in the imminent risk, showing that IoU <inf xmlns:mml=""http://www.w3.org/1998/Math/MathML"" xmlns:xlink=""http://www.w3.org/1999/xlink"">w</inf> precisely accentuates the relevance of corner cases."
W4300978711,,Your Out-of-Distribution Detection Method is Not Robust!,2022,NeurIPS 2022,2,Trajectory-related,Challenging the System Under Test,0.3065,0.0603,,False,seed,,"Out-of-distribution (OOD) detection has recently gained substantial attention due to the importance of identifying out-of-domain samples in reliability and safety. Although OOD detection methods have advanced by a great deal, they are still susceptible to adversarial examples, which is a violation of their purpose. To mitigate this issue, several defenses have recently been proposed. Nevertheless, these efforts remained ineffective, as their evaluations are based on either small perturbation sizes, or weak attacks. In this work, we re-examine these defenses against an end-to-end PGD attack on in/out data with larger perturbation sizes, e.g. up to commonly used $ε=8/255$ for the CIFAR-10 dataset. Surprisingly, almost all of these defenses perform worse than a random detection under the adversarial setting. Next, we aim to provide a robust OOD detection method. In an ideal defense, the training should expose the model to almost all possible adversarial perturbations, which can be achieved through adversarial training. That is, such training perturbations should based on both in- and out-of-distribution samples. Therefore, unlike OOD detection in the standard setting, access to OOD, as well as in-distribution, samples sounds necessary in the adversarial training setup. These tips lead us to adopt generative OOD detection methods, such as OpenGAN, as a baseline. We subsequently propose the Adversarially Trained Discriminator (ATD), which utilizes a pre-trained robust model to extract robust features, and a generator model to create OOD samples. Using ATD with CIFAR-10 and CIFAR-100 as the in-distribution data, we could significantly outperform all previous methods in the robust AUROC while maintaining high standard AUROC and classification accuracy. The code repository is available at https://github.com/rohban-lab/ATD ."
W3160005967,,Four responsibility gaps with artificial intelligence: Why they matter and how to address them,2021,Philosophy \& Technology,374,Trajectory-related,Challenging the System Under Test,0.3046,-0.0174,,False,seed,,"Abstract The notion of “responsibility gap” with artificial intelligence (AI) was originally introduced in the philosophical debate to indicate the concern that “learning automata” may make more difficult or impossible to attribute moral culpability to persons for untoward events. Building on literature in moral and legal philosophy, and ethics of technology, the paper proposes a broader and more comprehensive analysis of the responsibility gap. The responsibility gap, it is argued, is not one problem but a set of at least four interconnected problems – gaps in culpability, moral and public accountability, active responsibility—caused by different sources, some technical, other organisational, legal, ethical, and societal. Responsibility gaps may also happen with non-learning systems. The paper clarifies which aspect of AI may cause which gap in which form of responsibility, and why each of these gaps matter. It proposes a critical review of partial and non-satisfactory attempts to address the responsibility gap: those which present it as a new and intractable problem (“fatalism”), those which dismiss it as a false problem (“deflationism”), and those which reduce it to only one of its dimensions or sources and/or present it as a problem that can be solved by simply introducing new technical and/or legal tools (“solutionism”). The paper also outlines a more comprehensive approach to address the responsibility gaps with AI in their entirety, based on the idea of designing socio-technical systems for “meaningful human control"", that is systems aligned with the relevant human reasons and capacities."
W2792435043,,Meaningful human control over autonomous systems: A philosophical account,2018,Frontiers in Robotics and AI,458,Trajectory-related,Challenging the System Under Test,0.3524,-0.0296,,False,seed,,"Debates on lethal autonomous weapon systems have proliferated in the past 5 years. Ethical concerns have been voiced about a possible raise in the number of wrongs and crimes in military operations and about the creation of a ""responsibility gap"" for harms caused by these systems. To address these concerns, the principle of ""meaningful human control"" has been introduced in the legal-political debate; according to this principle, humans not computers and their algorithms should ultimately remain in control of, and thus morally responsible for, relevant decisions about (lethal) military operations. However, policy-makers and technical designers lack a detailed theory of what ""meaningful human control"" exactly means. In this paper, we lay the foundation of a philosophical account of meaningful human control, based on the concept of ""guidance control"" as elaborated in the philosophical debate on free will and moral responsibility. Following the ideals of ""Responsible Innovation"" and ""Value-sensitive Design,"" our account of meaningful human control is cast in the form of design requirements. We identify two general necessary conditions to be satisfied for an autonomous system to remain under meaningful human control: first, a ""tracking"" condition, according to which the system should be able to respond to both the relevant moral reasons of the humans designing and deploying the system and the relevant facts in the environment in which the system operates; second, a ""tracing"" condition, according to which the system should be designed in such a way as to grant the possibility to always trace back the outcome of its operations to at least one human along the chain of design and operation. As we think that meaningful human control can be one of the central notions in ethics of robotics and AI, in the last part of the paper, we start exploring the implications of our account for the design and use of non-military autonomous systems, for instance, self-driving cars."
W2738290714,,"Analyzing computer vision data-the good, the bad and the ugly",2017,Proceedings of the IEEE Conference on Computer Vision and Pattern Recognition,25,Perception-related,Other Perception Methods,0.4252,0.1817,,False,seed,,"In recent years, a great number of datasets were published to train and evaluate computer vision (CV) algorithms. These valuable contributions helped to push CV solutions to a level where they can be used for safety-relevant applications, such as autonomous driving. However, major questions concerning quality and usefulness of test data for CV evaluation are still unanswered. Researchers and engineers try to cover all test cases by using as much test data as possible. In this paper, we propose a different solution for this challenge. We introduce a method for dataset analysis which builds upon an improved version of the CV-HAZOP checklist, a list of potential hazards within the CV domain. Picking stereo vision as an example, we provide an extensive survey of 28 datasets covering the last two decades. We create a tailored checklist and apply it to the datasets Middlebury, KITTI, Sintel, Freiburg, and HCI to present a thorough characterization and quantitative comparison. We confirm the usability of our checklist for identification of challenging stereo situations by applying nine state-of-the-art stereo matching algorithms on the analyzed datasets, showing that hazard frames correlate with difficult frames. We show that challenging datasets still allow a meaningful algorithm evaluation even for small subsets. Finally, we provide a list of missing test cases that are still not covered by current datasets as inspiration for researchers who want to participate in future dataset creation."
W2028705955,,Preparing for the future: development of an ‘antifragile’methodology that complements scenario planning by omitting causation,2014,Technological Forecasting and Social Change,112,Trajectory-related,Challenging the System Under Test,0.4123,0.2136,,False,seed,,
W642120166,,Engineering a safer world: Systems thinking applied to safety,2016,,1589,Trajectory-related,Challenging the System Under Test,0.4496,0.2019,,False,seed,,"A new approach to safety, based on systems thinking, that is more effective, less costly, and easier to use than current techniques.Engineering has experienced a technological revolution, but the basic engineering techniques applied in safety and reliability engineering, created in a simpler, analog world, have changed very little over the years. In this groundbreaking book, Nancy Leveson proposes a new approach to safety—more suited to today's complex, sociotechnical, software-intensive world—based on modern systems thinking and systems theory. Revisiting and updating ideas pioneered by 1950s aerospace engineers in their System Safety concept, and testing her new model extensively on real-world examples, Leveson has created a new approach to safety that is more effective, less expensive, and easier to use than current techniques.Arguing that traditional models of causality are inadequate, Leveson presents a new, extended model of causation (Systems-Theoretic Accident Model and Processes, or STAMP), then shows how the new model can be used to create techniques for system safety engineering, including accident analysis, hazard analysis, system design, safety in operations, and management of safety-critical systems. She applies the new techniques to real-world events including the friendly-fire loss of a U.S. Blackhawk helicopter in the first Gulf War; the Vioxx recall; the U.S. Navy SUBSAFE program; and the bacterial contamination of a public water supply in a Canadian town. Leveson's approach is relevant even beyond safety engineering, offering techniques for “reengineering” any large sociotechnical system to improve safety and manage risk."
,,Ontologies and knowledge bases,1995,Towards very large knowledge bases,,Knowledge-driven,Formalisation of Description,0.447,0.2355,,False,seed,,
,,CADaS-A common road accident data framework in Europe,2009,IRTAD conference,,Trajectory-related,Surrogate Safety Metrics,0.4577,0.1707,,False,seed,,
W3195576835,,Efficient out-of-distribution detection using latent space of $\beta$-vae for cyber-physical systems,2022,ACM Transactions on Cyber-Physical Systems (TCPS),3,Perception-related,Feature and Activation Extraction,0.385,0.0579,,False,seed,,"Deep Neural Networks are actively being used in the design of autonomous Cyber-Physical Systems (CPSs). The advantage of these models is their ability to handle high-dimensional state-space and learn compact surrogate representations of the operational state spaces. However, the problem is that the sampled observations used for training the model may never cover the entire state space of the physical environment, and as a result, the system will likely operate in conditions that do not belong to the training distribution. These conditions that do not belong to training distribution are referred to as Out-of-Distribution (OOD). Detecting OOD conditions at runtime is critical for the safety of CPS. In addition, it is also desirable to identify the context or the feature(s) that are the source of OOD to select an appropriate control action to mitigate the consequences that may arise because of the OOD condition. In this paper, we study this problem as a multi-labeled time series OOD detection problem over images, where the OOD is defined both sequentially across short time windows (change points) as well as across the training data distribution. A common approach to solving this problem is the use of multi-chained one-class classifiers. However, this approach is expensive for CPSs that have limited computational resources and require short inference times. Our contribution is an approach to design and train a single $\beta$-Variational Autoencoder detector with a partially disentangled latent space sensitive to variations in image features. We use the feature sensitive latent variables in the latent space to detect OOD images and identify the most likely feature(s) responsible for the OOD. We demonstrate our approach using an Autonomous Vehicle in the CARLA simulator and a real-world automotive dataset called nuImages."
W1992105816,10.1016/j.insmatheco.2007.02.001,Pair-Copula Constructions of Multiple Dependence,2009,Insurance: Mathematics and Economics,2031,Trajectory-related,Probability Estimation,0.1363,-0.0223,,False,seed,,
W2467760016,10.1016/j.jmva.2016.07.003,"Evading the Curse of Dimensionality in Nonparametric Density Estimation
with Simplified Vine Copulas",2016,Journal of Multivariate Analysis,143,Perception-related,Probability and Confidence Scores,0.2846,0.161,,False,seed,,
W3161692923,,SAE J3016: Taxonomy and Definitions for Terms Related to Driving Automation Systems for On-Road Motor Vehicles,2021,,67,Trajectory-related,Novel Scenario Generation,0.3648,-0.021,,False,seed,,"The article describes the main changes made to the updated version of the standard SAE J3016 2018, dedicated to the standardization of the levels of driving automation in on-road motor vehicles. The changes affected the list of terms and definitions, certain sections, as well as a graphical representation of the levels of automation. Information may be useful to engineers, scientists, students and anyone involved in research in the field of vehicle automation. В статье рассмотрены основные изменения, внесённые в обновлённую версию стандарта SAE J3016 2018, посвящённого стандартизации уровней автоматизации вождения на дорожных транспортных средствах. Изменения коснулись перечня терминов и определений, некоторых разделов, а также графического представления уровней автоматизации. Информация может быть полезна инженерам, научным работникам, студентам и всем, кто занимается исследованиями в области автоматизации транспортных средств."
W2767621168,,CARLA: An open urban driving simulator,2017,Conference on Robot Learning,291,Trajectory-related,Challenging the System Under Test,0.5663,0.1185,,False,seed,,"We introduce CARLA, an open-source simulator for autonomous driving research. CARLA has been developed from the ground up to support development, training, and validation of autonomous urban driving systems. In addition to open-source code and protocols, CARLA provides open digital assets (urban layouts, buildings, vehicles) that were created for this purpose and can be used freely. The simulation platform supports flexible specification of sensor suites and environmental conditions. We use CARLA to study the performance of three approaches to autonomous driving: a classic modular pipeline, an end-to-end model trained via imitation learning, and an end-to-end model trained via reinforcement learning. The approaches are evaluated in controlled scenarios of increasing difficulty, and their performance is examined via metrics provided by CARLA, illustrating the platform's utility for autonomous driving research. The supplementary video can be viewed at https://youtu.be/Hp8Dz-Zek2E"
W4396681041,,Detecting Edge Cases from Trajectory Datasets Using Deep Learning Based Outlier Detection,2024,Proceedings of the 10th International Conference on Vehicle Technology and Intelligent Transport Systems (VEHITS 2024),2,Perception-related,Feature and Activation Extraction,0.6405,0.3093,,False,seed,,
W4387876242,,Semantic anomaly detection with large language models,2023,Autonomous Robots,85,Perception-related,Feature and Activation Extraction,0.2933,-0.0541,,False,seed,,
W2093217276,,Antifragile: Things that gain from disorder,2014,,902,Trajectory-related,Challenging the System Under Test,0.0769,-0.0918,,False,seed,,"By nature of my profession, Nassim Taleb thinks that I’m a scam artist, a charlatan and a turkey. But do not feel bad for me, because if you are reading this publication you likely either carry out..."
W3015176854,,Attacking vision-based perception in end-to-end autonomous driving models,2020,Journal of Systems Architecture,95,Trajectory-related,Challenging the System Under Test,0.4586,-0.0333,,False,seed,,
,,"Vista 2.0: An open, data-driven simulator for multimodal sensing and policy learning for autonomous vehicles",2022,2022 International Conference on Robotics and Automation (ICRA),,Trajectory-related,Machine Learning (trajectory),0.4579,0.0253,,False,seed,,
W4309711132,,A survey on data-driven scenario generation for automated vehicle testing,2022,Machines,59,Trajectory-related,Novel Scenario Generation,0.7394,0.3757,,False,seed,,"Automated driving is a promising tool for reducing traffic accidents. While some companies claim that many cutting-edge automated driving functions have been developed, how to evaluate the safety of automated vehicles remains an open question, which has become a crucial bottleneck. Scenario-based testing has been introduced to test automated vehicles, and much progress has been achieved. While data-driven and knowledge-based approaches are hot research topics, this survey is mainly about Data-Driven Scenario Generation (DDSG) for automated vehicle testing. Rather than describe the contributions of every study respectively, in this survey, methodologies from various studies are anatomized as solutions for several significant problems and compared with each other. This way, scholars and engineers can quickly find state-of-the-art approaches to the issues they might encounter. Furthermore, several critical challenges that might hinder DDSG are described, and responding solutions are presented at the end of this survey."
W3093877078,,Knowledge graphs: Research directions,2020,"Reasoning Web. Declarative Artificial Intelligence: 16th International Summer School 2020, Oslo, Norway, June 24--26, 2020, Tutorial Lectures 16",7,Knowledge-driven,Formalisation of Description,0.4793,0.2527,,False,seed,,
,,Parsing owl dl: trees or triples?,2004,Proceedings of the 13th international conference on World Wide Web,,Knowledge-driven,Formalisation of Description,0.3099,0.1198,,False,seed,,
W2001731782,,Injury protection and accident causation parameters for vulnerable road users based on German In-Depth Accident Study GIDAS,2012,Accident Analysis \& Prevention,140,Trajectory-related,Surrogate Safety Metrics,0.4838,0.2861,,False,seed,,
W2521444719,,Lost and found: detecting small road hazards for self-driving vehicles,2016,2016 IEEE/RSJ International Conference on Intelligent Robots and Systems (IROS),13,Perception-related,Other Perception Methods,0.4125,0.0603,,False,seed,,"Detecting small obstacles on the road ahead is a critical part of the driving task which has to be mastered by fully autonomous cars. In this paper, we present a method based on stereo vision to reliably detect such obstacles from a moving vehicle."
W2936458714,,Detecting the unexpected via image resynthesis,2019,Proceedings of the IEEE/CVF International Conference on Computer Vision,12,Perception-related,Foundation Model and Adaptive Learning,0.4851,0.2462,,False,seed,,"Classical semantic segmentation methods, including the recent deep learning ones, assume that all classes observed at test time have been seen during training. In this paper, we tackle the more realistic scenario where unexpected objects of unknown classes can appear at test time. The main trends in this area either leverage the notion of prediction uncertainty to flag the regions with low confidence as unknown, or rely on autoencoders and highlight poorly-decoded regions. Having observed that, in both cases, the detected regions typically do not correspond to unexpected objects, in this paper, we introduce a drastically different strategy: It relies on the intuition that the network will produce spurious labels in regions depicting unexpected objects. Therefore, resynthesizing the image from the resulting semantic map will yield significant appearance differences with respect to the input image. In other words, we translate the problem of detecting unknown classes to one of identifying poorly-resynthesized image regions. We show that this outperforms both uncertainty- and autoencoder-based methods."
W2933610837,,The fishyscapes benchmark: Measuring blind spots in semantic segmentation,2021,International Journal of Computer Vision,142,Perception-related,Probability and Confidence Scores,0.5378,0.2252,,False,seed,,"Abstract Deep learning has enabled impressive progress in the accuracy of semantic segmentation. Yet, the ability to estimate uncertainty and detect failure is key for safety-critical applications like autonomous driving. Existing uncertainty estimates have mostly been evaluated on simple tasks, and it is unclear whether these methods generalize to more complex scenarios. We present Fishyscapes, the first public benchmark for anomaly detection in a real-world task of semantic segmentation for urban driving. It evaluates pixel-wise uncertainty estimates towards the detection of anomalous objects. We adapt state-of-the-art methods to recent semantic segmentation models and compare uncertainty estimation approaches based on softmax confidence, Bayesian learning, density estimation, image resynthesis, as well as supervised anomaly detection methods. Our results show that anomaly detection is far from solved even for ordinary situations, while our benchmark allows measuring advancements beyond the state-of-the-art. Results, data and submission information can be found at https://fishyscapes.com/ ."
W2925148167,,nuscenes: A multimodal dataset for autonomous driving,2020,Proceedings of the IEEE/CVF conference on computer vision and pattern recognition,379,Perception-related,Foundation Model and Adaptive Learning,0.4539,0.112,,False,seed,,"Robust detection and tracking of objects is crucial for the deployment of autonomous vehicle technology. Image based benchmark datasets have driven development in computer vision tasks such as object detection, tracking and segmentation of agents in the environment. Most autonomous vehicles, however, carry a combination of cameras and range sensors such as lidar and radar. As machine learning based methods for detection and tracking become more prevalent, there is a need to train and evaluate such methods on datasets containing range sensor data along with images. In this work we present nuTonomy scenes (nuScenes), the first dataset to carry the full autonomous vehicle sensor suite: 6 cameras, 5 radars and 1 lidar, all with full 360 degree field of view. nuScenes comprises 1000 scenes, each 20s long and fully annotated with 3D bounding boxes for 23 classes and 8 attributes. It has 7x as many annotations and 100x as many images as the pioneering KITTI dataset. We define novel 3D detection and tracking metrics. We also provide careful dataset analysis as well as baselines for lidar and image based detection and tracking. Data, development kit and more information are available online."
,,Road obstacle dataset Dataset, 2023 , Roboflow Universe ,,Trajectory-related,Machine Learning (trajectory),0.3941,0.0326,,False,seed,,
W2340897893,,The cityscapes dataset for semantic urban scene understanding,2016,Proceedings of the IEEE conference on computer vision and pattern recognition,11863,Perception-related,Foundation Model and Adaptive Learning,0.4885,0.2411,,False,seed,,"Visual understanding of complex urban street scenes is an enabling factor for a wide range of applications. Object detection has benefited enormously from large-scale datasets, especially in the context of deep learning. For semantic urban scene understanding, however, no current dataset adequately captures the complexity of real-world urban scenes. To address this, we introduce Cityscapes, a benchmark suite and large-scale dataset to train and test approaches for pixel-level and instance-level semantic labeling. Cityscapes is comprised of a large, diverse set of stereo video sequences recorded in streets from 50 different cities. 5000 of these images have high quality pixel-level annotations, 20 000 additional images have coarse annotations to enable methods that leverage large volumes of weakly-labeled data. Crucially, our effort exceeds previous attempts in terms of dataset size, annotation richness, scene variability, and complexity. Our accompanying empirical study provides an in-depth analysis of the dataset characteristics, as well as a performance evaluation of several state-of-the-art approaches based on our benchmark."
W3141652431,10.5281/zenodo.4559821,"RadarScenes: A Real-World Radar Point Cloud Data 
Set for Automotive Applications",2021,,13,Perception-related,Other Perception Methods,0.2823,0.0377,,False,seed,,"The <strong>RadarScenes </strong>data set (“data set”) contains recordings from four automotive radar sensors, which were mounted on one measurement-vehicle. Images from one front-facing documentary camera are added. The data set has a length of over 4h and in addition to the point cloud data from the radar sensors, semantic annotations on a point-wise level from 12 different classes are provided. In addition to point-wise class labels, a track-id is attached to each individual detection of a dynamic object, so that individual objects can be tracked over time. <strong>Structure of the Data Set</strong> The data set consist of 158 individual sequences. For each sequence, the recorded data from radar and odometry sensors are stored in one hdf5 file. Each of these files is accompanied by a json file called “scenes.json” in which meta-information are stored. In a subfolder, the camera images are stored as jpg files. Two additional json files give further meta-information: in the ""sensor.json"" file, the sensor mounting position and rotation angles are defined. In the file ""sequences.json"", all recorded sequences are listed with additional information, e.g. about the recording duration. <strong><em>sensors.json</em></strong> This file describes the position and orientation of the four radar sensors. Each sensor is attributed with an integer id. The mounting position is given relative to the center of the rear axle of the vehicle. This allows for an easier calculation of the ego-motion at the position of the sensors. Only the x and y position is given, since no elevation information is provided by the sensors. Similarly, only the yaw-angle for the rotation is needed. <em><strong>sequences.json</strong></em> This file contains one entry for each recorded sequence. Each entry is built from the following information: the category (training or validation of machine learning algorithms), the number of individual scenes within the sequence, the duration in seconds and the names of the sensors which performed measurements within this sequence. <em><strong>scenes.json</strong></em> In this file, meta-information for a specific sequence and the scenes within this sequence are stored. The name of the sequence is listed within the top-level dictionary, the group of this sequence (training or validation) as well as the timestamps of the first and last time a radar sensor performed a measurement in this sequence. A scene is defined as one measurement of one of the four radar sensors. For each scene, the sensor id of the respective radar sensor is listed. Each scene has one unique timestamp, namely the time at which the radar sensor performed the measurement. Four timestamps of different radar measurement are given for each scene: the next and previous timestamp of a measurement of the same sensor and the next and previous timestamp of a measurement of any radar sensor. This allows to quickly iterate over measurements from all sensors or over all measurements of a single sensor. For the association with the odometry information, the timestamp of the closest odometry measurement and additionally the index in the odometry table in the hdf5 file where this measurement can be found are given. Furthermore, the filename of the camera image whose timestamp is closest to the radar measurement is given. Finally, the start and end indices of this scene’s radar detections in the hdf5 data set “radar_data” is given. The first index corresponds to the row in the hdf5 data set in which the first detection of this scene can be found. The second index corresponds to the row in the hdf5 data set in which the next scene starts. That is, the detection in this row is the first one that does not belong to the scene anymore. This convention allows to use the common python indexing into lists and arrays, where the second index is exclusive: arr[start:end]. <em><strong>radar_data.h5</strong></em> In this file, both the radar and the odometry data are stored. Two data sets exists within this file: “odometry” and “radar_data”. The “odometry” data has six columns: timestamp, x_seq, y_seq, yaw_seq, vx, yaw_rate. Each row corresponds to one measurement of the driving state. The columns x_seq, y_seq and yaw_seq describe the position and orientation of the ego-vehicle relative to some global origin. Hence, the pose in a global (sequence) coordinate system is defined. The column “vx” contains the velocity of the ego-vehicle in x-direction and the yaw_rate column contains the current yaw rate of the car. The hdf5 data set “radar_data” is composed of the individual detections. Each row in the data set corresponds to one detection. A detection is defined by the following signals, each being listed in one column: timestamp: in micro seconds relative to some arbitrary origin sensor_id: integer value, id of the sensor that recorded the detection range_sc: in meters, radial distance to the detection, sensor coordinate system azimuth_sc: in radians, azimuth angle to the detection, sensor coordinate system rcs: in dBsm, RCS value of the detection vr: in m/s. Radial velocity measured for this detection vr_compensated in m/s: Radial velocity for this detection but compensated for the ego-motion x_cc and y_cc: in m, position of the detection in the car-coordinate system (origin is at the center of the rear-axle) x_seq and y_seq in m, position of the detection in the global sequence-coordinate system (origin is at arbitrary start point) uuid: unique identifier for the detection. Can be used for association with predicted labels and debugging track_id: id of the dynamic object this detection belongs to. Empty, if it does not belong to any. label_id: semantic class id of the object to which this detection belongs. passenger cars (0), large vehicles (like agricultural or construction vehicles) (1), trucks (2), busses (3), trains (4), bicycles (5), motorized two-wheeler (6), pedestrians (7), groups of pedestrian (8), animals (9), all other dynamic objects encountered while driving (10), and the static environment (11) <strong>Camera Images</strong> The images of the documentary camera are located in the subfolder “camera” of each sequence. The filename of each image corresponds to the timestamp at which the image was recorded. The data set is a radar data set. Camera images are only included so that users of the data set get a better understanding of the recorded scenes. However, due to GDPR requirements, personal information was removed from these images via re-painting of regions proposed by a semantic instance segmentation network and manual correction. The networks were optimized for high recall values so that false-negatives were suppressed at the cost of having false positive markings. As the camera images are only meant to be used as guidance to the recorded radar scenes, this shortcoming has no negative effect on the actual data. <strong>Tools</strong> Some helper tools - including a viewer - can be found in the python package <em>radar_scenes</em>. Details can be found here: https://github.com/oleschum/radar_scenes <strong>Publications</strong> Previous publications related to classification algorithms on radar data already used this data set: Scene Understanding With Automotive Radar; https://ieeexplore.ieee.org/document/8911477 Semantic Segmentation on Radar Point Clouds, https://ieeexplore.ieee.org/document/8455344 Off-the-shelf sensor vs. experimental radar - How much resolution is necessary in automotive radar classification?, https://ieeexplore.ieee.org/document/9190338 Detection and Tracking on Automotive Radar Data with Deep Learning, https://ieeexplore.ieee.org/document/9190261 Comparison of random forest and long short-term memory network performances in classification tasks using radar, https://ieeexplore.ieee.org/document/8126350 <strong>License</strong> The data set is licensed under Creative Commons Attribution Non Commercial Share Alike 4.0 International (https://creativecommons.org/licenses/by-nc-sa/4.0/legalcode). Hence, the data set must not be used for any commercial use cases. <strong>Disclaimer</strong> That the data set comes ""AS IS"", without express or implied warranty and/or any liability exceeding mandatory statutory obligations. This especially applies to any obligations of care or indemnification in connection with the data set. The annotations were created for our research purposes only and no quality assessment was done for the usage in products of any kind. We can therefore not guarantee for the correctness, completeness or reliability of the provided data set."
W3118608800,,Learning multiple layers of features from tiny images,2009,,25472,Perception-related,Foundation Model and Adaptive Learning,0.453,0.2232,,False,seed,,"April 8, 2009Groups at MIT and NYU have collected a dataset of millions of tiny colour images from the web. It is, in principle, an excellent dataset for unsupervised training of deep generative models, but previous researchers who have tried this have found it di cult to learn a good set of lters from the images. We show how to train a multi-layer generative model that learns to extract meaningful features which resemble those found in the human visual cortex. Using a novel parallelization algorithm to distribute the work among multiple machines connected on a network, we show how training such a model can be done in reasonable time. A second problematic aspect of the tiny images dataset is that there are no reliable class labels which makes it hard to use for object recognition experiments. We created two sets of reliable labels. The CIFAR-10 set has 6000 examples of each of 10 classes and the CIFAR-100 set has 600 examples of each of 100 non-overlapping classes. Using these labels, we show that object recognition is signi cantly"
W1861492603,,Microsoft coco: Common objects in context,2014,Computer Vision--ECCV 2014: 13th European Conference,41985,Perception-related,Foundation Model and Adaptive Learning,0.5487,0.3075,,False,seed,,
W4390190101,,Leveraging Visual Attention for out-of-distribution Detection,2023,IEEE/CVF International Conference on Computer Vision,6,Perception-related,Foundation Model and Adaptive Learning,0.3625,0.2262,,False,seed,,"Out-of-Distribution (OOD) detection is a crucial challenge in computer vision, especially when deploying machine learning models in the real world. In this paper, we propose a novel OOD detection method leveraging Visual Attention Heatmaps from a Vision Transformer (ViT) classifier. Our approach involves training a Convolutional Autoencoder to reconstruct attention heatmaps produced by a ViT classifier, enabling accurate image reconstruction and effective OOD detection. Moreover, our method does not require additional labels during training, ensuring efficiency and ease of implementation. We validate our approach on a standard OOD benchmark using CIFAR10 and CIFAR100. To test OOD in a real-world setting we also collected a novel dataset: WildCapture. Our new dataset comprises more than 60k wild animal shots, from 15 different wildlife species, taken via phototraps in varying lighting conditions. The dataset is fully annotated with animal bounding boxes and species."
W4386494508,,"How simulation helps autonomous driving: A survey of sim2real, digital twins, and parallel intelligence",2023,IEEE Transactions on Intelligent Vehicles,106,Trajectory-related,Novel Scenario Generation,0.5425,0.1546,,False,seed,,"Developing autonomous driving technologies necessitates addressing safety and cost concerns. Both academic research and commercial applications of autonomous driving vehicles require extensive simulation and real-world testing. The challenge lies in effectively transferring driving knowledge from the virtual simulation world to the reality world, known as the reality gap (RG). This gap arises due to differences in lighting, textures, vehicle dynamics, and agents' behaviors between the two environments. To address this issue, researchers have explored three main approaches: sim2real, digital twins (DTs), and parallel intelligence (PI) technologies. This paper reviews these solutions and examines their applications and innovations in autonomous driving. Furthermore, we delve into the state-of-the-art algorithms, models, and involved simulators, and discuss the developmental process from sim2real to DTs and PI. The presentation also sheds light on the challenges and future perspectives in the development of sim2real, DTs, and PI in the field of autonomous driving."
W4288096333,,Realising meaningful human control over automated driving systems: a multidisciplinary approach,2023,Minds and machines,25,Trajectory-related,Challenging the System Under Test,0.554,0.1571,,False,seed,,"The paper presents a framework to realise ""meaningful human control"" over Automated Driving Systems. The framework is based on an original synthesis of the results of the multidisciplinary research project ""Meaningful Human Control over Automated Driving Systems"" lead by a team of engineers, philosophers, and psychologists at Delft University of the Technology from 2017 to 2021. Meaningful human control aims at protecting safety and reducing responsibility gaps. The framework is based on the core assumption that human persons and institutions, not hardware and software and their algorithms, should remain ultimately-though not necessarily directly-in control of, and thus morally responsible for, the potentially dangerous operation of driving in mixed traffic. We propose an Automated Driving System to be under meaningful human control if it behaves according to the relevant reasons of the relevant human actors (tracking), and that any potentially dangerous event can be related to a human actor (tracing). We operationalise the requirements for meaningful human control through multidisciplinary work in philosophy, behavioural psychology and traffic engineering. The tracking condition is operationalised via a proximal scale of reasons and the tracing condition via an evaluation cascade table. We review the implications and requirements for the behaviour and skills of human actors, in particular related to supervisory control and driver education. We show how the evaluation cascade table can be applied in concrete engineering use cases in combination with the definition of core components to expose deficiencies in traceability, thereby avoiding so-called responsibility gaps. Future research directions are proposed to expand the philosophical framework and use cases, supervisory control and driver education, real-world pilots and institutional embedding."
W2901136733,,ROS: an open-source Robot Operating System,2009,ICRA workshop on open source software,7182,Trajectory-related,Challenging the System Under Test,0.2703,-0.1408,,False,seed,,
W4391768850,,A Bi-Level Real-Time Microsimulation Framework for Modeling Two-Dimensional Vehicular Maneuvers at Intersections,2023,2023 IEEE 26th International Conference on Intelligent Transportation Systems (ITSC),2,Trajectory-related,Surrogate Safety Metrics,0.5567,0.2316,,False,seed,,"Intersections are critical bottlenecks within urban transportation networks. Current models for simulating two-dimensional (2D) vehicular movements at intersections are met with limitations in accurately representing complex interactions and capturing vehicle dynamics. Accordingly, this paper proposes a novel microsimulation framework for trajectory planning and vehicular control at intersections. The model considers vehicle dynamics and control variables, such as acceleration and steering angle, and releases the popular assumption that there is full knowledge sharing or cooperation among vehicles at intersections. These features make the proposed framework more realistic compared to previous microsimulation attempts and applicable to traffic flow and environmental impact assessment studies. In addition, it efficiently operates in realtime for multiple vehicles, overcoming the limitations of offline methods. Moreover, the model is capable of accounting for driver/vehicle detection range, reaction time, and perception and prediction inaccuracies, which enhances its suitability for safety assessments. The evaluation in several scenarios indicates the ability of the proposed framework in realtime planning and following realistic and consistent 2D paths while avoiding collisions with other vehicles."
W4225555528,,Taxonomy and Definitions for Terms Related to Driving Automation Systems for On-Road Motor Vehicles,2021,,975,Knowledge-driven,Influencing Factors,0.4733,0.0426,,False,seed,,
W4200114345,,Intra-domain and cross-domain transfer learning for time series data—How transferable are the features?,2022,Knowledge-Based Systems,62,Perception-related,Foundation Model and Adaptive Learning,0.2419,-0.0622,,False,seed,,
W4206564475,,Transfer learning with time series data: a systematic mapping study,2021,Ieee Access,60,Perception-related,Foundation Model and Adaptive Learning,0.333,-0.0721,,False,seed,,"Transfer Learning is a well-studied concept in machine learning, that relaxes the assumption that training and testing data need to be drawn from the same distribution. Recent success in applying transfer learning in the area of computer vision has motivated research on transfer learning also in context of time series data. This benefits learning in various time series domains, including a variety of domains based on sensor values. In this paper, we conduct a systematic mapping study of literature on transfer learning with time series data. Following the review guidelines of Kitchenham and Charters, we identify and analyze 223 relevant publications. We describe the pursued approaches and point out trends. Especially during the last two years, there has been a vast increase in the number of publications on the topic. This paper’s findings can help researchers as well as practitioners getting into the field and can help identify research gaps."
W3005893373,,A review on outlier/anomaly detection in time series data,2021,ACM computing surveys (CSUR),202,Perception-related,Feature and Activation Extraction,0.3073,0.0528,,False,seed,,"Recent advances in technology have brought major breakthroughs in data collection, enabling a large amount of data to be gathered over time and thus generating time series. Mining this data has become an important task for researchers and practitioners in the past few years, including the detection of outliers or anomalies that may represent errors or events of interest. This review aims to provide a structured and comprehensive state-of-the-art on unsupervised outlier detection techniques in the context of time series. To this end, a taxonomy is presented based on the main aspects that characterize an outlier detection technique."
W3022643593,,Time-series forecasting with deep learning: a survey,2021,Philosophical Transactions of the Royal Society A,1594,Perception-related,Reconstructive and Generative,0.2748,-0.0672,,False,seed,,"Numerous deep learning architectures have been developed to accommodate the diversity of time-series datasets across different domains. In this article, we survey common encoder and decoder designs used in both one-step-ahead and multi-horizon time-series forecasting-describing how temporal information is incorporated into predictions by each model. Next, we highlight recent developments in hybrid deep learning models, which combine well-studied statistical models with neural network components to improve pure methods in either category. Lastly, we outline some ways in which deep learning can also facilitate decision support with time-series data. This article is part of the theme issue 'Machine learning for weather and climate modelling'."
,,New Assessment/Test Method for Automated Driving (NATM) Guidelines for Validating Automated Driving System (ADS),2021,,,Trajectory-related,Novel Scenario Generation,0.5067,0.0978,,False,seed,,
W4306742302,,Recent advancements in automated vehicle certification: How the experience from the nuclear sector contributed to making them a reality,2022,Energies,14,Trajectory-related,Challenging the System Under Test,0.4216,0.2057,,False,seed,,"The current paper discusses the most recent advancements in automated vehicle (AV) certification and how existing regulations/best practices from the nuclear field helped make AVs a reality. In particular, three main pillars differentiate the newly devised certification frameworks from previous automotive regulations: the introduction of a safety management system, the adoption of in-service monitoring and reporting data logging systems, and the use of virtual testing to demonstrate the safety of the AV; a set of pillars that are also found in the nuclear practice. The argumentation is informed by relevant literature and shared experiences from the nuclear power plant and transportation fields where there are established safety practices to manage safety-critical cyber-physical systems. Although the nuclear and transportation fields might seem unrelated, strong synergies were found, including risk management approaches and operational data collection procedures, which supported the timely drafting of the new regulation for AVs. Nonetheless, some open challenges remain due to peculiar aspects of AVs that will need to be addressed in the near future. Namely, practical methodologies for the residual-risk calculation for the various Operational Design Domains (ODDs), the design of scalable monitoring techniques, and the definition of detailed procedures for the virtual testing tool qualification."
W2907165140,,"The history, present and future with IoT",2019,Internet of things and big data analytics for smart generation,141,Trajectory-related,Machine Learning (trajectory),0.0742,-0.0669,,False,seed,,
W3153872861,,Variational autoencoder based anomaly detection using reconstruction probability,2015,Special lecture on IE,1206,Perception-related,Reconstructive and Generative,0.5134,0.2241,,False,seed,,
W4313590336,,Practical autoencoder based anomaly detection by using vector reconstruction error,2023,Cybersecurity,139,Perception-related,Reconstructive and Generative,0.3523,-0.0023,,False,seed,,"Abstract Nowadays, cloud computing provides easy access to a set of variable and configurable computing resources based on user demand through the network. Cloud computing services are available through common internet protocols and network standards. In addition to the unique benefits of cloud computing, insecure communication and attacks on cloud networks cannot be ignored. There are several techniques for dealing with network attacks. To this end, network anomaly detection systems are widely used as an effective countermeasure against network anomalies. The anomaly-based approach generally learns normal traffic patterns in various ways and identifies patterns of anomalies. Network anomaly detection systems have gained much attention in intelligently monitoring network traffic using machine learning methods. This paper presents an efficient model based on autoencoders for anomaly detection in cloud computing networks. The autoencoder learns a basic representation of the normal data and its reconstruction with minimum error. Therefore, the reconstruction error is used as an anomaly or classification metric. In addition, to detecting anomaly data from normal data, the classification of anomaly types has also been investigated. We have proposed a new approach by examining an autoencoder’s anomaly detection method based on data reconstruction error. Unlike the existing autoencoder-based anomaly detection techniques that consider the reconstruction error of all input features as a single value, we assume that the reconstruction error is a vector. This enables our model to use the reconstruction error of every input feature as an anomaly or classification metric. We further propose a multi-class classification structure to classify the anomalies. We use the CIDDS-001 dataset as a commonly accepted dataset in the literature. Our evaluations show that the performance of the proposed method has improved considerably compared to the existing ones in terms of accuracy, recall, false-positive rate, and F1-score metrics."
W2899116516,,Generative neural networks for anomaly detection in crowded scenes,2018,IEEE Transactions on Information Forensics and Security,158,Perception-related,Feature and Activation Extraction,0.4702,0.2356,,False,seed,,"Security surveillance is critical to social harmony and people's peaceful life. It has a great impact on strengthening social stability and life safeguarding. Detecting anomaly timely, effectively and efficiently in video surveillance remains challenging. This paper proposes a new approach, called S <sup xmlns:mml=""http://www.w3.org/1998/Math/MathML"" xmlns:xlink=""http://www.w3.org/1999/xlink"">2</sup> -VAE, for anomaly detection from video data. The S <sup xmlns:mml=""http://www.w3.org/1998/Math/MathML"" xmlns:xlink=""http://www.w3.org/1999/xlink"">2</sup> -VAE consists of two proposed neural networks: a Stacked Fully Connected Variational AutoEncoder (S <sub xmlns:mml=""http://www.w3.org/1998/Math/MathML"" xmlns:xlink=""http://www.w3.org/1999/xlink"">F</sub> -VAE) and a Skip Convolutional VAE (S <sub xmlns:mml=""http://www.w3.org/1998/Math/MathML"" xmlns:xlink=""http://www.w3.org/1999/xlink"">C</sub> -VAE). The S <sub xmlns:mml=""http://www.w3.org/1998/Math/MathML"" xmlns:xlink=""http://www.w3.org/1999/xlink"">F</sub> -VAE is a shallow generative network to obtain a model like Gaussian mixture to fit the distribution of the actual data. The S <sub xmlns:mml=""http://www.w3.org/1998/Math/MathML"" xmlns:xlink=""http://www.w3.org/1999/xlink"">C</sub> -VAE, as a key component of S <sup xmlns:mml=""http://www.w3.org/1998/Math/MathML"" xmlns:xlink=""http://www.w3.org/1999/xlink"">2</sup> -VAE, is a deep generative network to take advantages of CNN, VAE and skip connections. Both S <sub xmlns:mml=""http://www.w3.org/1998/Math/MathML"" xmlns:xlink=""http://www.w3.org/1999/xlink"">F</sub> -VAE and S <sub xmlns:mml=""http://www.w3.org/1998/Math/MathML"" xmlns:xlink=""http://www.w3.org/1999/xlink"">C</sub> -VAE are efficient and effective generative networks and they can achieve better performance for detecting both local abnormal events and global abnormal events. The proposed S <sup xmlns:mml=""http://www.w3.org/1998/Math/MathML"" xmlns:xlink=""http://www.w3.org/1999/xlink"">2</sup> -VAE is evaluated using four public datasets. The experimental results show that the S <sup xmlns:mml=""http://www.w3.org/1998/Math/MathML"" xmlns:xlink=""http://www.w3.org/1999/xlink"">2</sup> -VAE outperforms the state-of-the-art algorithms. The code is available publicly at https://github.com/tianwangbuaa/."
,,The 2nd Strategic Highway Research Program Naturalistic Driving Study Dataset,2013,,,Trajectory-related,Novel Scenario Generation,0.6234,0.1791,,False,seed,,
,,World models,2018,arXiv preprint arXiv:1803.10122,,Perception-related,Foundation Model and Adaptive Learning,0.3332,0.0129,,False,seed,,
W3109541357,,Unsupervised transfer learning for anomaly detection: Application to complementary operating condition transfer,2021,Knowledge-Based Systems,130,Perception-related,Feature and Activation Extraction,0.4518,0.1491,,False,seed,,"In industrial applications, anomaly detectors are trained to raise alarms when measured samples deviate from the training data distribution. The samples used to train the model should, therefore, be sufficient in quantity and representative of all healthy operating conditions. However, for systems subject to changing operating conditions, acquiring such comprehensive datasets requires a long collection period. To train more robust anomaly detectors, we propose a new framework to perform unsupervised transfer learning (UTL) for one-class classification problems. It differs, thereby, from other applications of UTL in the literature which usually aim at finding a common structure between the datasets to perform either clustering or dimensionality reduction. The task of transferring and combining complementary training data in a completely unsupervised way has not been studied yet. The proposed methodology detects anomalies in operating conditions only experienced by other units in a fleet. We propose the use of adversarial deep learning to ensure the alignment of the different units’ distributions and introduce a new loss, inspired by a dimensionality reduction tool, to enforce the conservation of the inherent variability of each dataset. We use a state-of-the-art once-class approach to detect the anomalies. We demonstrate the benefit of the proposed framework using three open source datasets."
W3182546273,,Explainable artificial intelligence: an analytical review,2021,Wiley Interdisciplinary Reviews: Data Mining and Knowledge Discovery,781,Trajectory-related,Challenging the System Under Test,0.3207,-0.0625,,False,seed,,"Abstract This paper provides a brief analytical review of the current state‐of‐the‐art in relation to the explainability of artificial intelligence in the context of recent advances in machine learning and deep learning. The paper starts with a brief historical introduction and a taxonomy, and formulates the main challenges in terms of explainability building on the recently formulated National Institute of Standards four principles of explainability. Recently published methods related to the topic are then critically reviewed and analyzed. Finally, future directions for research are suggested. This article is categorized under: Technologies &gt; Artificial Intelligence Fundamental Concepts of Data and Knowledge &gt; Explainable AI"
,,Interpretable machine learning,2020,,,Perception-related,Probability and Confidence Scores,0.3543,-0.0468,,False,seed,,
W4205806550,,Risk quantification for automated driving systems in real-world driving scenarios,2021,Ieee Access,49,Trajectory-related,Probability Estimation,0.5986,0.2133,,False,seed,,"The development of safety validation methods is essential for the safe deployment and operation of Automated Driving Systems (ADSs). One of the goals of safety validation is to prospectively evaluate the risk of an ADS dealing with real-world traffic. ISO 26262 and ISO/DIS 21448, the leading standards in automotive safety, provide an approach to estimate the risk where the former focuses on risks due to potential malfunctioning of components and the latter focuses on risks due to possible functional insufficiencies. The main shortcomings of the approach provided in ISO 26262 are that it depends on subjective judgments of safety experts and that only a qualitative risk estimation is performed. ISO/DIS 21448 addresses these shortcomings partially by providing statistical methods to guide the safety validation, but no complete method is provided to quantify the risk. The first objective of this article is to propose a method to estimate the risk of an ADS in a more quantitative and objective manner. A data-driven approach is used to rely less on subjective judgments of safety experts. The output of the method is the expected number of injuries in a potential collision. Thus, the method is quantitative, the result is easily interpretable, and the result can be compared with road crash statistics. The second objective is to provide a method that supports the risk assessment as stipulated by the ISO 26262 and ISO/DIS 21448 standards by decomposing the quantified risk into the 3 aspects of risk as mentioned in these standards: exposure, severity, and controllability. The proposed methods are illustrated by means of a case study in which the risk is quantified for a longitudinal controller in 3 different types of scenarios. The code of the case study is publicly available."
W4313041116,,A survey on knowledge graph-based methods for automated driving,2022,Iberoamerican Knowledge Graphs and Semantic Web Conference,21,Knowledge-driven,Influencing Factors,0.6229,0.2185,,False,seed,,
W4240672450,,Road Vehicles --- Safety of the Intended Functionality,2022,,166,Trajectory-related,Surrogate Safety Metrics,0.4196,0.0707,,False,seed,,43.040.10
W2607127338,,Towards increased reliability by objectification of Hazard Analysis and Risk Assessment (HARA) of automated automotive systems,2017,Safety Science,60,Trajectory-related,Probability Estimation,0.4628,0.1442,,False,seed,,
W4226316432,,Risk assessment methodologies for autonomous driving: A survey,2022,IEEE transactions on intelligent transportation systems,70,Trajectory-related,Challenging the System Under Test,0.5791,0.0811,,False,seed,,"Autonomous driving systems (ADS) in recent years have been the subject of focus, evolving as one of the major mobility disruptors and being a potential candidate for deployment in urban cities due to urbanization. ADS is the system within the Autonomous Vehicle (AV) that enables automation. The different ADS technologies that enable autonomous vehicles have reached a certain maturity that no longer focus on technological deployment, but rather on the safe deployment on public roads. However, existing standards that validate functional safety and Risk Assessment (RA) may not be sufficient to tackle the increased complexity of ADS compared to traditional vehicles. This demand in ADS safety is exponentially increasing in tandem with the increase of AV automation levels. ADS are exposed to diverse environmental conditions and therefore subjected to operational risks while attempting to mimic the human driver responses. Moreover, the recent use of artificial intelligence and machine learning in the industry further shapes the way how ADS development will become in the future. This paper explains the importance of RA coverage for AV and provides a comparison and summary of existing RA methodologies. Thereafter, a recommendation of RAs for AV as potential solutions in meeting ISO 26262 and ISO/PAS 21448 standards."
W4396718590,,Safety in higher level automated vehicles: Investigating edge cases in crashes of vehicles equipped with automated driving systems,2024,Accident Analysis \& Prevention,33,Trajectory-related,Challenging the System Under Test,0.5619,0.1546,,False,seed,,
W4393149271,,SDAC: A Multimodal Synthetic Dataset for Anomaly and Corner Case Detection in Autonomous Driving,2024,Proceedings of the AAAI Conference on Artificial Intelligence,5,Perception-related,Reconstructive and Generative,0.5189,0.1351,,False,seed,,"Nowadays, closed-set perception methods for autonomous driving perform well on datasets containing normal scenes. However, they still struggle to handle anomalies in the real world, such as unknown objects that have never been seen while training. The lack of public datasets to evaluate the model performance on anomaly and corner cases has hindered the development of reliable autonomous driving systems. Therefore, we propose a multimodal Synthetic Dataset for Anomaly and Corner case detection, called SDAC, which encompasses anomalies captured from multi-view cameras and the LiDAR sensor, providing a rich set of annotations for multiple mainstream perception tasks. SDAC is the first public dataset for autonomous driving that categorizes anomalies into object, scene, and scenario levels, allowing the evaluation under different anomalous conditions. Experiments show that closed-set models suffer significant performance drops on anomaly subsets in SDAC. Existing anomaly detection methods fail to achieve satisfactory performance, suggesting that anomaly detection remains a challenging problem. We anticipate that our SDAC dataset could foster the development of safe and reliable systems for autonomous driving."
W4399307645,,Interpreting Autonomous Driving Corner Cases: A Visual Analytics Approach,2024,2024 IEEE 17th Pacific Visualization Conference (PacificVis),0,Trajectory-related,Novel Scenario Generation,0.5127,0.1349,,False,seed,,"With the progression of artificial intelligence, there has been substantial advancement in autonomous driving technology. However, even the most advanced systems may confront failures in certain corner cases, necessitating enhanced analytical approaches. Traditional approaches focused on the numerical analysis of isolated sensor data, are often insufficient for deriving meaningful insights in such situations. To address this inadequacy, we propose a visual analytics approach, crafted to aid domain experts in performing analyses and extracting system improvements from cases with unexpected behaviors. This approach intricately integrates extensive driving scenarios and low-level module behaviors into the autonomous driving decision-making process, utilizing rich visualizations and an interface for interactive exploration and systematic synthesis of findings. Uniquely, our system opens the ""black box"" of modules in the decision-making pipeline during corner cases, taking into account both the overall decision-making pipeline and the fine-grained behaviors of the modules in the pipeline, setting our approach apart from previous works. To validate our system’s effectiveness, we perform two case studies, inviting domain experts for evaluation, and the results confirm our system’s efficacy in allowing experts to obtain crucial insights into autonomous driving systems."
W4392523567,,Choose your simulator wisely: A review on open-source simulators for autonomous driving,2024,IEEE Transactions on Intelligent Vehicles,62,Trajectory-related,Novel Scenario Generation,0.6171,0.2361,,False,seed,,"Simulators play a crucial role in autonomous driving, offering significant time, cost, and labor savings. Over the past few years, the number of simulators for autonomous driving has grown substantially. However, there is a growing concern about the validity of algorithms developed and evaluated in simulators, indicating a need for a thorough analysis of the development status of the simulators. To address existing gaps in research, this paper undertakes a comprehensive review of the history of simulators, proposes a utility-based taxonomy, and investigates the critical issues within open-source simulators. Analysis of the past thirty years' development trajectory reveals a trend characterized by an increase in open-source simulators and an expansion of their functionality scope. The categorization of simulators based on feature functionalities delineates five primary classes: traffic flow, sensory data, driving policy, vehicle dynamics, and comprehensive simulators. Furthermore, the paper identifies critical unresolved issues in open-source simulators, including concerns regarding the fidelity of sensory data, representation of traffic scenarios, and accuracy in vehicle dynamics simulation, all of which have the potential to undermine experimental confidence. Additionally, challenges in data format inconsistency, labor-intensive map construction processes, sluggish step updating, and insufficient support for Hardware-In-the-Loop testing are discussed as hindrances to experimental efficiency. In light of these findings, the survey furnishes task-oriented recommendations to aid in the selection of simulators, taking into account factors such as accessibility, maintenance status, and quality, while highlighting the inherent limitations of existing open-source simulators in validating algorithms and facilitating real-world experimentation."
W4402923182,,Attribute annotation and bias evaluation in visual datasets for autonomous driving,2024,Journal of Big Data,5,Trajectory-related,Challenging the System Under Test,0.3909,-0.0266,,False,seed,,"This paper addresses the often overlooked issue of fairness in the autonomous driving domain, particularly in vision-based perception and prediction systems, which play a pivotal role in the overall functioning of Autonomous Vehicles (AVs). We focus our analysis on biases present in some of the most commonly used visual datasets for training person and vehicle detection systems. We introduce an annotation methodology and a specialised annotation tool, both designed to annotate protected attributes of agents in visual datasets. We validate our methodology through an inter-rater agreement analysis and provide the distribution of attributes across all datasets. These include annotations for the attributes age, sex, skin tone, group, and means of transport for more than 90K people, as well as vehicle type, colour, and car type for over 50K vehicles. Generally, diversity is very low for most attributes, with some groups, such as children, wheelchair users, or personal mobility vehicle users, being extremely underrepresented in the analysed datasets. The study contributes significantly to efforts to consider fairness in the evaluation of perception and prediction systems for AVs. This paper follows reproducibility principles. The annotation tool, scripts and the annotated attributes can be accessed publicly at https://github.com/ec-jrc/humaint_annotator ."
W4200170951,,"Processing, assessing, and enhancing the Waymo autonomous vehicle open dataset for driving behavior research",2022,Transportation Research Part C: Emerging Technologies,126,Trajectory-related,Novel Scenario Generation,0.4893,0.0741,,False,seed,,
W4408308558,,A review of scenario cases for autonomous transportation system: Insights from CAV safety testing and scenario generation,2025,Accident Analysis \& Prevention,8,Trajectory-related,Challenging the System Under Test,0.6742,0.3741,,False,seed,,
W4236643515,,"Road vehicles -- Safety for automated driving systems -- Design, verification and validation",2022,,15,Trajectory-related,Challenging the System Under Test,0.5689,0.1408,,False,seed,,
W3119621753,,Cybersecurity for autonomous vehicles: Review of attacks and defense,2021,Computers \& security,389,Trajectory-related,Challenging the System Under Test,0.3837,-0.0239,,False,seed,,
W4362714293,,Cybersecurity of autonomous vehicles: A systematic literature review of adversarial attacks and defense models,2023,IEEE Open Journal of Vehicular Technology,109,Trajectory-related,Challenging the System Under Test,0.5174,0.0496,,False,seed,,"Autonomous driving (AD) has developed tremendously in parallel with the ongoing development and improvement of deep learning (DL) technology. However, the uptake of artificial intelligence (AI) in AD as the core enabling technology raises serious cybersecurity issues. An enhanced attack surface has been spurred on by the rising digitization of vehicles and the integration of AI features. The performance of the autonomous vehicle (AV)-based applications is constrained by the DL models' susceptibility to adversarial attacks despite their great potential. Hence, AI-enabled AVs face numerous security threats, which prevent the large-scale adoption of AVs. Therefore, it becomes crucial to evolve existing cybersecurity practices to deal with risks associated with the increased uptake of AI. Furthermore, putting defense models into practice against adversarial attacks has grown in importance as a field of study amongst researchers. Therefore, this study seeks to provide an overview of the most recent adversarial defensive and attack models developed in the domain of AD."
W4405713946,,Autonomous Vehicle Security: A Deep Dive into Threat Modeling,2024,arXiv preprint arXiv:2412.15348,2,Trajectory-related,Challenging the System Under Test,0.4062,0.1166,,False,seed,,"Autonomous vehicles (AVs) are poised to revolutionize modern transportation, offering enhanced safety, efficiency, and convenience. However, the increasing complexity and connectivity of AV systems introduce significant cybersecurity challenges. This paper provides a comprehensive survey of AV security with a focus on threat modeling frameworks, including STRIDE, DREAD, and MITRE ATT\&amp;CK, to systematically identify and mitigate potential risks. The survey examines key components of AV architectures, such as sensors, communication modules, and electronic control units (ECUs), and explores common attack vectors like wireless communication exploits, sensor spoofing, and firmware vulnerabilities. Through case studies of real-world incidents, such as the Jeep Cherokee and Tesla Model S exploits, the paper highlights the critical need for robust security measures. Emerging technologies, including blockchain for secure Vehicle-to-Everything (V2X) communication, AI-driven threat detection, and secure Over-The-Air (OTA) updates, are discussed as potential solutions to mitigate evolving threats. The paper also addresses legal and ethical considerations, emphasizing data privacy, user safety, and regulatory compliance. By combining threat modeling frameworks, multi-layered security strategies, and proactive defenses, this survey offers insights and recommendations for enhancing the cybersecurity of autonomous vehicles."
W2996945478,,Multi-sensor fusion in automated driving: A survey,2019,Ieee Access,503,Perception-related,Reconstructive and Generative,0.3517,-0.0882,,False,seed,,"With the significant development of practicability in deep learning and the ultra-high-speed information transmission rate of 5G communication technology will overcome the barrier of data transmission on the Internet of Vehicles, automated driving is becoming a pivotal technology affecting the future industry. Sensors are the key to the perception of the outside world in the automated driving system and whose cooperation performance directly determines the safety of automated driving vehicles. In this survey, we mainly discuss the different strategies of multi-sensor fusion in automated driving in recent years. The performance of conventional sensors and the necessity of multi-sensor fusion are analyzed, including radar, LiDAR, camera, ultrasonic, GPS, IMU, and V2X. According to the differences in the latest studies, we divide the fusion strategies into four categories and point out some shortcomings. Sensor fusion is mainly applied for multi-target tracking and environment reconstruction. We discuss the method of establishing a motion model and data association in multi-target tracking. At the end of the paper, we analyzed the deficiencies in the current studies and put forward some suggestions for further improvement in the future. Through this investigation, we hope to analyze the current situation of multi-sensor fusion in the automated driving process and provide more efficient and reliable fusion strategies."
W2976534600,,A review of sensor technologies for perception in automated driving,2019,IEEE intelligent transportation systems magazine,312,Trajectory-related,Novel Scenario Generation,0.4266,-0.0268,,False,seed,,"After more than 20 years of research, ADAS are common in modern vehicles available in the market. Automated Driving systems, still in research phase and limited in their capabilities, are starting early commercial tests in public roads. These systems rely on the information provided by on-board sensors, which allow to describe the state of the vehicle, its environment and other actors. Selection and arrangement of sensors represent a key factor in the design of the system. This survey reviews existing, novel and upcoming sensor technologies, applied to common perception tasks for ADAS and Automated Driving. They are put in context making a historical review of the most relevant demonstrations on Automated Driving, focused on their sensing setup. Finally, the article presents a snapshot of the future challenges for sensing technologies and perception, finishing with an overview of the commercial initiatives and manufacturers alliances that will show the intention of the market in sensors technologies for Automated Vehicles."
W7147344069,,Evaluation of Large Language Models for Anomaly Detection in Autonomous Vehicles,2025,arXiv preprint arXiv:2509.05315,0,Trajectory-related,Challenging the System Under Test,0.3891,0.0569,,False,seed,,
W4411232161,,Few-Shot Learning With Manifold-Enhanced LLM for Handling Anomalous Perception Inputs in Autonomous Driving,2025,IEEE Transactions on Intelligent Transportation Systems,16,Trajectory-related,Machine Learning (trajectory),0.4439,-0.0278,,False,seed,,"With the widespread adoption of advanced driving systems (ADS), these systems must cope with increasingly complex driving scenarios. However, data-driven deep learning models heavily rely on large amounts of training data and may perform inadequately when faced with novel situations. Consequently, few-shot learning has become a key topic in the field of autonomous driving. Yet, few-shot learning demands models with strong generalization and extrapolation abilities and tends to be vulnerable to anomalous inputs. The perception modules in current ADS systems are not infallible, and there remains a small chance of inaccurate information being generated, which could potentially affect the decision-making process. To address this issue, we propose an innovative few-shot learning framework based on large language models (LLMs) that can comprehend context and make correct decisions despite the presence of anomalous inputs. This framework decouples the high-dimensional textual space of LLMs into a low-dimensional space tailored for autonomous driving, enabling commonsense reasoning within this space. By integrating this space with the textual space, we create a decision manifold that enables effective reasoning and decision-making processes. The framework also maintains an external self-correction database that continually updates experiences to guide manifold construction, facilitating continual Learning. Experimental results demonstrate our framework reduces collision rates by 14% compared to GPT-Driver when tested with anomalous data. This confirms enhanced safety in complex driving environments with perceptual irregularities."
W4407123402,,Insight: Enhancing autonomous driving safety through vision-language models on context-aware hazard detection and edge case evaluation,2025,arXiv preprint arXiv:2502.00262,0,Trajectory-related,Challenging the System Under Test,0.5039,0.1354,,False,seed,,"Autonomous driving systems face significant challenges in handling unpredictable edge-case scenarios, such as adversarial pedestrian movements, dangerous vehicle maneuvers, and sudden environmental changes. Current end-to-end driving models struggle with generalization to these rare events due to limitations in traditional detection and prediction approaches. To address this, we propose INSIGHT (Integration of Semantic and Visual Inputs for Generalized Hazard Tracking), a hierarchical vision-language model (VLM) framework designed to enhance hazard detection and edge-case evaluation. By using multimodal data fusion, our approach integrates semantic and visual representations, enabling precise interpretation of driving scenarios and accurate forecasting of potential dangers. Through supervised fine-tuning of VLMs, we optimize spatial hazard localization using attention-based mechanisms and coordinate regression techniques. Experimental results on the BDD100K dataset demonstrate a substantial improvement in hazard prediction straightforwardness and accuracy over existing models, achieving a notable increase in generalization performance. This advancement enhances the robustness and safety of autonomous driving systems, ensuring improved situational awareness and potential decision-making in complex real-world scenarios."
,,$\$WIP$\$: From Detection to Explanation: Using $\$LLMs$\$ for Adversarial Scenario Analysis in Vehicles,2025,3rd USENIX Symposium on Vehicle Security and Privacy (VehicleSec 25),,Trajectory-related,Challenging the System Under Test,0.3933,0.0136,,False,seed,,
W4403783017,,Few-shot testing of autonomous vehicles with scenario similarity learning,2024,arXiv preprint arXiv:2409.14369,1,Trajectory-related,Challenging the System Under Test,0.5737,0.2468,,False,seed,,"Testing and evaluation are critical to the development and deployment of autonomous vehicles (AVs). Given the rarity of safety-critical events such as crashes, millions of tests are typically needed to accurately assess AV safety performance. Although techniques like importance sampling can accelerate this process, it usually still requires too many numbers of tests for field testing. This severely hinders the testing and evaluation process, especially for third-party testers and governmental bodies with very limited testing budgets. The rapid development cycles of AV technology further exacerbate this challenge. To fill this research gap, this paper introduces the few-shot testing (FST) problem and proposes a methodological framework to tackle it. As the testing budget is very limited, usually smaller than 100, the FST method transforms the testing scenario generation problem from probabilistic sampling to deterministic optimization, reducing the uncertainty of testing results. To optimize the selection of testing scenarios, a cross-attention similarity mechanism is proposed to learn to extract the information of AV's testing scenario space. This allows iterative searches for scenarios with the smallest evaluation error, ensuring precise testing within budget constraints. Experimental results in cut-in scenarios demonstrate the effectiveness of the FST method, significantly enhancing accuracy and enabling efficient, precise AV testing."
W4414432334,,Towards a multi-agent vision-language system for zero-shot novel hazardous object detection for autonomous driving safety,2025,arXiv preprint arXiv:2504.13399,3,Perception-related,Foundation Model and Adaptive Learning,0.4617,0.1765,,False,seed,,"Detecting anomalous hazards in visual data, particularly in video streams, is a critical challenge in autonomous driving. Existing models often struggle with unpredictable, out-of-label hazards due to their reliance on predefined object categories. In this paper, we propose a multimodal approach that integrates vision-language reasoning with zero-shot object detection to improve hazard identification within traffic scene data. Our approach consists of a pipeline that integrates both Vision-Language Model (VLM) and Large-Language Model (LLM) capabilities to solve the problem of detecting out-of-label hazards within traffic scene data. We refine object detection by incorporating OpenAI’s CLIP model to match predicted hazards with bounding box annotations, improving localization accuracy. To assess model performance, we extended the foundational COOOL (Challenge-of-Out-of-Label) anomaly detection benchmark dataset by adding full natural language hazard descriptions as ground truth annotations. Additionally, we evaluated our pipeline’s hazard labels through cosine similarity in order to consider the semantic similarity between the predicted hazard description and the annotated ground truth for each video. Our findings highlight the strengths and limitations of current vision-language based approaches, offering insights into future improvements in autonomous hazard detection systems. Our models, scripts, and data can be found at https://github.com/mi3labucm/COOOLER.git"
W4409366385,,Diffscene: Diffusion-based safety-critical scenario generation for autonomous vehicles,2025,Proceedings of the AAAI Conference on Artificial Intelligence,26,Trajectory-related,Challenging the System Under Test,0.7184,0.3227,,False,seed,,"The field of Autonomous Driving (AD) has witnessed significant progress in recent years. Among the various challenges faced, the safety evaluation of autonomous vehicles (AVs) stands out as a critical concern. Traditional evaluation methods are both costly and inefficient, often requiring extensive driving mileage in order to encounter rare safety-critical scenarios, which are distributed on the long tail of the complex real-world driving landscape. In this paper, we propose a unified approach, Diffusion-Based Safety-Critical Scenario Generation (DiffScene), to generate high-quality safety-critical scenarios which are both realistic and safety-critical for efficient AV evaluation. In particular, we propose a diffusion-based generation framework, leveraging the power of approximating the distribution of low-density spaces for diffusion models. We design several adversarial optimization objectives to guide the diffusion generation under predefined adversarial budgets. These objectives, such as safety-based objective, functionality-based objective, and constraint-based objective, ensure the generation of safety-critical scenarios while adhering to specific constraints. Extensive experimentation has been conducted to validate the efficacy of our approach. Compared with 6 SOTA baselines, DiffScene generates scenarios that are (1) more safety-critical under 3 metrics, (2) more realistic under 5 distance functions, and (3) more transferable to different AV algorithms. In addition, we demonstrate that training AV algorithms with scenarios generated by DiffScene leads to significantly higher performance in terms of the safety-critical metrics compared to baselines. These findings highlight the potential of DiffScene in addressing the challenges of AV safety evaluation, paving the way for safer AV development."
W4409046497,,Gaia-2: A controllable multi-view generative world model for autonomous driving,2025,arXiv preprint arXiv:2503.20523,1,Trajectory-related,Challenging the System Under Test,0.4543,0.1045,,False,seed,,"Generative models offer a scalable and flexible paradigm for simulating complex environments, yet current approaches fall short in addressing the domain-specific requirements of autonomous driving - such as multi-agent interactions, fine-grained control, and multi-camera consistency. We introduce GAIA-2, Generative AI for Autonomy, a latent diffusion world model that unifies these capabilities within a single generative framework. GAIA-2 supports controllable video generation conditioned on a rich set of structured inputs: ego-vehicle dynamics, agent configurations, environmental factors, and road semantics. It generates high-resolution, spatiotemporally consistent multi-camera videos across geographically diverse driving environments (UK, US, Germany). The model integrates both structured conditioning and external latent embeddings (e.g., from a proprietary driving model) to facilitate flexible and semantically grounded scene synthesis. Through this integration, GAIA-2 enables scalable simulation of both common and rare driving scenarios, advancing the use of generative world models as a core tool in the development of autonomous systems. Videos are available at https://wayve.ai/thinking/gaia-2."
W4413018694,,A Path-Driven Probabilistic Framework for Simulating Abnormal Behavior in Autonomous Driving Scenarios,2025,2025 IEEE Intelligent Vehicles Symposium (IV),0,Trajectory-related,Novel Scenario Generation,0.5464,0.1982,,False,seed,,"Achieving high-level autonomous driving poses significant challenges, primarily due to the extensive and time-consuming testing required for low-probability abnormal behavior scenarios. Existing simulation platforms are limited by microscopic traffic flow models based on car-following and lane-changing theories (focused on the behavior of individual vehi-cles), which limits the implementation of complex and diverse abnormal behaviors such as road deviation and cutting in. This paper proposes an Abnormal behavior Generation model based on Event Probability triggers and Static paths (AGEPS model), which is capable of continuously and automatically generating abnormal behaviors without disrupting normal traffic flow. The AGEPS model is computationally efficient and scalable, as it decouples path optimization and trajectory tracking from obstacle avoidance, using explicit control law for both tracking and avoidance. The paper demonstrates three typical abnormal behaviors: Overtaking on the Right (OOR), Driving on the Lane Line (DOL), and Sudden Braking (SUB), indicating that the AGEPS model effectively generates these behaviors by selecting and tracking target static paths while adjusting lateral offsets and desired speeds. Experimental results validate the AGEPS model's effectiveness and its ability to generate abnormal behaviors continuously. Simulation results indicate that the AGEPS model reduces single-step computation time (including decision-making and control) by over 92.8 % compared to the MPC controller, with a single-step execution time of just 4 ms."
W3179903080,,Corner case generation and analysis for safety assessment of autonomous vehicles,2021,Transportation research record,47,Trajectory-related,Challenging the System Under Test,0.66,0.2316,,False,seed,,"Testing and evaluation is a crucial step in the development and deployment of connected and automated vehicles (CAVs). To comprehensively evaluate the performance of CAVs, it is necessary to test the CAVs in safety-critical scenarios, which rarely happen in a naturalistic driving environment. Therefore, how to purposely and systematically generate these corner cases becomes an important problem. Most existing studies focus on generating adversarial examples for perception systems of CAVs, whereas limited efforts have been put into decision-making systems, which is the highlight of this paper. As the CAVs need to interact with numerous background vehicles (BVs) for a long duration, variables that define the corner cases are usually high-dimensional, which makes the generation a challenging problem. In this paper, a unified framework is proposed to generate corner cases for decision-making systems. To address the challenge brought by high dimensionality, the driving environment is formulated based on the Markov decision process, and the deep reinforcement learning techniques are applied to learn the behavior policy of BVs. With the learned policy, BVs behave and interact with the CAVs more aggressively, resulting in more corner cases. To further analyze the generated corner cases, the techniques of feature extraction and clustering are utilized. By selecting representative cases of each cluster and outliers, the valuable corner cases can be identified from all generated corner cases. Simulation results of a highway driving environment show that the proposed methods can effectively generate and identify the valuable corner cases."
W4415068890,,Foundation Models in Autonomous Driving: A Survey on Scenario Generation and Scenario Analysis,2025,arXiv preprint arXiv:2506.11526,9,Trajectory-related,Novel Scenario Generation,0.6858,0.3037,,False,seed,,"Ensuring the safety of autonomous vehicles in real-world environments requires handling a wide spectrum of diverse and rare driving scenarios. Scenario-based testing addresses this need by offering a scalable and controlled approach to develop and validate autonomous driving systems. However, traditional scenario generation methods relying on rule-based logic, knowledge-driven models, or data-driven synthesis often yield limited diversity and unrealistic cases. With the emergence of foundation models, which represent a new generation of pre-trained, general-purpose Artificial Intelligence (AI) models, developers can process heterogeneous inputs (e.g., natural language, sensor data, maps, and control actions), enabling the synthesis, interpretation, analysis of complex driving scenarios. In this paper, we review the use of foundation models for scenario generation and scenario analysis in autonomous driving. Our survey presents a unified taxonomy that includes large language models, vision language models, multimodal large language models, diffusion models, and world models for the generation and analysis of autonomous driving scenarios, outlining their fundamental principles, applications, and corresponding evaluation metrics. In addition, we review the methodologies, open-source datasets, simulation platforms, and benchmark challenges. Finally, the survey concludes by highlighting the open challenges, research questions and promising future directions in applying foundation models to scenario generation and analysis in autonomous driving. All reviewed papers are listed in a continuously maintained repository, which is publicly available and updated with new research: GitHub.com/TUM-AVS/FM-for-Scenario-Generation-Analysis."
W4415495332,,Automated Vehicles at Unsignalized Intersections: Safety and Efficiency Implications of Mixed-Human-Automated Traffic,2024,arXiv preprint arXiv:2410.12538,2,Trajectory-related,Surrogate Safety Metrics,0.5679,0.1188,,False,seed,,"The integration of automated vehicles (AVs) into transportation systems presents an unprecedented opportunity to enhance road safety and efficiency. However, understanding the interactions between AVs and human-driven vehicles (HVs) at intersections remains an open research question. This study aims to bridge this gap by examining behavioral differences and adaptations of AVs and HVs at unsignalized intersections by utilizing two large-scale AV datasets from Waymo and Lyft. By using a systematic methodology, the research identifies and analyzes merging and crossing conflicts by calculating key safety and efficiency metrics, including time to collision, post-encroachment time, maximum required deceleration, time advantage, and speed and acceleration profiles. Through this approach, the study assesses the safety and efficiency implications of these behavioral differences and adaptations for mixed-autonomy traffic. The findings reveal a paradox: while AVs maintain larger safety margins, their conservative behavior can lead to unexpected situations for human drivers, potentially causing unsafe conditions. From a performance point of view, human drivers tend to exhibit more consistent behavior when interacting with AVs versus other HVs, suggesting AVs may contribute to harmonizing traffic flow patterns. Moreover, notable differences were observed between Waymo and Lyft vehicles, which highlights the importance of considering manufacturer-specific AV behaviors in traffic modeling and management strategies for the safe integration of AVs. The processed dataset, as well as the developed algorithms and scripts, are openly published to foster research on AV–HV interactions."
,,A comprehensive survey of federated learning approaches for privacy-preserving machine learning,2025,Tech-Sphere Journal for Pure and Applied Sciences,,Trajectory-related,Machine Learning (trajectory),0.2226,-0.0641,,False,seed,,
W4410235623,10.1117/12.3066911,Co-occurrence knowledge graph construction based on corner cases,2025,,1,Knowledge-driven,Influencing Factors,0.6071,0.2767,0.6802,True,auto-discovered,"""edge case"" ""autonomous driving""","In complex urban roads, it is difficult for automatic driving systems to accurately perceive dynamic scene information such as traffic participants facing corner cases due to such problems as obstacle occlusion and complex traffic participants. This makes it difficult for autonomous driving systems to accurately assess the source and level of risk, which seriously affects the safety of autonomous driving. Co-occurrence can link the associated entities in the scene to provide additional semantic information for autonomous driving, and provide corresponding over-the-horizon perception for effective decision-making and safe driving. Knowledge graph describes knowledge in a structured way using the form of entities and edges that can explicitly represent traffic participants, roads, and the relationships between them. In this paper, we propose a cooccurrence knowledge graph construction method based on edge cases according to the co-occurrence relationships between entities in a traffic scene. This method (1) introduces high-definition map ontologies to construct a knowledge graph that describes the directional co-occurrence relationships between entities in the corner cases, and (2) combines the co-occurrence knowledge graph to predict the entities that may appear in the traffic scenes. The experimental results show that the co-occurrence knowledge graph based on the corner cases can improve the automatic driving systems’ understanding of the corner cases and predict the entities that may exist in the scene, providing effective safety assurance for autonomous driving."
W4378711581,10.48550/arxiv.2305.16369,A Semi-Automated Corner Case Detection and Evaluation Pipeline,2023,arXiv (Cornell University),0,Knowledge-driven,Influencing Factors,0.5118,0.1775,0.6788,True,auto-discovered,"""corner case"" ""automated vehicle""","In order to deploy automated vehicles to the public, it has to be proven that the vehicle can safely and robustly handle traffic in many different scenarios. One important component of automated vehicles is the perception system that captures and processes the environment around the vehicle. Perception systems require large datasets for training their deep neural network. Knowing which parts of the data in these datasets describe a corner case is an advantage during training or testing of the network. These corner cases describe situations that are rare and potentially challenging for the network. We propose a pipeline that converts collective expert knowledge descriptions into the extended KI Absicherung ontology. The ontology is used to describe scenes and scenarios that can be mapped to perception datasets. The corner cases can then be extracted from the datasets. In addition, the pipeline enables the evaluation of the detection networks against the extracted corner cases to measure their performance."
W4319453531,10.48550/arxiv.2302.02790,Perception Datasets for Anomaly Detection in Autonomous Driving: A Survey,2023,arXiv (Cornell University),2,Perception-related,Feature and Activation Extraction,0.5241,0.0899,0.8047,False,auto-discovered,"""anomaly detection"" ""autonomous driving""","Deep neural networks (DNN) which are employed in perception systems for autonomous driving require a huge amount of data to train on, as they must reliably achieve high performance in all kinds of situations. However, these DNN are usually restricted to a closed set of semantic classes available in their training data, and are therefore unreliable when confronted with previously unseen instances. Thus, multiple perception datasets have been created for the evaluation of anomaly detection methods, which can be categorized into three groups: real anomalies in real-world, synthetic anomalies augmented into real-world and completely synthetic scenes. This survey provides a structured and, to the best of our knowledge, complete overview and comparison of perception datasets for anomaly detection in autonomous driving. Each chapter provides information about tasks and ground truth, context information, and licenses. Additionally, we discuss current weaknesses and gaps in existing datasets to underline the importance of developing further data."
W4391768484,10.1109/itsc57777.2023.10422167,Synthetic Outlier Generation for Anomaly Detection in Autonomous Driving,2023,,1,Perception-related,Feature and Activation Extraction,0.5031,0.1306,0.8033,False,auto-discovered,"""anomaly detection"" ""autonomous driving""","Anomaly detection, or outlier detection, is a crucial task in various domains to identify instances that significantly deviate from established patterns or the majority of data. In the context of autonomous driving, the identification of anomalies is particularly important to prevent safety-critical incidents, as deep learning models often exhibit overconfidence in anomalous or outlier samples. In this study, we explore different strategies for training an image semantic segmentation model with an anomaly detection module. By introducing modifications to the training stage of the state-of-the-art DenseHybrid model, we achieve significant performance improvements in anomaly detection. Moreover, we propose a simplified detector that achieves comparable results to our modified DenseHybrid approach, while also surpassing the performance of the original DenseHybrid model. These findings demonstrate the efficacy of our proposed strategies for enhancing anomaly detection in the context of autonomous driving."
W7155101300,10.1109/icara69401.2026.11480286,Corner Case Detection Using Multi-Modal Information in Autonomous Driving,2026,,0,Perception-related,Other Perception Methods,0.5875,0.2111,0.7727,False,auto-discovered,"""corner case"" ""autonomous driving""","Safety assurance is a critical aspect of autonomous driving systems, where the perception module often fails to handle rare yet accident-prone objects or scenes, known as corner cases, due to incomplete training data. These corner cases frequently lead to detection failures and erroneous decisions, posing significant risks to both driving efficiency and safety. Recent efforts have introduced closed-loop continuous learning frameworks that leverage sensor-based detection to identify highrisk corner cases and iteratively improve perception performance. However, such approaches remain constrained by sensor modality limitations, high data processing costs, and limited data diversity. To address these challenges, we propose a multimodal generative corner case detection framework that leverages easily accessible and cost-efficient data sources to detect anomalous objects and scenes in real-world driving environments. Quantitative and qualitative evaluations on the public dataset demonstrate that our method achieves high robustness and actual usability."
W7154865595,,AD4AD: Benchmarking Visual Anomaly Detection Models for Safer Autonomous Driving,2026,ArXiv.org,0,Perception-related,Reconstructive and Generative,0.4505,0.0844,0.7725,False,auto-discovered,"""anomaly detection"" ""autonomous driving""","The reliability of a machine vision system for autonomous driving depends heavily on its training data distribution. When a vehicle encounters significantly different conditions, such as atypical obstacles, its perceptual capabilities can degrade substantially. Unlike many domains where errors carry limited consequences, failures in autonomous driving translate directly into physical risk for passengers, pedestrians, and other road users. To address this challenge, we explore Visual Anomaly Detection (VAD) as a solution. VAD enables the identification of anomalous objects not present during training, allowing the system to alert the driver when an unfamiliar situation is detected. Crucially, VAD models produce pixel-level anomaly maps that can guide driver attention to specific regions of concern without requiring any prior assumptions about the nature or form of the hazard. We benchmark eight state-of-the-art VAD methods on AnoVox, the largest synthetic dataset for anomaly detection in autonomous driving. In particular, we evaluate performance across four backbone architectures spanning from large networks to lightweight ones such as MobileNet and DeiT-Tiny. Our results demonstrate that VAD transfers effectively to road scenes. Notably, Tiny-Dinomaly achieves the best accuracy-efficiency trade-off for edge deployment, matching full-scale localization performance at a fraction of the memory cost. This study represents a concrete step toward safer, more responsible deployment of autonomous vehicles, ultimately improving protection for passengers, pedestrians, and all road users."
W4413146229,10.1109/cvpr52734.2025.01109,Spotting the Unexpected (STU): A 3D LiDAR Dataset for Anomaly Segmentation in Autonomous Driving,2025,,1,Perception-related,Reconstructive and Generative,0.47,0.1559,0.7695,False,auto-discovered,"""anomaly detection"" ""autonomous vehicle""","To operate safely, autonomous vehicles (AVs) need to detect and handle unexpected objects or anomalies on the road. While significant research exists for anomaly detection and segmentation in 2D, research progress in 3D is underexplored. Existing datasets lack high-quality multimodal data that are typically found in AVs. This paper presents a novel dataset for anomaly segmentation in driving scenarios. To the best of our knowledge, it is the first publicly available dataset focused on road anomaly segmentation with dense 3D semantic labeling, incorporating both LiDAR and camera data, as well as sequential information to enable anomaly detection across various ranges. This capability is critical for the safe navigation of autonomous vehicles. We adapted and evaluated several baseline models for 3D segmentation, highlighting the challenges of 3D anomaly detection in driving environments. Our dataset and evaluation code will be openly available, facilitating the testing and performance comparison of different approaches."
W7162044149,,Real-World On-Vehicle Evaluation of Embedding-Based Anomaly Detection,2026,ArXiv.org,0,Perception-related,Feature and Activation Extraction,0.4729,0.1809,0.7633,False,auto-discovered,"""anomaly detection"" ""automated vehicle""","Detecting anomalies in traffic scenes is crucial for ensuring safety in autonomous driving, yet collecting representative anomalous data remains challenging. Existing anomaly detection methods are highly specialized and rely on normality as defined by the abstract semantic Cityscapes classes, making it difficult to adapt to diverse real-world scenarios. We propose an adaptable real-time anomaly detection method that leverages foundation models in the form of pretrained vision transformer embeddings to detect deviations via nearest-neighbor similarity in the latent semantic feature space. Based on patch-wise processing, the algorithm produces dense anomaly masks, allowing for the localization of detected anomalies. The method robustly models normality through a single reference image. This formulation avoids explicit supervision and dataset-specific training, making it suitable for real-world deployment. We evaluate the method on standard benchmarks and on an automated vehicle in real-world scenarios. Despite its simplicity, the method achieves good performance on the Road Anomaly benchmark and demonstrates consistent qualitative behavior in practice, successfully highlighting semantically unusual objects in diverse scenes. These results suggest that simple, reference-based methods can provide useful anomaly signals under realistic operating conditions."
W4401415224,10.1109/icra57147.2024.10610249,Road Obstacle Detection based on Unknown Objectness Scores,2024,,3,Perception-related,Probability and Confidence Scores,0.4703,0.1258,0.7549,False,auto-discovered,"""anomaly detection"" ""autonomous driving""","The detection of unknown traffic obstacles is vital to ensure safe autonomous driving. The standard object-detection methods cannot identify unknown objects that are not included under predefined categories. This is because object-detection methods are trained to assign a background label to pixels corresponding to the presence of unknown objects. To address this problem, the pixel-wise anomaly-detection approach has attracted increased research attention. Anomaly-detection techniques, such as uncertainty estimation and perceptual difference from reconstructed images, make it possible to identify pixels of unknown objects as out-of-distribution (OoD) samples. However, when applied to images with many unknowns and complex components, such as driving scenes, these methods often exhibit unstable performance. The purpose of this study is to achieve stable performance for detecting unknown objects by incorporating the object-detection fashions into the pixel-wise anomaly detection methods. To achieve this goal, we adopt a semantic-segmentation network with a sigmoid head that simultaneously provides pixel-wise anomaly scores and objectness scores. Our experimental results show that the objectness scores play an important role in improving the detection performance. Based on these results, we propose a novel anomaly score by integrating these two scores, which we term as unknown objectness score. Quantitative evaluations show that the proposed method outperforms state-of-the-art methods when applied to the publicly available datasets."
W4386171490,10.1088/1742-6596/2560/1/012005,Anomaly Pixel Detection via Dual-Branch Uncertainty Metrics,2023,Journal of Physics Conference Series,1,Perception-related,Feature and Activation Extraction,0.4883,0.221,0.7496,False,auto-discovered,"""anomaly detection"" ""autonomous driving""","Abstract Anomaly detection aims to detect abnormal samples from normal data. Existing methods mainly use synthesis-based approach and uncertainty-based approach. Moreover, the above-mentioned methods need to re-train part/all of the deep network, which limits its application scenarios especially real-time scenarios. We propose a novel retraining-free anomaly detection method, which includes a dual-branch anomaly detection mechanism to detect abnormal pixels from two views. In the pseudo-supervised branch, we use the Copy post method to transform the unsupervised anomaly detection task into a supervised binary detection task. In the prototype detection branch, we use prototypes to improve the accuracy of abnormal pixel detection. The anomaly results of the two branches are fused by means of soft voting to produce anomaly detection results with higher recall. Our experiments show that our method significantly outperforms other methods and achieves excellent results on different datasets, which also shows that our method has good generalization ability. Therefore, our proposed method can effectively improve the effectiveness and safety of anomaly detection in real-time scenarios, such as autonomous driving."
W4390214551,10.48550/arxiv.2312.14427,GROOD: GRadient-Aware Out-of-Distribution Detection,2023,arXiv (Cornell University),0,Perception-related,Feature and Activation Extraction,0.4092,0.1643,0.741,False,auto-discovered,"""novelty detection"" ""self-driving""","Out-of-distribution (OOD) detection is crucial for ensuring the reliability of deep learning models in real-world applications. Existing methods typically focus on feature representations or output-space analysis, often assuming a distribution over these spaces or leveraging gradient norms with respect to model parameters. However, these approaches struggle to distinguish near-OOD samples and often require extensive hyper-parameter tuning, limiting their practicality.In this work, we propose GRadient-aware Out-Of-Distribution detection (GROOD), a method that derives an OOD prototype from synthetic samples and computes class prototypes directly from In-distribution (ID) training data. By analyzing the gradients of a nearest-class-prototype loss function concerning an artificial OOD prototype, our approach achieves a clear separation between in-distribution and OOD samples. Experimental evaluations demonstrate that gradients computed from the OOD prototype enhance the distinction between ID and OOD data, surpassing established baselines in robustness, particularly on ImageNet-1k. These findings highlight the potential of gradient-based methods and prototype-driven approaches in advancing OOD detection within deep neural networks."
W4391843787,10.3390/s24041248,Dense Out-of-Distribution Detection by Robust Learning on Synthetic Negative Data,2024,Sensors,12,Perception-related,Feature and Activation Extraction,0.4679,0.1124,0.7383,False,auto-discovered,"""out-of-distribution"" ""self-driving""","Standard machine learning is unable to accommodate inputs which do not belong to the training distribution. The resulting models often give rise to confident incorrect predictions which may lead to devastating consequences. This problem is especially demanding in the context of dense prediction since input images may be only partially anomalous. Previous work has addressed dense out-of-distribution detection by discriminative training with respect to off-the-shelf negative datasets. However, real negative data may lead to over-optimistic evaluation due to possible overlap with test anomalies. To this end, we extend this approach by generating synthetic negative patches along the border of the inlier manifold. We leverage a jointly trained normalizing flow due to a coverage-oriented learning objective and the capability to generate samples at different resolutions. We detect anomalies according to a principled information-theoretic criterion which can be consistently applied through training and inference. The resulting models set the new state of the art on benchmarks for out-of-distribution detection in road-driving scenes and remote sensing imagery despite minimal computational overhead."
W4413926174,10.1109/icra55743.2025.11128111,OoDIS: Anomaly Instance Segmentation and Detection Benchmark,2025,,2,Perception-related,Feature and Activation Extraction,0.473,0.2123,0.7369,False,auto-discovered,"""out-of-distribution"" ""self-driving""","Safe navigation of self-driving cars and robots requires a precise understanding of their environment. Training data for perception systems cannot cover the wide variety of objects that may appear during deployment. Thus, reliable identification of unknown objects, such as wild animals and untypical obstacles, is critical due to their potential to cause serious accidents. Significant progress in semantic segmentation of anomalies has been facilitated by the availability of out-of-distribution (OOD) benchmarks. However, a comprehensive understanding of scene dynamics requires the segmentation of individual objects, and thus the segmentation of instances is essential. Development in this area has been lagging, largely due to the lack of dedicated benchmarks. The situation is similar in object detection. While there is interest in detecting and potentially tracking every anomalous object, the availability of dedicated benchmarks is clearly limited. To address this gap, this work extends some commonly used anomaly segmentation benchmarks to include the instance segmentation and object detection tasks. Our evaluation of anomaly instance segmentation and object detection methods shows that both of these challenges remain unsolved problems. We provide a competition and benchmark website under https://vision.rwth-aachen.de/oodis."
W4390214624,10.48550/arxiv.2312.14452,How to Overcome Curse-of-Dimensionality for Out-of-Distribution Detection?,2023,arXiv (Cornell University),1,Perception-related,Feature and Activation Extraction,0.42,0.1398,0.7347,False,auto-discovered,"""novelty detection"" ""autonomous vehicle""","Machine learning models deployed in the wild can be challenged by out-of-distribution (OOD) data from unknown classes. Recent advances in OOD detection rely on distance measures to distinguish samples that are relatively far away from the in-distribution (ID) data. Despite the promise, distance-based methods can suffer from the curse-of-dimensionality problem, which limits the efficacy in high-dimensional feature space. To combat this problem, we propose a novel framework, Subspace Nearest Neighbor (SNN), for OOD detection. In training, our method regularizes the model and its feature representation by leveraging the most relevant subset of dimensions (i.e. subspace). Subspace learning yields highly distinguishable distance measures between ID and OOD data. We provide comprehensive experiments and ablations to validate the efficacy of SNN. Compared to the current best distance-based method, SNN reduces the average FPR95 by 15.96% on the CIFAR-100 benchmark."
W4406611173,10.1109/smc54092.2024.10831409,Integrating End-to-End and Modular Driving Approaches for Online Corner Case Detection in Autonomous Driving,2024,,2,Perception-related,Other Perception Methods,0.5199,0.1456,0.7345,False,auto-discovered,"""corner case"" ""autonomous driving""","Online corner case detection is crucial for ensuring safety in autonomous driving vehicles. Current autonomous driving approaches can be categorized into modular approaches and end-to-end approaches. To leverage the advantages of both, we propose a method for online corner case detection that integrates an end-to-end approach into a modular system. The modular system takes over the primary driving task and the end-to-end network runs in parallel as a secondary one, the disagreement between the systems is then used for corner case detection. We implement this method on a real vehicle and evaluate it qualitatively. Our results demonstrate that end-to-end networks, known for their superior situational awareness, as secondary driving systems, can effectively contribute to corner case detection. These findings suggest that such an approach holds potential for enhancing the safety of autonomous vehicles."
W4390190624,10.1109/iccvw60793.2023.00439,Anomaly-Aware Semantic Segmentation via Style-Aligned OoD Augmentation,2023,,6,Perception-related,Foundation Model and Adaptive Learning,0.4054,0.1207,0.7342,False,auto-discovered,"""out-of-distribution"" ""autonomous driving""","Within the context of autonomous driving, encountering unknown objects becomes inevitable during deployment in the open world. Therefore, it is crucial to equip standard semantic segmentation models with anomaly awareness. Many previous approaches have utilized synthetic out-of-distribution (OoD) data augmentation to tackle this problem. In this work, we advance the OoD synthesis process by reducing the domain gap between the OoD data and driving scenes, effectively mitigating the style difference that might otherwise act as an obvious shortcut during training. Additionally, we propose a simple fine-tuning loss that effectively induces a pre-trained semantic segmentation model to generate a ""none of the given classes"" prediction, leveraging per-pixel OoD scores for anomaly segmentation. With minimal fine-tuning effort, our pipeline enables the use of pre-trained models for anomaly segmentation while maintaining the performance on the original task."
W4402345809,10.48550/arxiv.2407.12427,GeneralAD: Anomaly Detection Across Domains by Attending to Distorted Features,2024,arXiv (Cornell University),0,Perception-related,Feature and Activation Extraction,0.4946,0.222,0.7238,False,auto-discovered,"""anomaly detection"" ""self-driving""","In the domain of anomaly detection, methods often excel in either high-level semantic or low-level industrial benchmarks, rarely achieving cross-domain proficiency. Semantic anomalies are novelties that differ in meaning from the training set, like unseen objects in self-driving cars. In contrast, industrial anomalies are subtle defects that preserve semantic meaning, such as cracks in airplane components. In this paper, we present GeneralAD, an anomaly detection framework designed to operate in semantic, near-distribution, and industrial settings with minimal per-task adjustments. In our approach, we capitalize on the inherent design of Vision Transformers, which are trained on image patches, thereby ensuring that the last hidden states retain a patch-based structure. We propose a novel self-supervised anomaly generation module that employs straightforward operations like noise addition and shuffling to patch features to construct pseudo-abnormal samples. These features are fed to an attention-based discriminator, which is trained to score every patch in the image. With this, our method can both accurately identify anomalies at the image level and also generate interpretable anomaly maps. We extensively evaluated our approach on ten datasets, achieving state-of-the-art results in six and on-par performance in the remaining for both localization and detection tasks."
W7122348150,,Détection d’objets inconnus en monde ouvert pour les systèmes de conduite autonome,2025,theses.fr (ABES),0,Perception-related,Foundation Model and Adaptive Learning,0.5521,0.1006,0.7214,False,auto-discovered,"""corner case"" ""autonomous vehicle""","Autonomous vehicle (AV) systems primarily perform two core tasks: perception and control. The perception system constructs a representation of the real world, commonly referred to as the World Model, on which the control system relies upon to make driving decisions. The effectiveness of the control system is therefore closely tied to the accuracy and completeness of the information provided by the World Model. For example, failing to detect critical objects on the road may result in dangerous outcomes, while excessive or erroneous detections can negatively affect the user experience. Discrepancies between the real environment and the AV’s internal representation are known as corner cases. Among these, unknown objects, objects belonging to classes not encountered during training, represent a particularly challenging type of corner case. Contemporary World Models are predominantly based on deep learning, utilizing large-scale labeled datasets to learn representations of known object classes. Object detection, a central component of the perception pipeline, aims to provide both localization and semantic information about objects in the scene. However, state-of-the-art detectors exhibit poor performance on corner cases, as demonstrated in real-world benchmarks such as CODA. This limitation stems from their closed-set assumption: they are trained on a fixed set of classes and struggle to generalize to novel, unseen instances. To address this, open-set recognition and open-world object detection (OWOD), have been proposed. These paradigms introduce mechanisms for detecting unknown objects while enabling incremental learning of new classes. Nevertheless, applying OWOD to AV contexts presents unique challenges that remain insufficiently addressed. Most existing approaches are evaluated on general-purpose datasets such as COCO, which do not adequately reflect the complexity and safety-critical nature of road scenes. Current methods often suffer from high false positive rates or degrade performance on known classes when optimizing for unknown detection. This PhD thesis aims to bridge these gaps by advancing object detection systems for autonomous driving scenarios, with a specific focus on robust detection of unknown objects. The goal is to enhance the AV’s ability to handle corner cases in real-world environments, therebycontributing to safer and more reliable autonomous driving systems."
W4396215008,10.1109/access.2024.3394530,DivNEDS: Diverse Naturalistic Edge Driving Scene Dataset for Autonomous Vehicle Scene Understanding,2024,IEEE Access,3,Perception-related,Foundation Model and Adaptive Learning,0.5146,0.1526,0.7205,False,auto-discovered,"""out-of-distribution"" ""autonomous vehicle""","The safe implementation and adoption of Autonomous Vehicle (AV) vision models on public roads requires not only an understanding of the natural environment comprising pedestrians and other vehicles but also the ability to reason about edge situations such as unpredictable maneuvers by other drivers, impending accidents, erratic movement of pedestrians, cyclists, and motorcyclists, animal crossings, and cyclists using hand signals. Despite advances in complex tasks such as object tracking, human behavior modeling, activity recognition, and trajectory planning, the fundamental challenge of interpretable scene understanding, especially in out-of-distribution environments, remains evident. This is highlighted by the 84% of AV disengagements attributed to scene understanding errors in real-world AV tests. To address this limitation, we introduce the Diverse Naturalistic Edge Driving Scene Dataset (DivNEDS), a novel dataset comprising 11,084 edge scenes and 203,000 descriptive captions sourced from 12 distinct locations worldwide, captured under varying weather conditions and at different times of the day. Our approach includes a novel embedded hierarchical dense captioning strategy aimed at enabling few-shot learning and mitigating overfitting by excluding irrelevant scene elements. Additionally, we propose a Generative Region-to-Text Transformer, with a baseline embedded hierarchical dense captioning performance of 60.3mAP, a new benchmark for AV scene understanding models trained on dense captioned data sets. This work represents a significant step toward improving AVs’ ability to comprehend diverse, real-world edge and complex driving scenarios, thereby enhancing their safety and adaptability in dynamic environments. The dataset and instructions are available at https://github.com/johnowusuduah/DivNEDS."
W7151731901,10.5281/zenodo.19467459,Autonomous Vehicle Perception: Deep Learning Challenges and Solutions,2026,Zenodo (CERN European Organization for Nuclear Research),0,Perception-related,Reconstructive and Generative,0.5067,0.1062,0.7202,False,auto-discovered,"""corner case"" ""autonomous vehicle""","Autonomous vehicles (AVs) depend on robust perception systems to interpret complex driving environments in real time. Deep learning has emerged as the dominant paradigm for AV perception, enabling breakthroughs in object detection, semantic segmentation, and sensor fusion. However, significant challenges persist, including adverse weather degradation, domain shift across geographic regions, computational constraints for real-time inference, and the long-tail distribution of rare but safety-critical scenarios. This article presents a comprehensive survey of deep learning approaches for autonomous vehicle perception, examining architectures for camera-based, LiDAR-based, and multi-modal fusion systems. We systematically analyze benchmark datasets including KITTI, nuScenes, and Waymo Open, evaluate state-of-the-art models across detection and segmentation tasks, and identify persistent gaps between research performance and deployment requirements. Our analysis reveals that while transformer-based architectures and self-supervised pre-training have substantially improved perception accuracy, challenges in real-time multi-sensor fusion, corner-case handling, and certification for safety-critical deployment remain open research problems requiring interdisciplinary solutions."
W4393146666,10.1609/aaai.v38i19.30159,Quantile-Based Maximum Likelihood Training for Outlier Detection,2024,Proceedings of the AAAI Conference on Artificial Intelligence,6,Perception-related,Feature and Activation Extraction,0.4568,0.1628,0.7155,False,auto-discovered,"""novelty detection"" ""autonomous vehicle""","Discriminative learning effectively predicts true object class for image classification. However, it often results in false positives for outliers, posing critical concerns in applications like autonomous driving and video surveillance systems. Previous attempts to address this challenge involved training image classifiers through contrastive learning using actual outlier data or synthesizing outliers for self-supervised learning. Furthermore, unsupervised generative modeling of inliers in pixel space has shown limited success for outlier detection. In this work, we introduce a quantile-based maximum likelihood objective for learning the inlier distribution to improve the outlier separation during inference. Our approach fits a normalizing flow to pre-trained discriminative features and detects the outliers according to the evaluated log-likelihood. The experimental evaluation demonstrates the effectiveness of our method as it surpasses the performance of the state-of-the-art unsupervised methods for outlier detection. The results are also competitive compared with a recent self-supervised approach for outlier detection. Our work allows to reduce dependency on well-sampled negative training data, which is especially important for domains like medical diagnostics or remote sensing."
W4399554328,10.48550/arxiv.2406.06370,UMAD: Unsupervised Mask-Level Anomaly Detection for Autonomous Driving,2024,arXiv (Cornell University),0,Perception-related,Reconstructive and Generative,0.466,0.1935,0.7148,False,auto-discovered,"""anomaly detection"" ""autonomous driving""","Dealing with atypical traffic scenarios remains a challenging task in autonomous driving. However, most anomaly detection approaches cannot be trained on raw sensor data but require exposure to outlier data and powerful semantic segmentation models trained in a supervised fashion. This limits the representation of normality to labeled data, which does not scale well. In this work, we revisit unsupervised anomaly detection and present UMAD, leveraging generative world models and unsupervised image segmentation. Our method outperforms state-of-the-art unsupervised anomaly detection."
W4411055178,10.1109/access.2025.3577080,A Probabilistic Adversarial Autoencoder for Novelty Detection: Leveraging Lightweight Design and Reconstruction Loss,2025,IEEE Access,2,Perception-related,Reconstructive and Generative,0.5129,0.2748,0.7147,False,auto-discovered,"""novelty detection"" ""self-driving""","A novelty detection task involves identifying whether a data point is an outlier, given a training dataset that primarily captures the distribution of inliers. The novel class is usually absent, poorly sampled, or not well defined in the training data. A common technique for anomaly detection at present is to use an adversarial network generator to generate an anomaly score for inputs using the reconstruction loss. However, because this technique uses a competitive training process, it can be unreliable, with its performance being inconsistent during each adversarial training step. This inconsistency arises from changes in the network’s ability to detect anomalies. In this paper, we propose a revised framework for generative probabilistic novelty detection. We use a similar adversarial autoencoder-based framework but with a lightweight deep network, a novel training paradigm, and a probabilistic score to compute the reconstruction loss. Our methodology calculates the probability of whether a sample comes from the inlier distribution or not. The proposed approach can be applied to anomaly and outlier detection in images and videos. We present the results on multiple benchmark datasets, including the challenging UCSD Ped2 dataset for video anomaly detection. Our results illustrate that our proposed method learns the inlier classes and differentiates them from the outlier classes effectively, leading to better results than the baseline and state-of-the-art methods in several benchmark datasets."
W4416183990,10.1109/iavvc61942.2025.11219448,Scene-Level Triggers Using Foundation Model Embeddings,2025,,0,Perception-related,Foundation Model and Adaptive Learning,0.489,0.1823,0.7144,False,auto-discovered,"""edge case"" ""autonomous driving""","In autonomous driving, enhancing perception models necessitates continuous curation of diverse training and evaluation datasets. However, identifying which new data should be gathered and added to existing datasets remains a complex challenge. In this paper, we introduce a novel scene-level trigger mechanism that identifies and prioritises “interesting” autonomous driving scenarios, those that are likely to expose model weaknesses or represent under-represented conditions within the data lifecycle. Our method leverages global image embeddings derived from large-scale, pre-trained foundation models to capture high-level semantic and contextual information of driving scenes. By comparing embeddings of new data against existing datasets, our method automatically detects instances with distinctive features, effectively flagging them as potential candidates for targeted annotation and inclusion in training or validation sets. Experiments on real-world datasets demonstrate that our triggers effectively identify challenging scenarios, including previously unseen driving scenes and difficult cases for the model. Our results indicate that scene-level embeddings from pre-trained models offer robust, generalizable representations for classifying scenarios with minimal additional tuning. By enabling the intelligent selection of informative data, our trigger mechanism reduces annotation overhead, enhances dataset diversity, and improves the coverage of edge cases; ultimately supporting the development of more scalable, reliable, and continuously improving autonomous driving systems."
W4409362747,10.1609/aaai.v39i25.34841,RUNA: Object-Level Out-of-Distribution Detection via Regional Uncertainty Alignment of Multimodal Representations,2025,Proceedings of the AAAI Conference on Artificial Intelligence,2,Perception-related,Foundation Model and Adaptive Learning,0.4614,0.3114,0.713,False,auto-discovered,"""novelty detection"" ""autonomous driving""","Enabling object detectors to recognize out-of-distribution (OOD) objects is vital for building reliable systems. A primary obstacle stems from the fact that models frequently do not receive supervisory signals from unfamiliar data, leading to overly confident predictions regarding OOD objects. Despite previous progress that estimates OOD uncertainty based on the detection model and in-distribution (ID) samples, we explore using pre-trained vision-language representations for object-level OOD detection. We first discuss the limitations of applying image-level CLIP-based OOD detection methods to object-level scenarios. Building upon these insights, we propose RUNA, a novel framework that leverages a dual encoder architecture to capture rich contextual information and employs a regional uncertainty alignment mechanism to distinguish ID from OOD objects effectively. We introduce a few-shot fine-tuning approach that aligns region-level semantic representations to further improve the model's capability to discriminate between similar objects. Our experiments show that RUNA substantially surpasses state-of-the-art methods in object-level OOD detection, particularly in challenging scenarios with diverse and complex object instances."
W4393157377,10.1609/aaai.v38i19.30162,Self-Supervised Likelihood Estimation with Energy Guidance for Anomaly Segmentation in Urban Scenes,2024,Proceedings of the AAAI Conference on Artificial Intelligence,4,Perception-related,Feature and Activation Extraction,0.448,0.1151,0.7124,False,auto-discovered,"""anomaly detection"" ""autonomous driving""","Robust autonomous driving requires agents to accurately identify unexpected areas (anomalies) in urban scenes. To this end, some critical issues remain open: how to design advisable metric to measure anomalies, and how to properly generate training samples of anomaly data? Classical effort in anomaly detection usually resorts to pixel-wise uncertainty or sample synthesis, which ignores the contextual information and sometimes requires auxiliary data with fine-grained annotations. On the contrary, in this paper, we exploit the strong context-dependent nature of segmentation task and design an energy-guided self-supervised frameworks for anomaly segmentation, which optimizes an anomaly head by maximizing likelihood of self-generated anomaly pixels. For this purpose, we design two estimators to model anomaly likelihood, one is a task-agnostic binary estimator and the other depicts the likelihood as residual of task-oriented joint energy. Based on proposed estimators, we devise an adaptive self-supervised training framework, which exploits the contextual reliance and estimated likelihood to refine mask annotations in anomaly areas. We conduct extensive experiments on challenging Fishyscapes and Road Anomaly benchmarks, demonstrating that without any auxiliary data or synthetic models, our method can still achieves comparable performance to supervised competitors. Code is available at https://github.com/yuanpengtu/SLEEG."
W4393023514,10.48550/arxiv.2403.10803,Enhancing Out-of-Distribution Detection with Multitesting-based Layer-wise Feature Fusion,2024,arXiv (Cornell University),0,Perception-related,Feature and Activation Extraction,0.3963,0.186,0.7124,False,auto-discovered,"""novelty detection"" ""self-driving""","Deploying machine learning in open environments presents the challenge of encountering diverse test inputs that differ significantly from the training data. These out-of-distribution samples may exhibit shifts in local or global features compared to the training distribution. The machine learning (ML) community has responded with a number of methods aimed at distinguishing anomalous inputs from original training data. However, the majority of previous studies have primarily focused on the output layer or penultimate layer of pre-trained deep neural networks. In this paper, we propose a novel framework, Multitesting-based Layer-wise Out-of-Distribution (OOD) Detection (MLOD), to identify distributional shifts in test samples at different levels of features through rigorous multiple testing procedure. Our approach distinguishes itself from existing methods as it does not require modifying the structure or fine-tuning of the pre-trained classifier. Through extensive experiments, we demonstrate that our proposed framework can seamlessly integrate with any existing distance-based inspection method while efficiently utilizing feature extractors of varying depths. Our scheme effectively enhances the performance of out-of-distribution detection when compared to baseline methods. In particular, MLOD-Fisher achieves superior performance in general. When trained using KNN on CIFAR10, MLOD-Fisher significantly lowers the false positive rate (FPR) from 24.09% to 7.47% on average compared to merely utilizing the features of the last layer."
W4406356675,10.1109/ictc62082.2024.10827063,Training-Free OOD Object Detection Leveraging Pre-Trained Segmentation Model Competency,2024,,1,Perception-related,Foundation Model and Adaptive Learning,0.4197,0.1139,0.7084,False,auto-discovered,"""out-of-distribution"" ""autonomous driving""","This paper addresses a method for detecting Out-of-Distribution (OOD) objects by leveraging pre-trained segmentation models. The research on OOD detection focuses on the ability to accurately identify and classify untrained classes as “unknown.” Previous methods rely on strong augmentation to detect OOD objects. However, these augmentation-based methods assume specific characteristics of OOD objects and can suffer from overfitting due to the limited datasets. In this study, we propose a training-free OOD object detection approach that infers OOD objects from a pre-trained segmentation model without additional training. Specifically, our method combines two modules: rejection of regions confidently recognized by the model (inliers) and selection of masks that capture the characteristics of OOD objects (outliers). Furthermore, using a class-agnostic segmentation model, the probability of OOD objects is refined at the object level, enhancing performance. Our method shows competitive performance on datasets where OOD objects are encountered in autonomous driving contexts. Additionally, we show the utility of measuring the model's competency to recognize what it knows and doesn't know from the perspective of the pre-trained model."
W4394948377,10.48550/arxiv.2404.11266,Criteria for Uncertainty-based Corner Cases Detection in Instance Segmentation,2024,arXiv (Cornell University),0,Perception-related,Probability and Confidence Scores,0.599,0.2474,0.7038,False,auto-discovered,"""corner case"" ""automated driving""","The operating environment of a highly automated vehicle is subject to change, e.g., weather, illumination, or the scenario containing different objects and other participants in which the highly automated vehicle has to navigate its passengers safely. These situations must be considered when developing and validating highly automated driving functions. This already poses a problem for training and evaluating deep learning models because without the costly labeling of thousands of recordings, not knowing whether the data contains relevant, interesting data for further model training, it is a guess under which conditions and situations the model performs poorly. For this purpose, we present corner case criteria based on the predictive uncertainty. With our corner case criteria, we are able to detect uncertainty-based corner cases of an object instance segmentation model without relying on ground truth (GT) data. We evaluated each corner case criterion using the COCO and the NuImages dataset to analyze the potential of our approach. We also provide a corner case decision function that allows us to distinguish each object into True Positive (TP), localization and/or classification corner case, or False Positive (FP). We also present our first results of an iterative training cycle that outperforms the baseline and where the data added to the training dataset is selected based on the corner case decision function."
W4408017682,10.1109/inspect63485.2024.10896108,Towards Road Anomaly Detection for Autonomous Vehicle System Using Deep Learning Technique,2024,,2,Perception-related,Feature and Activation Extraction,0.5296,0.1108,0.7022,False,auto-discovered,"""anomaly detection"" ""autonomous driving""","Safety on road is still the top priority, despite the development of intelligent as well as autonomous car technologies brought about by recent advances in automobile technology. A move towards vision-based sensors and deep learning approaches for better scene interpretation has been prompted by the high costs and patchy performance of conventional sensors like radar and LiDAR for the safety of vehicles. It is crucial to detect road irregularities accurately, like potholes and speed bumps Convolutional Neural Networks (CNNs) are optimized for improved anomaly detection in this research study, the accuracy and performance of the model have been improved by carefully regulating the batch size and experimenting with various optimizers a dataset of 1900 labeled photos was used to test the CNN architecture which was modeled around LeNet-5 the adam optimizer was used for fine-tuning resulting in a detection accuracy of 94.2% and using common assessment matrices, the suggested model's performance is verified. This optimized approach enhances safety and reliability in autonomous driving systems."
W4405134085,10.32388/j2781i,OpenAD: Open-World Autonomous Driving Benchmark for 3D Object Detection,2024,Qeios,5,Perception-related,Foundation Model and Adaptive Learning,0.5041,0.1754,0.7006,False,auto-discovered,"""corner case"" ""autonomous driving""","Open-world autonomous driving encompasses domain generalization and open-vocabulary. Domain generalization refers to the capabilities of autonomous driving systems across different scenarios and sensor parameter configurations. Open vocabulary pertains to the ability to recognize various semantic categories not encountered during training. In this paper, we introduce OpenAD, the first real-world open-world autonomous driving benchmark for 3D object detection. OpenAD is built on a corner case discovery and annotation pipeline integrating with a multimodal large language model (MLLM). The proposed pipeline annotates corner case objects in a unified format for five autonomous driving perception datasets with 2000 scenarios. In addition, we devise evaluation methodologies and evaluate various 2D and 3D open-world and specialized models. Moreover, we propose a vision-centric 3D open-world object detection baseline and further introduce an ensemble method by fusing general and specialized models to address the issue of lower precision in existing open-world methods for the OpenAD benchmark. Data, toolkit codes, and evaluation codes are released at https://github.com/VDIGPKU/OpenAD."
W4407737246,10.1109/ickg63256.2024.00037,Out-of-Distribution Detection with Prototype Similarity,2024,,0,Perception-related,Probability and Confidence Scores,0.4508,0.1664,0.6989,False,auto-discovered,"""out-of-distribution"" ""self-driving""","Despite their widely known success in various applications, deep models have difficulty distinguishing the distributional uncertainties. This challenge, known as out-of-distribution sample detection, is critical in high-stakes applications such as self-driving vehicles and medical imaging. Various studies focus on frameworks based on the network’s activations at logit and penultimate layers to detect out-of-distribution samples. However, the potential benefit of using intermediate layer activations for out-of-distribution detection is yet to be thoroughly investigated. In this paper, we propose an out-of-distribution detection framework that employs the activations of several layers, including the intermediate layers of a ResNet model. The proposed approach does not modify the complex backbone architecture training but utilizes its pre-trained activations to train prototypes. Finally, an out-of-distribution classifier is trained with the similarity scores extracted from prototypes using both in and out-of-distribution samples. We showed that training prototypes to obtain scores improves the detection performance. Our results on the various benchmark datasets are on par with the state-of-the-art. Implementation of the proposed framework can be found at: https://github.com/ozanzgur/prototype-similarity/tree/main"
W4400647149,10.1109/iv55156.2024.10588849,Revisiting Out-of-Distribution Detection in LiDAR-based 3D Object Detection,2024,,4,Perception-related,Reconstructive and Generative,0.4843,0.1595,0.6985,False,auto-discovered,"""out-of-distribution"" ""automated driving""","LiDAR-based 3D object detection has become an essential part of automated driving due to its ability to localize and classify objects precisely in 3D. However, object detectors face a critical challenge when dealing with unknown foreground objects, particularly those that were not present in their original training data. These out-of-distribution (OOD) objects can lead to misclassifications, posing a significant risk to the safety and reliability of automated vehicles. Currently, LiDAR-based OOD object detection has not been well studied. We address this problem by generating synthetic training data for OOD objects by perturbing known object categories. Our idea is that these synthetic OOD objects produce different responses in the feature map of an object detector compared to in-distribution (ID) objects. We then extract features using a pre-trained and fixed object detector and train a simple multilayer perceptron (MLP) to classify each detection as either ID or OOD. In addition, we propose a new evaluation protocol that allows the use of existing datasets without modifying the point cloud, ensuring a more authentic evaluation of real-world scenarios. The effectiveness of our method is validated through experiments on the newly proposed nuScenes OOD benchmark. The source code is available at https://github.com/uulm-mrm/mmood3d."
W4413157815,10.1109/cvpr52734.2025.00812,Track Any Anomalous Object: A Granular Video Anomaly Detection Pipeline,2025,,2,Perception-related,Feature and Activation Extraction,0.4798,0.2536,0.6968,False,auto-discovered,"""anomaly detection"" ""autonomous driving""","Video anomaly detection (VAD) is crucial in scenarios such as surveillance and autonomous driving, where timely detection of unexpected activities is essential. Albeit existing methods have primarily focused on detecting anomalous objects in videos—either by identifying anomalous frames or objects—they often neglect finer-grained analysis, such as anomalous pixels, which limits their ability to capture a broader range of anomalies. To address this challenge, we propose an innovative VAD framework called Track Any Anomalous Object (TAO), which introduces a Granular Video Anomaly Detection Framework that, for the first time, integrates the detection of multiple fine-grained anomalous objects into a unified framework. Unlike methods that assign anomaly scores to every pixel at each moment, our approach transforms the problem into pixel-level tracking of anomalous objects. By linking anomaly scores to subsequent tasks such as image segmentation and video tracking, our method eliminates the need for threshold selection and achieves more precise anomaly localization, even in long and challenging video sequences. Experiments on extensive datasets demonstrate that TAO achieves state-of-the-art performance, setting a new progress for VAD by providing a practical, granular, and holistic solution. For more information, visit the project page at: https://tao-25.github.io/"
W4409263049,10.1109/wacv61041.2025.00759,Automated Evaluation of Large Vision-Language Models on Self-Driving Corner Cases,2025,,6,Perception-related,Foundation Model and Adaptive Learning,0.4708,0.1258,0.6968,False,auto-discovered,"""corner case"" ""self-driving""","Large Vision-Language Models (LVLMs) have received widespread attentions for advancing the interpretable self-driving. Existing evaluations of LVLMs primarily focus on multi-faceted capabilities in natural circumstances, lacking automated and quantifiable assessment for self-driving, let alone the severe road corner cases. In this work, we propose CODA-LM, the very first benchmark for the automatic evaluation of LVLMs for self-driving corner cases. We adopt a hierarchical data structure and prompt powerful LVLMs to analyze complex driving scenes and generate high-quality pre-annotations for the human annotators, while for LVLM evaluation, we show that using the text-only large language models (LLMs) as judges reveals even better alignment with human preferences than the LVLM judges. Moreover, with our CODA-LM, we build CODA-VLM, a new driving LVLM surpassing all open-sourced counterparts on CODA-LM. Our CODA-VLM performs comparably with GPT-4V, even surpassing GPT-4V by +21.42% on the regional perception task. We hope CODA-LM can become the catalyst to promote interpretable self-driving empowered by LVLMs."
W4415660291,10.1007/s10462-025-11401-9,Deep learning for multivariate time series anomaly detection: an evaluation of reconstruction-based methods,2025,Artificial Intelligence Review,7,Perception-related,Feature and Activation Extraction,0.4454,0.2006,0.6964,False,auto-discovered,"""out-of-distribution"" ""automated vehicle""","Abstract In the field of anomaly detection in time series, remarkable advances based on deep learning methodologies and, more specifically, reconstruction-based methods have been proposed. These methods are particularly valuable, as they can capture the fundamental structure of the data and enable the detection of subtle anomalies that traditional techniques might overlook. Reviews of the existing literature discuss anomaly detection from a general perspective and consider a specific anomaly type, hindering the process of proposing new and better algorithms. This paper focuses on reconstruction-based methods in isolation, as they have been demonstrated to present the best performance of the three main groups in deep anomaly detection models described so far. Thus, it intends to extend the literature by addressing in detail reconstruction-based methods for anomaly detection in multivariate time series, to provide richer information about these methods, and to include extensive experimentation, not usually performed in existing surveys on the topic. Finally, the paper presents useful insights (strengths and weaknesses of the methods) extracted from the experimental study, and significant challenges and future research directions related to the potential of these methods in anomaly detection."
W4400598840,10.4271/12-08-01-0002,PREPER: A Public Dataset with Key Performance Indicators for the Safety Evaluation of Deep Learning Visual Perception Systems for Self-Driving Cars,2024,SAE International Journal of Connected and Automated Vehicles,0,Perception-related,Probability and Confidence Scores,0.5038,0.0704,0.6955,True,auto-discovered,"""edge case"" ""autonomous driving""","&lt;div&gt;Deep learning algorithms are being widely used in autonomous driving (AD) and advanced driver assistance systems (ADAS) due to their impressive capabilities in visual perception of the environment of a car. However, the reliability of these algorithms is known to be challenging due to their data-driven and black-box nature. This holds especially true when it comes to accurate and reliable perception of objects in edge case scenarios. So far, the focus has been on normal driving situations and there is little research on evaluating these systems in a safety-critical context like pre-crash scenarios. This article describes a project that addresses this problem and provides a publicly available dataset along with key performance indicators (KPIs) for evaluating visual perception systems under pre-crash conditions.&lt;/div&gt;"
W7105506172,,Leveraging Text-Driven Semantic Variation for Robust OOD Segmentation,2025,ArXiv.org,0,Perception-related,Foundation Model and Adaptive Learning,0.4161,0.1169,0.6931,False,auto-discovered,"""out-of-distribution"" ""autonomous driving""","In autonomous driving and robotics, ensuring road safety and reliable decision-making critically depends on out-of-distribution (OOD) segmentation. While numerous methods have been proposed to detect anomalous objects on the road, leveraging the vision-language space-which provides rich linguistic knowledge-remains an underexplored field. We hypothesize that incorporating these linguistic cues can be especially beneficial in the complex contexts found in real-world autonomous driving scenarios. To this end, we present a novel approach that trains a Text-Driven OOD Segmentation model to learn a semantically diverse set of objects in the vision-language space. Concretely, our approach combines a vision-language model's encoder with a transformer decoder, employs Distance-Based OOD prompts located at varying semantic distances from in-distribution (ID) classes, and utilizes OOD Semantic Augmentation for OOD representations. By aligning visual and textual information, our approach effectively generalizes to unseen objects and provides robust OOD segmentation in diverse driving environments. We conduct extensive experiments on publicly available OOD segmentation datasets such as Fishyscapes, Segment-Me-If-You-Can, and Road Anomaly datasets, demonstrating that our approach achieves state-of-the-art performance across both pixel-level and object-level evaluations. This result underscores the potential of vision-language-based OOD segmentation to bolster the safety and reliability of future autonomous driving systems."
W4408781028,10.3390/electronics14071282,Vision-Language Models for Autonomous Driving: CLIP-Based Dynamic Scene Understanding,2025,Electronics,30,Perception-related,Foundation Model and Adaptive Learning,0.5851,0.2411,0.693,False,auto-discovered,"""safety-critical scenario"" ""autonomous driving""","Scene understanding is essential for enhancing driver safety, generating human-centric explanations for Automated Vehicle (AV) decisions, and leveraging Artificial Intelligence (AI) for retrospective driving video analysis. This study developed a dynamic scene retrieval system using Contrastive Language–Image Pretraining (CLIP) models, which can be optimized for real-time deployment on edge devices. The proposed system outperforms state-of-the-art in-context learning methods, including the zero-shot capabilities of GPT-4o, particularly in complex scenarios. By conducting frame-level analyses on the Honda Scenes Dataset, which contains a collection of about 80 h of annotated driving videos capturing diverse real-world road and weather conditions, our study highlights the robustness of CLIP models in learning visual concepts from natural language supervision. The results also showed that fine-tuning the CLIP models, such as ViT-L/14 (Vision Transformer) and ViT-B/32, significantly improved scene classification, achieving a top F1-score of 91.1%. These results demonstrate the ability of the system to deliver rapid and precise scene recognition, which can be used to meet the critical requirements of advanced driver assistance systems (ADASs). This study shows the potential of CLIP models to provide scalable and efficient frameworks for dynamic scene understanding and classification. Furthermore, this work lays the groundwork for advanced autonomous vehicle technologies by fostering a deeper understanding of driver behavior, road conditions, and safety-critical scenarios, marking a significant step toward smarter, safer, and more context-aware autonomous driving systems."
W4404179356,10.1109/lsp.2024.3495557,Empowering Corner Case Detection in Autonomous Vehicles With Multimodal Large Language Models,2024,IEEE Signal Processing Letters,6,Perception-related,Foundation Model and Adaptive Learning,0.5202,0.1818,0.6926,False,auto-discovered,"""corner case"" ""autonomous driving""","Object detection powered by deep learning is an essential component in the realm of self-driving vehicles. However, the model may be affected by corner cases, which are rare or unusual objects and scenarios, and can significantly impact the reliability of object detection systems. In this paper, we applied a Multimodal Large Language Model (MLLM) to address the challenge of corner cases in autonomous driving systems. The MLLM consists of an image encoder, a text tokenizer, a modal alignment layer, and a pre-trained large language model, enabling the model to understand multimodal semantic information. We added text descriptions on the basis of corner case dataset CODA and constructed the CODA-REC dataset. This dataset is then used to perform instruction fine-tuning on the MLLM to adapt it to the object detection task. The proposed method leverages the extensive knowledge and zero-shot learning capabilities of LLMs to enhance the semantic understanding of text and images, enabling the detection and appropriate response to corner cases that were previously difficult to handle. The experimental results show that MLLM achieved better performance than baseline models, with an improvement of about 10% in mAR and mAP metrics compared to most closed-set models, and an improvement of 10% mAP compared to open set models. We hope that our work can inspire the application of MLLMs in the field of autonomous driving, contributing to more advanced intelligent transportation systems."
W4406179379,10.3390/electronics14020236,Unsupervised Anomaly Detection for Improving Adversarial Robustness of 3D Object Detection Models,2025,Electronics,5,Perception-related,Reconstructive and Generative,0.5462,0.2516,0.6925,False,auto-discovered,"""anomaly detection"" ""autonomous driving""","Three-dimensional object detection based on deep neural networks (DNNs) is widely used in safety-related applications, such as autonomous driving. However, existing research has shown that 3D object detection models are vulnerable to adversarial attacks. Hence, the improvement on the robustness of deep 3D detection models under adversarial attacks is investigated in this work. A deep autoencoder-based anomaly detection method is proposed, which has a strong ability to detect elaborate adversarial samples in an unsupervised way. The proposed anomaly detection method operates on a given Light Detection and Ranging (LiDAR) scene in its Bird’s Eye View (BEV) image and reconstructs the scene through an autoencoder. To improve the performance of the autoencoder, an augmented memory module with typical normal patterns recorded is introduced. It is designed to help the model to amplify the reconstruction errors of malicious samples with normal samples negligibly affected. Experiments on several public datasets show that the proposed anomaly detection method achieves an AUC of 0.8 under adversarial attacks and improves the robustness of 3D object detection."
W4411411223,10.1007/s00521-025-11380-6,A novel lightweight dual-stream recurrent transformer model for anomaly detection in driving dashcam videos,2025,Neural Computing and Applications,1,Perception-related,Feature and Activation Extraction,0.4184,0.1388,0.6911,False,auto-discovered,"""anomaly detection"" ""autonomous vehicle""","Abstract In autonomous vehicles, it is significant to understand the surrounding environmental context to ensure reliability and safety. To achieve this, detecting a wide range of anomalies surrounding vehicles is crucial. This paper proposes a new robust and efficient model, called lightweight dual-stream recurrent transformer (LDSRT), for anomaly detection in driving dashcam videos. This model competes with state-of-the-art models, tackling their limited generalization problem, and providing reliable timely detection. The new model introduces an enhanced dual-stream network combining an improved MobileV3-Small network and an ameliorated convolution-3d network. This dual-stream design efficiently produces a compact representation of detailed static visual-spatial, temporal, and dynamic motion features. In addition, the model integrates a recurrent-enhanced transformer network for effectively understanding and learning the contextual relationships and temporal dependencies across driving video frames. This assures a comprehensive analysis of appearance and motion cues, both temporally and contextually. The model is then trained on a new integrated and diverse large dataset: DoTA-StreetAccident. The DoTA-StreetAccident dataset depends on merging two datasets: Detection of Traffic Anomaly (DoTA) and StreetAccident. Further, the LDSRT model’s effectiveness is extensively evaluated on the DoTA-StreetAccident and RetoTruck datasets, confirming its robustness across various driving anomaly detection tasks. Several evaluation metrics are utilized, and the analysis of experimental results and computational cost demonstrates that the proposed model significantly outperforms state-of-the-art models."
W4417068678,10.48550/arxiv.2503.23046,VLM-C4L: Continual Core Dataset Learning with Corner Case Optimization via Vision-Language Models for Autonomous Driving,2025,ArXiv.org,0,Perception-related,Foundation Model and Adaptive Learning,0.5826,0.1185,0.6909,False,auto-discovered,"""corner case"" ""autonomous driving""","With the widespread adoption and deployment of autonomous driving, handling complex environments has become an unavoidable challenge. Due to the scarcity and diversity of extreme scenario datasets, current autonomous driving models struggle to effectively manage corner cases. This limitation poses a significant safety risk, according to the National Highway Traffic Safety Administration (NHTSA), autonomous vehicle systems have been involved in hundreds of reported crashes annually in the United States, occurred in corner cases like sun glare and fog, which caused a few fatal accident. Furthermore, in order to consistently maintain a robust and reliable autonomous driving system, it is essential for models not only to perform well on routine scenarios but also to adapt to newly emerging scenarios, especially those corner cases that deviate from the norm. This requires a learning mechanism that incrementally integrates new knowledge without degrading previously acquired capabilities. However, to the best of our knowledge, no existing continual learning methods have been proposed to ensure consistent and scalable corner case learning in autonomous driving. To address these limitations, we propose VLM-C4L, a continual learning framework that introduces Vision-Language Models (VLMs) to dynamically optimize and enhance corner case datasets, and VLM-C4L combines VLM-guided high-quality data extraction with a core data replay strategy, enabling the model to incrementally learn from diverse corner cases while preserving performance on previously routine scenarios, thus ensuring long-term stability and adaptability in real-world autonomous driving. We evaluate VLM-C4L on large-scale real-world autonomous driving datasets, including Waymo and the corner case dataset CODA."
W7160666525,10.1109/iciccs67901.2026.11502996,Hybrid Vision–Language and YOLO Framework for Detecting Rare Road Objects in Autonomous Vehicles,2026,,0,Perception-related,Foundation Model and Adaptive Learning,0.4599,0.1193,0.6889,False,auto-discovered,"""out-of-distribution"" ""autonomous vehicle""","Object detection is a foundational component of autonomous vehicle (AV) perception systems. Although modern detectors achieve high accuracy on predefined classes such as vehicles and pedestrians, they struggle to recognize rare, long-tail, and out-of-distribution road objects including debris, animals, fallen cargo, and unusual obstacles. This limitation stems from the closed-set assumption of traditional detection frameworks. In this work, we propose a vision-language prompted object detection framework that integrates conventional detectors with openvocabulary vision-language models (VLMs) to recognize rare road objects using natural language prompts. Leveraging recent advances in VLM-based detectors such as OWL-ViT and Grounding DINO, the proposed system enables semantic detection beyond fixed class labels. We further introduce a rare road object benchmark constructed from existing AV datasets to evaluate long-tail detection performance. Experimental analysis demonstrates improved recall for rare objects and enhanced robustness to out-of-distribution scenarios while maintaining realtime feasibility. This work highlights the importance of languageguided perception for safer autonomous driving in complex realworld environments."
W4394781920,10.48550/arxiv.2404.07664,Finding Dino: A Plug-and-Play Framework for Zero-Shot Detection of Out-of-Distribution Objects Using Prototypes,2024,arXiv (Cornell University),0,Perception-related,Foundation Model and Adaptive Learning,0.5001,0.1649,0.6881,False,auto-discovered,"""out-of-distribution"" ""automated vehicle""","Detecting and localising unknown or out-of-distribution (OOD) objects in any scene can be a challenging task in vision, particularly in safety-critical cases involving autonomous systems like automated vehicles or trains. Supervised anomaly segmentation or open-world object detection models depend on training on exhaustively annotated datasets for every domain and still struggle in distinguishing between background and OOD objects. In this work, we present a plug-and-play framework - PRototype-based OOD detection Without Labels (PROWL). It is an inference-based method that does not require training on the domain dataset and relies on extracting relevant features from self-supervised pre-trained models. PROWL can be easily adapted to detect in-domain objects in any operational design domain (ODD) in a zero-shot manner by specifying a list of known classes from this domain. PROWL, as a first zero-shot unsupervised method, achieves state-of-the-art results on the RoadAnomaly and RoadObstacle datasets provided in road driving benchmarks - SegmentMeIfYouCan (SMIYC) and Fishyscapes, as well as comparable performance against existing supervised methods trained without auxiliary OOD data. We also demonstrate its generalisability to other domains such as rail and maritime."
W7117881155,10.1109/milcom64451.2025.11309348,FUSCO: Distributed Agentic Data Acquisition and Fusion for Semantic Corner Case Detection,2025,,0,Perception-related,Foundation Model and Adaptive Learning,0.5703,0.1731,0.6853,True,auto-discovered,"""corner case"" ""autonomous vehicle""","Current machine learning algorithms for Autonomous vehicles (AVs) struggle with the detection of “corner cases”, infrequent situations that fall outside standard training data. To address this issue, in this paper we present FUSCO (Fusion-based Semantic Corner-case reasoning), an agentic, distributed machine learning pipeline that dynamically fuses RGB camera and LiDAR data leveraging an edge computing architecture. In the proposed framework, a pretrained large vision language model (LVLM) deployed at the edge server processes RGB images produced by the vehicle to generate Resource Description Framework (RDF) triples, machine readable subject, predicate, object assertion that describe specific corner cases. A confidence-aware prompt engine then decides whether to invoke multimodal fusion: if the adjusted confidence falls below a threshold, the edge server requests LiDAR bird’s eye view scans produced by a specialized deep neural network model, and reissues an augmented prompt combining RGB and LiDAR inputs. This selective fusion controls both data transmission and compute by invoking the communication and compute-intense LiDAR maps only when needed. FUSCO operates in zero-shot mode without any model retraining, preserving low latency in some environmental conditions, and adapting seamlessly under uncertainty. Experiments on synthetic (3CSim) and real-world (KITTI) benchmarks demonstrate up to a 24 % absolute F1 gain in low-visibility corner cases, while reducing average data transmission by 35 %, and enabling consistent, ontology-aligned vehicle-to-everything (V2X) communication."
W4416959341,10.48550/arxiv.2506.17633,Adaptive Multi-prompt Contrastive Network for Few-shot Out-of-distribution Detection,2025,ArXiv.org,0,Perception-related,Feature and Activation Extraction,0.4141,0.2346,0.6817,True,auto-discovered,"""novelty detection"" ""automated driving""","Out-of-distribution (OOD) detection attempts to distinguish outlier samples to prevent models trained on the in-distribution (ID) dataset from producing unavailable outputs. Most OOD detection methods require many IID samples for training, which seriously limits their real-world applications. To this end, we target a challenging setting: few-shot OOD detection, where {Only a few {\em labeled ID} samples are available.} Therefore, few-shot OOD detection is much more challenging than the traditional OOD detection setting. Previous few-shot OOD detection works ignore the distinct diversity between different classes. In this paper, we propose a novel network: Adaptive Multi-prompt Contrastive Network (AMCN), which adapts the ID-OOD separation boundary by learning inter- and intra-class distribution. To compensate for the absence of OOD and scarcity of ID {\em image samples}, we leverage CLIP, connecting text with images, engineering learnable ID and OOD {\em textual prompts}. Specifically, we first generate adaptive prompts (learnable ID prompts, label-fixed OOD prompts and label-adaptive OOD prompts). Then, we generate an adaptive class boundary for each class by introducing a class-wise threshold. Finally, we propose a prompt-guided ID-OOD separation module to control the margin between ID and OOD prompts. Experimental results show that AMCN outperforms other state-of-the-art works."
W7139054181,10.1109/globecom59602.2025.11432011,A Data-Centric Image Enhancement Framework for Reducing Domain Discrepancies in Autonomous Driving Safety Evaluation,2025,,0,Perception-related,Reconstructive and Generative,0.5305,0.1301,0.6812,True,auto-discovered,"""edge case"" ""autonomous driving""","With the rapid progress of autonomous driving technologies, large-scale, data-driven validation has become a cornerstone for ensuring system safety prior to deployment. While real-world road testing remains the gold standard, it is costly, time-consuming, and often infeasible for evaluating safety-critical edge cases. Consequently, simulation-based testing has gained traction as a scalable alternative, capable of generating diverse sensor data under controlled conditions. However, current simulation platforms primarily inherit techniques that focus on improving visual fidelity in the aspects along with human’s perception, but fail to optimize the scenario generation for the sensing of autonomous driving system. A big gap between the road perception performances of the system in field and simulation tests is demonstrated. Here we propose an image enhancement model, employing a generative adversarial network (GAN) to introduce real-world features that are imperceptible for human but critical for AI perception in the simulation. A YOLO model is used as the example perception part of the autonomous driving system. Experimental results demonstrate that the consistency of the recognition accuracies on simulated and real-world datasets is increased significantly. It improves the reliability of simulation-based testing scenarios and accelerates the development of autonomous driving perception models, ultimately contributing to safer vehicle deployment."
W4391640464,10.1109/jsen.2024.3361460,GAAD: GAN-Enabled Autoencoder for Real-Time Sensor Anomaly Detection and Recovery in Autonomous Driving,2024,IEEE Sensors Journal,21,Perception-related,Reconstructive and Generative,0.4795,0.0886,0.6811,True,auto-discovered,"""anomaly detection"" ""autonomous driving""","Autonomous vehicles are an essential component of the intelligent transportation system, and their safe operation depends on reliable data from their sensors. However, these vehicles are vulnerable to cyberattacks and sensor failures that can generate anomalous data and potentially result in fatal crashes. Therefore, there is a critical need for a real-time anomaly detection and recovery approach to mitigate these risks. This study proposes a novel unsupervised/semi-supervised machine learning approach, which we refer to as GAN-enabled autoencoder for anomaly detection (GAAD). GAAD aims to detect different types of anomalies and recover anomaly-free data streams in autonomous driving. GAAD incorporates an additional autoencoder module into a generative adversarial network (GAN), which enables effective learning of the distribution of nonanomalous data. We evaluate GAAD using the Lyft Level 5 dataset and demonstrate its superior performance compared to state-of-the-art benchmark. Our results indicate that GAAD can effectively detect anomalies and recover true signals from anomalous data, enhancing the safety and reliability of autonomous vehicles."
W7114925164,10.1109/tvt.2025.3643899,Corner Case Detection in Autonomous Driving with Deep Learning,2025,IEEE Transactions on Vehicular Technology,0,Perception-related,Feature and Activation Extraction,0.5145,0.1611,0.6808,True,auto-discovered,"""corner case"" ""autonomous driving""","Object detection serves as the fundamental cornerstone of autonomous driving perception technology. By precisely and promptly identifying traffic participants in the vicinity of the vehicle, the object detection model delivers safety warnings and protection to the driver. Corner case detection in autonomous driving remains a critical and challenging area of research due to the complex environmental conditions and irregular object shapes involved, such as a self-driving car dealing with sudden pedestrians, non-standard traffic signs, road works, and animals crossing the road. These scenarios demand higher robustness and accuracy from object detection algorithms. Existing research often inadequately addresses these complexities, resulting in suboptimal performance in real-world applications. This study delves into corner case detection in autonomous driving and proposes an improved objective detection model based on You Only Look Once version 10 (YOLOv10). In this paper, the Depth-Wise Convolution (DWConv) and Omni-Dimensional Convolution (ODConv) are integrated into the backbone and head modules of the original YOLOv10 algorithm. Comparative experiments demonstrate that these improvements significantly enhance the original YOLOv10's ability to detect complex corner cases, achieving a 2.9% average precision (AP) improvement and a 24.5% mean average recall (mAR) improvement on the widely-used Corner Case Dataset (CODA). The results indicate that the modified YOLOv10 maintains competitive inference speed while providing higher precision, showcasing the potential of targeted architectural enhancements in improving corner case detection for autonomous driving. This advancement contributes to improving the efficiency and safety of self-driving vehicle operations."
W4406755587,10.48550/arxiv.2501.12269,Benchmarking Image Perturbations for Testing Automated Driving Assistance Systems,2025,ArXiv.org,2,Perception-related,Reconstructive and Generative,0.4583,0.0836,0.6796,True,auto-discovered,"""out-of-distribution"" ""automated driving""","Advanced Driver Assistance Systems (ADAS) based on deep neural networks (DNNs) are widely used in autonomous vehicles for critical perception tasks such as object detection, semantic segmentation, and lane recognition. However, these systems are highly sensitive to input variations, such as noise and changes in lighting, which can compromise their effectiveness and potentially lead to safety-critical failures. This study offers a comprehensive empirical evaluation of image perturbations, techniques commonly used to assess the robustness of DNNs, to validate and improve the robustness and generalization of ADAS perception systems. We first conducted a systematic review of the literature, identifying 38 categories of perturbations. Next, we evaluated their effectiveness in revealing failures in two different ADAS, both at the component and at the system level. Finally, we explored the use of perturbation-based data augmentation and continuous learning strategies to improve ADAS adaptation to new operational design domains. Our results demonstrate that all categories of image perturbations successfully expose robustness issues in ADAS and that the use of dataset augmentation and continuous learning significantly improves ADAS performance in novel, unseen environments."
W4412407021,10.59720/23-345,Mitigating open-set misclassification in a colorectal cancer detecting neural network,2025,Journal of Emerging Investigators,1,Perception-related,Feature and Activation Extraction,0.4144,0.0802,0.678,True,auto-discovered,"""out-of-distribution"" ""autonomous vehicle""","Neural networks typically operate with a closed-world assumption. This implies that they are only designed to classify objects that they were trained on, or in-distribution (ID) objects. However, when deployed in the real world, networks inevitably come across objects that they were not trained on, or out-of-distribution (OOD) objects. In these situations, the closed-world assumption leaves networks ill-prepared, resulting in the misclassification of OOD objects. Neural networks are especially prone to misclassifying open-set objects, a subset of OOD objects that belong to the ID dataset and are therefore very similar in appearance to ID objects. In safety-critical applications, like cancer diagnosis, open-set objects are very common, and their misclassifications can have dire consequences. In this study, we aimed to design a method to mitigate the misclassification of open-set objects. We hypothesized that exposing networks to examples of open-set objects during training via an auxiliary training class would substantially reduce the rate at which open-set objects were misclassified. Our Intra-Dataset Outlier Exposure (IDOE) method outperformed all but one state-of-the-art method in reducing open-set misclassification when evaluated on the MNIST and CIFAR-10 datasets. Additionally, IDOE achieved a test Area Under the Receiver Operating Curve score of 94.8% when tested on the PathMNIST dataset of healthy and cancerous colorectal tissues, demonstrating a high efficacy in medical diagnosis applications. Future work should focus on testing IDOE on more diverse, real-world datasets, such as those used in autonomous vehicles, to better evaluate its applicability in safety-critical environments, where the misclassification of unlabeled open-set objects is costly."
W4413147385,10.1109/cvpr52734.2025.00637,JiSAM: Alleviate Labeling Burden and Corner Case Problems in Autonomous Driving via Minimal Real-World Data,2025,,1,Perception-related,Reconstructive and Generative,0.4905,0.1358,0.6677,True,auto-discovered,"""corner case"" ""autonomous driving""","Deep-learning-based autonomous driving (AD) perception introduces a promising picture for safe and environment-friendly transportation. However, the over-reliance on real labeled data in LiDAR perception limits the scale of on-road attempts. 3D real world data is notoriously time-and-energy-consuming to annotate and lacks corner cases like rare traffic participants. On the contrary, in simulators like CARLA, generating labeled LiDAR point clouds with corner cases is a piece of cake. However, introducing synthetic point clouds to improve real perception is non-trivial. This stems from two challenges: 1) sample efficiency of simulation datasets 2) simulation-to-real gaps. To overcome both challenges, we propose a plug-and-play method called JiSAM, shorthand for Jittering augmentation, domain-aware backbone and memory-based Sectorized AlignMent. In extensive experiments conducted on the famous AD dataset NuScenes, we demonstrate that, with SOTA 3D object detector, JiSAM is able to utilize the simulation data and only labels on 2.5% available real data to achieve comparable performance to models trained on all real data. Additionally, JiSAM achieves more than 15 mAPs on the objects not labeled in the real training set. We will release models and codes."
W7158688659,10.1109/ojvt.2026.3687800,Contextual Graph Modeling for Open-Set Object Detection in Multi-View Autonomous Driving,2026,IEEE Open Journal of Vehicular Technology,0,Perception-related,Foundation Model and Adaptive Learning,0.5189,0.2198,0.6652,True,auto-discovered,"""out-of-distribution"" ""autonomous vehicle""","Autonomous vehicles require robust perception systems capable of accurately identifying both known and unknown objects in complex driving environments. Traditional closed-set detectors risk safety by failing to recognize novel or out-of-distribution (OOD) objects. This work introduces a contextual graph-based framework for open-set object detection in multi-view autonomous driving. We also introduce a novel dataset, NuScenes-Novel, which is enhanced with additional and unusual objects from the MS-COCO dataset to form a more realistic benchmark. Detected objects are represented as nodes in graphs, where spatial and contextual relationships are established through distance metrics. Each object&#x2019;s appearance and geometric features are embedded using a DINOv2 backbone, and a Variational Graph Auto-Encoder (VGAE) is trained to learn the contextual structure and relationships within each scene. During inference, VGAE reconstruction errors are fused with a context-aware Mahalanobis distance to identify OOD objects effectively. On NuScenes-Novel (aggregated over six cameras), the proposed fusion achieves an AUROC of 0.98 and an FPR@95 of 0.07, which shows strong separation between in-distribution and novel objects across multi-view scenes. Integrating appearance and relational context improves robustness under occlusion and varying objects. The results demonstrate that modeling object relationships and leveraging graph-based reasoning significantly improve the reliability and robustness of perception in autonomous vehicles. These findings show the importance of considering contextual information and a hybrid scoring approach for open-set detection."
W4417183184,10.48550/arxiv.2507.01735,ECCV 2024 W-CODA: 1st Workshop on Multimodal Perception and Comprehension of Corner Cases in Autonomous Driving,2025,ArXiv.org,0,Perception-related,Foundation Model and Adaptive Learning,0.5337,0.1967,0.665,True,auto-discovered,"""corner case"" ""autonomous driving""","In this paper, we present details of the 1st W-CODA workshop, held in conjunction with the ECCV 2024. W-CODA aims to explore next-generation solutions for autonomous driving corner cases, empowered by state-of-the-art multimodal perception and comprehension techniques. 5 Speakers from both academia and industry are invited to share their latest progress and opinions. We collect research papers and hold a dual-track challenge, including both corner case scene understanding and generation. As the pioneering effort, we will continuously bridge the gap between frontier autonomous driving techniques and fully intelligent, reliable self-driving agents robust towards corner cases."
W4411232065,10.1109/ojvt.2025.3579341,Towards Robust Autonomous Driving: Out-of-Distribution Object Detection in Bird's Eye View Space,2025,IEEE Open Journal of Vehicular Technology,3,Perception-related,Foundation Model and Adaptive Learning,0.4522,0.1298,0.6644,True,auto-discovered,"""out-of-distribution"" ""autonomous driving""","In autonomous driving, understanding the surroundings is crucial for safety. Since most object detection systems are designed to identify known objects, they may miss unknown or novel objects, which can be dangerous. This study addresses Out-Of-Distribution (OOD) detection for vehicle-like unknown objects within the Bird's Eye View (BeV) space, a top-down representation of the environment that provides a comprehensive spatial layout crucial for scene understanding. Enhancing the model's adaptability to unfamiliar objects, we present two novel methods for detecting unknown objects in BeV space. Specifically, we introduce random patches and OOD objects in the environment to help the model identify both known objects, such as vehicles, and OOD objects. We also introduce a new dataset, NuScenesOOD, derived from the NuScenes dataset, which augments vehicles with patterns and shapes to challenge the model. Additionally, we address challenges such as patch size inconsistency and occlusion from moving frames in BeV space. Our method targets vehicle-shaped anomalies in the planar driving space, maintaining high accuracy for known and enhancing detection of unknown objects. This research contributes to making future autonomous vehicles safer by improving their ability to detect diverse vehicle like OOD objects in their environment. Code is available at: <uri xmlns:mml=""http://www.w3.org/1998/Math/MathML"" xmlns:xlink=""http://www.w3.org/1999/xlink"">https://github.com/asad-python/OOD-in-BEV</uri>"
W4416033093,10.48550/arxiv.2503.09803,Evaluating the Impact of Synthetic Data on Object Detection Tasks in Autonomous Driving,2025,ArXiv.org,0,Perception-related,Reconstructive and Generative,0.5032,0.0946,0.6623,True,auto-discovered,"""edge case"" ""autonomous driving""","The increasing applications of autonomous driving systems necessitates large-scale, high-quality datasets to ensure robust performance across diverse scenarios. Synthetic data has emerged as a viable solution to augment real-world datasets due to its cost-effectiveness, availability of precise ground-truth labels, and the ability to model specific edge cases. However, synthetic data may introduce distributional differences and biases that could impact model performance in real-world settings. To evaluate the utility and limitations of synthetic data, we conducted controlled experiments using multiple real-world datasets and a synthetic dataset generated by BIT Technology Solutions GmbH. Our study spans two sensor modalities, camera and LiDAR, and investigates both 2D and 3D object detection tasks. We compare models trained on real, synthetic, and mixed datasets, analyzing their robustness and generalization capabilities. Our findings demonstrate that the use of a combination of real and synthetic data improves the robustness and generalization of object detection models, underscoring the potential of synthetic data in advancing autonomous driving technologies."
W4416205459,10.1145/3776551,Multi-Layer Self-Assessment with Filtering for 3D Object Detection in Autonomous Vehicles,2025,ACM Transactions on Intelligent Systems and Technology,0,Perception-related,Reconstructive and Generative,0.4739,0.1257,0.6615,True,auto-discovered,"""anomaly detection"" ""automated driving""","Reliable detection of road users is critical to the safety of automated driving systems. While object detectors based on deep neural networks are widely used for this purpose, they remain susceptible to errors that could compromise safety. A promising strategy to mitigate these risks involves run-time perception monitoring mechanisms, commonly referred to in the literature as self-assessment or introspection. Current research in this area predominantly addresses anomaly detection, or monitoring camera-based 2D object detection, with insufficient focus on in-distribution errors and 3D object detection. Additionally, existing 2D studies often monitor activation patterns from the final layers of the network backbone, overlooking earlier activations that preserve higher spatial resolution. Yet, high-resolution early-layer activations can be valuable for detecting errors with sparse 3D point clouds. We also argue that not all objects in a scene should equally influence frame-level error detection, a factor often neglected in current methods. To address these gaps, we propose a novel self-assessment mechanism for 3D object detection that leverages activation patterns from multiple network layers. This mechanism employs spatial filtering to focus the model within an area of interest in the close vicinity of the ego vehicle. Additionally, it utilises an object filtering mechanism, which specifically targets the missed objects by excluding the points in those already detected. We evaluate our method using widely recognised object detectors and public datasets. Additionally, we demonstrate its robustness under domain shifts with real-world LiDAR data collected on motorways in diverse weather conditions. Results show the proposed mechanism provides 6% AUROC improvement over last-layer activation methods with spatial filtering on the NuScenes dataset. It also demonstrates a superior ability to transfer knowledge under domain shifts. Code is available at https://github.com/yatbazhakan/multi-layer-introspection ."
W4412431383,10.1109/most65065.2025.00011,Edge-Assisted Object Perception for Autonomous Vehicles Under Challenging Exposure and Blur Conditions,2025,,1,Perception-related,Foundation Model and Adaptive Learning,0.5022,0.1618,0.6612,True,auto-discovered,"""corner case"" ""autonomous driving""","With the rapid advancements in machine learning (ML) and computing power, we have witnessed extensive deployment and testing of autonomous vehicles globally. By deploying ML models tailored for different scenarios on edge devices, including connected and autonomous vehicles, they have become increasingly intelligent in handling tasks such as object detection, lane keeping, and pothole detection. However, significant safety concerns persist, particularly concerning object detection in corner cases. We have identified two critical scenarios that urgently require effective handling in camera-based autonomous driving systems: challenging exposure and blur conditions. In this paper, we design and implement a new YOLO-EXB model based on the YOLO structure to enhance the safety of autonomous driving. First, we collect abnormal images for these two scenarios to compensate for the lack of corner case data. Next, we propose a novel backbone architecture integrating Transformer components into the original design, enhancing its feature extraction capabilities and modeling power. Finally, we evaluate our YOLO-EXB model on testing images under those two challenging conditions. Aiming to mitigate the impact of strong light and highly blurred images on autonomous driving perception, the proposed YOLO-EXB model has demonstrated improved detection capabilities and enhanced robustness under challenging exposure and blur conditions compared to both the baseline YOLOv8 and state-of-the-art YOLO11 models. In the conclusion of this paper, we discuss our limitations and highlight our contributions to improving the safety and effectiveness of autonomous driving in corner-case scenarios."
W4406103127,10.3390/s25010251,Deep BiLSTM Attention Model for Spatial and Temporal Anomaly Detection in Video Surveillance,2025,Sensors,32,Perception-related,Feature and Activation Extraction,0.4279,0.2386,0.6607,True,auto-discovered,"""anomaly detection"" ""automated vehicle""","Detection of anomalies in video surveillance plays a key role in ensuring the safety and security of public spaces. The number of surveillance cameras is growing, making it harder to monitor them manually. So, automated systems are needed. This change increases the demand for automated systems that detect abnormal events or anomalies, such as road accidents, fighting, snatching, car fires, and explosions in real-time. These systems improve detection accuracy, minimize human error, and make security operations more efficient. In this study, we proposed the Composite Recurrent Bi-Attention (CRBA) model for detecting anomalies in surveillance videos. The CRBA model combines DenseNet201 for robust spatial feature extraction with BiLSTM networks that capture temporal dependencies across video frames. A multi-attention mechanism was also incorporated to direct the model's focus to critical spatiotemporal regions. This improves the system's ability to distinguish between normal and abnormal behaviors. By integrating these methodologies, the CRBA model improves the detection and classification of anomalies in surveillance videos, effectively addressing both spatial and temporal challenges. Experimental assessments demonstrate that the CRBA model achieves high accuracy on both the University of Central Florida (UCF) and the newly developed Road Anomaly Dataset (RAD). This model enhances detection accuracy while also improving resource efficiency and minimizing response times in critical situations. These advantages make it an invaluable tool for public safety and security operations, where rapid and accurate responses are needed for maintaining safety."
W7117412348,10.64808/engineeringperspective.1814718,Real-Time Out of Distribution Detection in 2D Object Detection for Autonomous Cars,2025,Engineering Perspective,0,Perception-related,Reconstructive and Generative,0.4446,0.0995,0.6604,True,auto-discovered,"""out-of-distribution"" ""autonomous vehicle""","The development of autonomous transportation systems represents a critical step toward achieving intelligent and reliable mobility. Ensuring accurate, real-time environmental perception and the robust detection of unexpected or rare events remains a major challenge for autonomous vehicles operating in complex and dynamic environments. To address this, we propose a novel processing pipeline that constructs Bird’s Eye View (BEV) representations from raw 3D LiDAR point clouds using both intensity and height map channels, thereby retaining essential geometric and reflective features. On top of these BEV representations, an optimized YOLOv11-based deep learning model is applied for high-precision object detection. A key contribution of our work is the integration of a real-time Out-of-Distribution (OOD) detection module, which employs lightweight statistical techniques in conjunction with learned feature representations to ensure minimal computational overhead while maintaining operational robustness. The proposed architecture enables the reliable identification of standard traffic objects as well as the detection of atypical or previously unseen events, such as overturned vehicles or unknown obstacles. Experimental evaluation on representative driving scenarios demonstrates that our method achieves approximately 95% detection accuracy, outperforming conventional baselines in both speed and reliability. Overall, the results highlight the potential of combining state-of-the-art deep neural detection frameworks with efficient, statistically grounded OOD analysis for enhancing the safety and trustworthiness of autonomous vehicle perception systems."
W7135047508,10.1109/raai67517.2025.11423121,Building Resilience to Out-of-Distribution Visual Data via Learned Input Preprocessing,2025,,0,Perception-related,Foundation Model and Adaptive Learning,0.4624,0.1737,0.6578,True,auto-discovered,"""edge case"" ""autonomous vehicle""","A major challenge in machine learning is resilience to out-of-distribution (OOD) data, that is data that exists outside of the distribution represented within a model's training data. Training is often performed using limited, carefully curated datasets leading to significant distribution shift during real-world deployment as edge cases and anomalies not included in the training data are encountered. This work seeks to address this through a learned input preprocessing pipeline whereby a dedicated preprocessing model learns to optimise input data for a specific target vision model. We investigate several out-ofdistribution scenarios in the context of semantic segmentation for autonomous vehicles, an application area where OOD scenarios pose a major challenge. We compare our learned preprocessing approach to a finetuned target model with augmented training data and demonstrate that our approach can enable performance comparable or better than that of such a finetuned model, and subsequently that a combined approach, whereby a preprocessing model is optimised to target a finetuned model, delivers superior performance to either method in isolation. Finally, we propose a joint optimisation approach, in which preprocessing and target models are trained simultaneously, which we demonstrate achieves significant further performance gains, particularly in challenging edge-case scenarios. We also demonstrate that our architecture can be reduced to a relatively compact size without a significant performance impact, potentially facilitating real time embedded applications."
W4413865644,10.20944/preprints202508.2152.v1,Safety Concerns in Autonomous Driving: A Taxonomy of Test and Evaluation Approaches,2025,Preprints.org,0,Trajectory-related,Novel Scenario Generation,0.7639,0.4089,0.7818,False,auto-discovered,"""rare event"" ""autonomous driving""","Ensuring the safety of autonomous vehicles (AVs) requires rigorous and scalable testing methodologies capable of capturing both routine and safety-critical scenarios. Scenario-based testing has emerged as a vital approach to expose AVs to diverse and challenging conditions beyond traditional road mileage accumulation. This survey focuses on scenario generation—an essential component enabling automated, efficient, and comprehensive testing of autonomous driving systems (ADS). We categorize existing scenario generation methods into three primary paradigms: rule-based, data-driven, and learning-based. For each, we analyze the core methodologies, simulation platforms, scenario description languages, and evaluation metrics used to assess realism, diversity, and criticality. We further identify key research challenges such as the reality gap, limited data generalization, and rare-event modeling, and discuss emerging trends including language-driven generation, hybrid modeling frameworks, and standardized scenario repositories. This work provides a unified perspective on scenario generation, aiming to support researchers and practitioners in advancing safe and certifiable autonomous driving technologies."
W4413835164,10.20944/preprints202508.2130.v1,Generating Test Scenarios for Autonomous Driving: A Taxonomy and Survey,2025,Preprints.org,0,Trajectory-related,Novel Scenario Generation,0.781,0.4262,0.7786,False,auto-discovered,"""rare event"" ""autonomous driving""","Ensuring the safety of autonomous vehicles (AVs) requires rigorous and scalable testing methodologies capable of capturing both routine and safety-critical scenarios. Scenario-based testing has emerged as a vital approach to expose AVs to diverse and challenging conditions beyond traditional road mileage accumulation. This survey focuses on scenario generation—an essential component enabling automated, efficient, and comprehensive testing of autonomous driving systems (ADS). We categorize existing scenario generation methods into three primary paradigms: rule-based, data-driven, and learning-based. For each, we analyze the core methodologies, simulation platforms, scenario description languages, and evaluation metrics used to assess realism, diversity, and criticality. We further identify key research challenges such as the reality gap, limited data generalization, and rare-event modeling, and discuss emerging trends including language-driven generation, hybrid modeling frameworks, and standardized scenario repositories. This work provides a unified perspective on scenario generation, aiming to support researchers and practitioners in advancing safe and certifiable autonomous driving technologies."
W4410944587,10.1109/tits.2025.3546081,Assessing Critical Traffic Scenarios: A Modular Evaluation Framework,2025,IEEE Transactions on Intelligent Transportation Systems,3,Trajectory-related,Surrogate Safety Metrics,0.6391,0.2916,0.7731,False,auto-discovered,"""safety-critical scenario"" ""automated driving""","Reliably identifying relevant and safety-critical traffic scenarios is a central challenge in developing automated driving systems (ADSs). The development of objective measures to detect the intuitively perceived level of criticality across various scenarios remains unresolved. The major challenge lies in the evaluation of all sensitive metrics of all participants in a scenario, which goes beyond assessing individual criticality metrics or providing only non-operational definitions. To address these challenges, a modular and practice-oriented framework that assesses traffic criticality is proposed. Vehicular and environmental data can be used to objectively measure individual critical elements of traffic, which are then aggregated into a comprehensive scenario assessment. The framework is illustrated by applying it (i) to two maneuvers discussing effects of single criticality metrics and (ii) to two widely used datasets featuring highway and intersecting traffic for a statistical analysis. The assessment framework can be applied in many scenarios, ranging from identifying safety critical scenarios in existing data as a fundament for early development of ADSs to detecting safety critical emergency maneuvers in live data to trigger a deployed ADS. Fundamental to this process is the suitable selection of metrics, thresholds for critical behavior, and the system’s sensitivity in aggregating partially critical scenarios."
W4414065037,10.33774/coe-2025-263kz,"A Taxonomy and Comprehensive Survey of Scenario Generation for Autonomous Driving: Methods, Challenges, and Emerging Trends in Safety-Critical Testing",2025,,0,Trajectory-related,Novel Scenario Generation,0.7583,0.4316,0.7668,False,auto-discovered,"""scenario generation"" ""autonomous driving""","Achieving the safety of autonomous vehicles (AVs) requires testing methodologies that are rigorous, scalable, and capable of addressing both routine and safety-critical situations. Traditional evaluation through mileage accumulation often fails to expose autonomous driving systems (ADS) to rare but high-impact events. Scenario-based testing has therefore emerged as a key paradigm, enabling the systematic construction of targeted and repeatable test cases. Central to this paradigm is scenario generation, which provides the essential means of populating simulations with realistic, diverse, and safety-relevant traffic situations. This survey presents a taxonomy and critical review of scenario generation methods for autonomous driving. We classify existing approaches into three paradigms—rule-based, data-driven, and learning-based—and analyze their methodologies, representative techniques, and supporting tools such as simulation platforms and scenario description languages. We also summarize evaluation metrics used to measure realism, diversity, and criticality, highlighting trade-offs between interpretability, scalability, and generalizability. Despite rapid progress, several challenges remain. Key issues include bridging the “reality gap” between virtual and real traffic, improving robustness under limited or biased datasets, and effectively modeling rare but safety-critical events. Emerging research directions are also explored, including language-driven generation, hybrid frameworks that integrate symbolic rules with generative learning, and standardized open scenario repositories to enhance reproducibility and regulatory acceptance. By consolidating diverse research efforts into a unified framework, this work provides structured insights for both researchers and practitioners. It aims to support the development of scalable and certifiable testing pipelines that are essential for the safe deployment of autonomous driving technologies."
W7161558118,10.1109/tits.2026.3688488,Corner Case Detection and Generation for Autonomous Driving: An Overview,2026,IEEE Transactions on Intelligent Transportation Systems,0,Trajectory-related,Challenging the System Under Test,0.6143,0.1576,0.7638,False,auto-discovered,"""corner case"" ""autonomous driving""","Safety concerns remain one of the most significant obstacles to the large-scale deployment and continued advancement of autonomous driving (AD) systems. A major underlying cause of many safety-related incidents in AD systems is suboptimal or erroneous decision-making when the vehicle encounters corner cases (CCs)—rare, unexpected, or extreme situations that fall outside typical operating conditions. Although recent advances in artificial intelligence have driven substantial progress in both autonomous driving and corner-case research, the field still lacks a coherent conceptual foundation and a systematic, widely accepted categorization of CCs. In this survey, we address this gap by offering a structured review of the existing corner-case literature along three key dimensions: understanding, detection, and generation. The key contribution is a three-level classification of corner cases—spanning data-level, model-level, and semantic-level CCs—that clarifies and disambiguates competing definitions and perspectives on AD corner cases. Building on this framework, we examine simulator-based methods for corner-case selection and data generation, and we identify open challenges, promising directions, and potential solutions to more effectively handle corner cases in autonomous driving systems."
W4416184243,10.1109/iavvc61942.2025.11219497,Identification of Risk Scenario Parameters Utilizing a Near-Miss Incident Database for Safety Assessment of Autonomous Driving Systems,2025,,0,Trajectory-related,Novel Scenario Generation,0.6064,0.1653,0.7612,False,auto-discovered,"""near-miss"" ""autonomous driving""","Ensuring the safety of Automated Driving Systems (ADS) prior to their deployment on public roads is of paramount importance, particularly given the complexity and variability of real-world traffic environments. Effective safety assessment requires the careful selection of test scenarios that accurately reflect the system's operational design domain. For ADS operating along fixed routes—such as autonomous buses—vehicle behaviors and road environments can be analyzed in conjunction with traffic accident statistics to derive representative risk scenarios. However, such scenarios are often described in broad terms due to limitations in the available data, lacking the granularity needed for rigorous safety validation. To address this issue, it is essential to define specific scenario parameters that represent potential risk conditions. Although expert knowledge can aid in this process, it is inherently subjective and poses challenges for systematic prioritization of scenarios. To mitigate these limitations, this paper employs a near-miss incident database derived from human-driven vehicles, based on the premise that both ADS and human drivers navigate under similar real-world conditions. By analyzing patterns within this database, it becomes possible to identify scenario parameters objectively. This paper applied the proposed methodology to typical accident patterns, confirming the feasibility of identifying key scenario parameters associated with elevated safety risk. The results contribute to the development of more reliable and efficient scenario-based safety assessments for ADS."
W4415239881,10.48550/arxiv.2508.14527,Adversarial Generation and Collaborative Evolution of Safety-Critical Scenarios for Autonomous Vehicles,2025,ArXiv.org,0,Trajectory-related,Challenging the System Under Test,0.7543,0.4225,0.7533,False,auto-discovered,"""safety-critical scenario"" ""autonomous vehicle""","The generation of safety-critical scenarios in simulation has become increasingly crucial for safety evaluation in autonomous vehicles prior to road deployment in society. However, current approaches largely rely on predefined threat patterns or rule-based strategies, which limit their ability to expose diverse and unforeseen failure modes. To overcome these, we propose ScenGE, a framework that can generate plentiful safety-critical scenarios by reasoning novel adversarial cases and then amplifying them with complex traffic flows. Given a simple prompt of a benign scene, it first performs Meta-Scenario Generation, where a large language model, grounded in structured driving knowledge, infers an adversarial agent whose behavior poses a threat that is both plausible and deliberately challenging. This meta-scenario is then specified in executable code for precise in-simulator control. Subsequently, Complex Scenario Evolution uses background vehicles to amplify the core threat introduced by Meta-Scenario. It builds an adversarial collaborator graph to identify key agent trajectories for optimization. These perturbations are designed to simultaneously reduce the ego vehicle's maneuvering space and create critical occlusions. Extensive experiments conducted on multiple reinforcement learning based AV models show that ScenGE uncovers more severe collision cases (+31.96%) on average than SoTA baselines. Additionally, our ScenGE can be applied to large model based AV systems and deployed on different simulators; we further observe that adversarial training on our scenarios improves the model robustness. Finally, we validate our framework through real-world vehicle tests and human evaluation, confirming that the generated scenarios are both plausible and critical. We hope our paper can build up a critical step towards building public trust and ensuring their safe deployment."
W4416184090,10.1109/iavvc61942.2025.11219576,From Real-World Traffic Data to Relevant Critical Scenarios,2025,,0,Trajectory-related,Novel Scenario Generation,0.6248,0.2162,0.7483,False,auto-discovered,"""critical scenario"" ""automated driving""","The reliable operation of autonomous vehicles, automated driving functions, and advanced driver assistance systems across a wide range of relevant scenarios is critical for their development and deployment. Identifying a near-complete set of relevant driving scenarios for such functionalities is challenging due to numerous degrees of freedom involved, each affecting the outcomes of the driving scenario differently. Moreover, with increasing technical complexity of new functionalities, the number of potentially relevant, particularly “unknown unsafe” scenarios is increasing. To enhance validation efficiency, it is essential to identify relevant scenarios in advance, starting with simpler domains like highways before moving to more complex environments such as urban traffic. To address this, this paper focuses on analyzing lane change scenarios in highway traffic, which involve multiple degrees of freedom and present numerous safetyrelevant scenarios. We describe the process of data acquisition and processing of real-world data from public highway traffic, followed by the application of criticality measures on trajectory data to evaluate scenarios, as conducted within the AVEAS project (www.aveas.org). By linking the calculated measures to specific lane change driving scenarios and the conditions under which the data was collected, we facilitate the identification of safetyrelevant driving scenarios for various applications. Further, to tackle the extensive range of “unknown unsafe” scenarios, we propose a way to generate relevant scenarios by creating synthetic scenarios based on recorded ones. Consequently, we demonstrate and evaluate a processing chain that enables the identification of safety-relevant scenarios, the development of data-driven methods for extracting these scenarios, and the generation of synthetic critical scenarios via sampling on highways."
W4413893767,10.33774/coe-2025-jz51g,Study on Data-Driven Scenario Construction for Autonomous Driving Testing,2025,,0,Trajectory-related,Novel Scenario Generation,0.7688,0.4612,0.7482,False,auto-discovered,"""edge case"" ""autonomous vehicle""","Guaranteeing autonomous vehicle (AV) safety requires scalable evaluations that capture both everyday driving and critical edge cases. Scenario-based testing has become a key strategy, with scenario generation serving as its core. We classify generation techniques into three categories: rule-oriented, data-driven, and learning-enabled. For each, we examine representative approaches, simulation tools, description standards, and assessment metrics addressing fidelity, diversity, and risk exposure. Persistent issues include the simulation–reality gap, limited transferability, and the challenge of modeling rare events. Emerging directions such as language-guided generation, hybrid architectures, and open scenario repositories point toward more reliable and certifiable testing of AV systems."
W7116210454,,Can AI Generate more Comprehensive Test Scenarios? Review on Automated Driving Systems Test Scenario Generation Methods,2025,ArXiv.org,0,Trajectory-related,Novel Scenario Generation,0.7068,0.3293,0.7369,False,auto-discovered,"""scenario generation"" ""automated driving""","Ensuring the safety and reliability of Automated Driving Systems (ADS) remains a critical challenge, as traditional verification methods such as large-scale on-road testing are prohibitively costly and time-consuming.To address this,scenario-based testing has emerged as a scalable and efficient alternative,yet existing surveys provide only partial coverage of recent methodological and technological advances.This review systematically analyzes 31 primary studies,and 10 surveys identified through a comprehensive search spanning 2015~2025;however,the in-depth methodological synthesis and comparative evaluation focus primarily on recent frameworks(2023~2025),reflecting the surge of Artificial Intelligent(AI)-assisted and multimodal approaches in this period.Traditional approaches rely on expert knowledge,ontologies,and naturalistic driving or accident data,while recent developments leverage generative models,including large language models,generative adversarial networks,diffusion models,and reinforcement learning frameworks,to synthesize diverse and safety-critical scenarios.Our synthesis identifies three persistent gaps:the absence of standardized evaluation metrics,limited integration of ethical and human factors,and insufficient coverage of multimodal and Operational Design Domain (ODD)-specific scenarios.To address these challenges,this review contributes a refined taxonomy that incorporates multimodal extensions,an ethical and safety checklist for responsible scenario design,and an ODD coverage map with a scenario-difficulty schema to enable transparent benchmarking.Collectively,these contributions provide methodological clarity for researchers and practical guidance for industry,supporting reproducible evaluation and accelerating the safe deployment of higher-level ADS."
W4411450096,10.1145/3715722,On-Demand Scenario Generation for Testing Automated Driving Systems,2025,Proceedings of the ACM on software engineering.,6,Trajectory-related,Challenging the System Under Test,0.7557,0.4119,0.7336,False,auto-discovered,"""rare event"" ""autonomous driving""","The safety and reliability of Automated Driving Systems (ADS) are paramount, necessitating rigorous testing methodologies to uncover potential failures before deployment. Traditional testing approaches often prioritize either natural scenario sampling or safety-critical scenario generation, resulting in overly simplistic or unrealistic hazardous tests. In practice, the demand for natural scenarios (e.g., when evaluating the ADS's reliability in real-world conditions), critical scenarios (e.g., when evaluating safety in critical situations), or somewhere in between (e.g., when testing the ADS in regions with less civilized drivers) varies depending on the testing objectives. To address this issue, we propose the On-demand Scenario Generation (OSG) Framework, which generates diverse scenarios with varying risk levels. Achieving the goal of OSG is challenging due to the complexity of quantifying the criticalness and naturalness stemming from intricate vehicle-environment interactions, as well as the need to maintain scenario diversity across various risk levels. OSG learns from real-world traffic datasets and employs a Risk Intensity Regulator to quantitatively control the risk level. It also leverages an improved heuristic search method to ensure scenario diversity. We evaluate OSG on the Carla simulators using various ADSs. We verify OSG's ability to generate scenarios with different risk levels and demonstrate its necessity by comparing accident types across risk levels. With the help of OSG, we are now able to systematically and objectively compare the performance of different ADSs based on different risk levels."
W4417093990,10.48550/arxiv.2505.11247,LD-Scene: LLM-Guided Diffusion for Controllable Generation of Adversarial Safety-Critical Driving Scenarios,2025,ArXiv.org,0,Trajectory-related,Challenging the System Under Test,0.6269,0.3417,0.7329,False,auto-discovered,"""safety-critical scenario"" ""autonomous vehicle""","Ensuring the safety and robustness of autonomous driving systems necessitates a comprehensive evaluation in safety-critical scenarios. However, these safety-critical scenarios are rare and difficult to collect from real-world driving data, posing significant challenges to effectively assessing the performance of autonomous vehicles. Typical existing methods often suffer from limited controllability and lack user-friendliness, as extensive expert knowledge is essentially required. To address these challenges, we propose LD-Scene, a novel framework that integrates Large Language Models (LLMs) with Latent Diffusion Models (LDMs) for user-controllable adversarial scenario generation through natural language. Our approach comprises an LDM that captures realistic driving trajectory distributions and an LLM-based guidance module that translates user queries into adversarial loss functions, facilitating the generation of scenarios aligned with user queries. The guidance module integrates an LLM-based Chain-of-Thought (CoT) code generator and an LLM-based code debugger, enhancing the controllability and robustness in generating guidance functions. Extensive experiments conducted on the nuScenes dataset demonstrate that LD-Scene achieves state-of-the-art performance in generating realistic, diverse, and effective adversarial scenarios. Furthermore, our framework provides fine-grained control over adversarial behaviors, thereby facilitating more effective testing tailored to specific driving scenarios."
W4414900400,10.48550/arxiv.2503.11771,Controllable Latent Diffusion for Traffic Simulation,2025,ArXiv.org,0,Trajectory-related,Challenging the System Under Test,0.617,0.2145,0.7323,False,auto-discovered,"""edge case"" ""autonomous driving""","The validation of autonomous driving systems benefits greatly from the ability to generate scenarios that are both realistic and precisely controllable. Conventional approaches, such as real-world test drives, are not only expensive but also lack the flexibility to capture targeted edge cases for thorough evaluation. To address these challenges, we propose a controllable latent diffusion that guides the training of diffusion models via reinforcement learning to automatically generate a diverse and controllable set of driving scenarios for virtual testing. Our approach removes the reliance on large-scale real-world data by generating complex scenarios whose properties can be finely tuned to challenge and assess autonomous vehicle systems. Experimental results show that our approach has the lowest collision rate of $0.098$ and lowest off-road rate of $0.096$, demonstrating superiority over existing baselines. The proposed approach significantly improves the realism, stability and controllability of the generated scenarios, enabling more nuanced safety evaluation of autonomous vehicles."
W4416183854,10.1109/iavvc61942.2025.11219468,Safety-Critical Physically Informed Scenario Generation and Execution for Autonomous Vehicle Software Validation,2025,,0,Trajectory-related,Challenging the System Under Test,0.773,0.4216,0.7312,False,auto-discovered,"""edge case"" ""autonomous driving""","Ensuring the safety and robustness of autonomous driving software remains a critical challenge, as real-world testing is costly and rarely exposes high-risk scenarios. This paper presents an automated validation platform, deployed with the iseAuto shuttle at Tallinn University of Technology (TalTech), and integrated into a high-fidelity simulation environment. Our approach connects Autoware .Universe—an opensource autonomous vehicle stack—with Scenic, a probabilistic scenario generation language, and VerifAI, a falsification toolkit, to systematically generate and evaluate critical scenarios informed by real-world data. The platform identifies edge cases that challenge perception, planning, and control components by combining constraint-driven scenario modeling with active learning–based falsification. Probabilistic variation and sampling strategies, including multi–armed bandits, help expand scenario diversity and uncover failure-prone configurations. Parallelized testing further accelerates the validation cycle. While grounded in the principles of ISO 34502, the framework focuses on supporting safety-relevant scenario exploration rather than offering formal guarantees. The results demonstrate the feasibility of a modular, data-informed pipeline for transforming operational observations into testable, safety-relevant simulation scenarios."
W4416123579,10.48550/arxiv.2503.23708,Towards Benchmarking and Assessing the Safety and Robustness of Autonomous Driving on Safety-critical Scenarios,2025,ArXiv.org,0,Trajectory-related,Challenging the System Under Test,0.7128,0.3335,0.7299,False,auto-discovered,"""edge case"" ""autonomous driving""","Autonomous driving has made significant progress in both academia and industry, including performance improvements in perception task and the development of end-to-end autonomous driving systems. However, the safety and robustness assessment of autonomous driving has not received sufficient attention. Current evaluations of autonomous driving are typically conducted in natural driving scenarios. However, many accidents often occur in edge cases, also known as safety-critical scenarios. These safety-critical scenarios are difficult to collect, and there is currently no clear definition of what constitutes a safety-critical scenario. In this work, we explore the safety and robustness of autonomous driving in safety-critical scenarios. First, we provide a definition of safety-critical scenarios, including static traffic scenarios such as adversarial attack scenarios and natural distribution shifts, as well as dynamic traffic scenarios such as accident scenarios. Then, we develop an autonomous driving safety testing platform to comprehensively evaluate autonomous driving systems, encompassing not only the assessment of perception modules but also system-level evaluations. Our work systematically constructs a safety verification process for autonomous driving, providing technical support for the industry to establish standardized test framework and reduce risks in real-world road deployment."
W4407185704,10.48550/arxiv.2502.02145,From Words to Collisions: LLM-Guided Evaluation and Adversarial Generation of Safety-Critical Driving Scenarios,2025,ArXiv.org,0,Trajectory-related,Challenging the System Under Test,0.7445,0.483,0.7294,False,auto-discovered,"""safety-critical scenario"" ""autonomous vehicle""","Ensuring the safety of autonomous vehicles requires virtual scenario-based testing, which depends on the robust evaluation and generation of safety-critical scenarios. So far, researchers have used scenario-based testing frameworks that rely heavily on handcrafted scenarios as safety metrics. To reduce the effort of human interpretation and overcome the limited scalability of these approaches, we combine Large Language Models (LLMs) with structured scenario parsing and prompt engineering to automatically evaluate and generate safety-critical driving scenarios. We introduce Cartesian and Ego-centric prompt strategies for scenario evaluation, and an adversarial generation module that modifies trajectories of risk-inducing vehicles (ego-attackers) to create critical scenarios. We validate our approach using a 2D simulation framework and multiple pre-trained LLMs. The results show that the evaluation module effectively detects collision scenarios and infers scenario safety. Meanwhile, the new generation module identifies high-risk agents and synthesizes realistic, safety-critical scenarios. We conclude that an LLM equipped with domain-informed prompting techniques can effectively evaluate and generate safety-critical driving scenarios, reducing dependence on handcrafted metrics. We release our open-source code and scenarios at: https://github.com/TUM-AVS/From-Words-to-Collisions."
W4410761506,10.3390/applmech6020039,Evaluation of Different Generative Models to Support the Validation of Advanced Driver Assistance Systems,2025,Applied Mechanics,3,Trajectory-related,Challenging the System Under Test,0.6855,0.3019,0.7272,False,auto-discovered,"""scenario generation"" ""autonomous driving""","Validating the safety and reliability of automated driving systems is a critical challenge in the development of autonomous driving technology. Such systems must reliably replicate human driving behavior across scenarios of varying complexity and criticality. Ensuring this level of accuracy necessitates robust testing methodologies that can systematically assess performance under various driving conditions. Scenario-based testing addresses this challenge by recreating safety-critical situations at varying levels of abstraction, from simulations to real-world field tests. However, conventional parameterized models for scenario generation are often resource intensive, prone to bias from simplifications, and limited in capturing realistic vehicle trajectories. To overcome these limitations, the paper explores AI-based methods for scenario generation, with a focus on the cut-in maneuver. Four different approaches are trained and compared: Variational Autoencoder enhanced with a convolutional neural network (VAE), a basic Generative Adversarial Network (GAN), Wasserstein GAN (WGAN), and Time-Series GAN (TimeGAN). Their performance is assessed with respect to their ability to generate realistic and diverse trajectories for the cut-in scenario using qualitative analysis, quantitative metrics, and statistical analysis. Among the investigated approaches, VAE demonstrates superior performance, effectively generating realistic and diverse scenarios while maintaining computational efficiency."
W7150917934,10.1109/ojits.2026.3680881,Robust Autonomous Driving via Vulnerability-Aware Co-Optimization Framework Against Safety-Critical Scenarios,2026,IEEE Open Journal of Intelligent Transportation Systems,0,Trajectory-related,Challenging the System Under Test,0.6404,0.316,0.7271,False,auto-discovered,"""safety-critical scenario"" ""autonomous driving""","As autonomous driving technology matures, evaluating and improving the robustness of autonomous vehicles is vital. While realistic and challenging long-tail traffic scenarios are crucial for training, their inherent rarity leaves even well-trained systems vulnerable. Although large-scale simulated scenario generation has been explored, it often suffers from a simulation-to-reality distribution gap, and existing methods lack a unified strategy to leverage real-world data to enhance robustness and safety. Complementary to prior work handling safety-critical scenarios at the policy level, we introduce a novel vulnerability-aware co-optimization framework designed to improve autonomous systems in the presence of collision-prone driving scenarios. Our framework establishes a closed-loop process between scenario generation and policy optimization, alternately exposing robustness vulnerabilities and refining policies over time. Specifically, we decompose real-world scenario generation into three tractable sub-tasks: pairwise collision checking, autonomous vehicle on-policy rollout estimation, and surrounding vehicle motion prior sampling. Simultaneously, we iteratively optimize driving policies within these scenarios while enforcing kinematic feasibility and cost constraints. Extensive experiments demonstrate the feasibility and generalizability of our proposed framework in exploring robustness vulnerabilities of autonomous driving systems."
W7161496886,10.5281/zenodo.20258386,Synthetic Intelligence–Driven Simulation Framework for Autonomous Mobility in Mixed-Reality Vehicular Environments,2026,Zenodo (CERN European Organization for Nuclear Research),0,Trajectory-related,Novel Scenario Generation,0.6787,0.2592,0.7271,False,auto-discovered,"""rare event"" ""autonomous vehicle""","Safety and cost-effective testing of autonomous vehicles (AVs) is a challenging task in transportation engineering. On-road testing is unable to test all risky scenarios that may occur with a self-driving vehicle, and manually building simulation libraries is time-consuming and expensive. This paper describes the Synthetic Intelligence-Driven Simulation Framework (SIDSF), which automatically generates different and realistic scenarios in a mixed-reality environment using generative AI. SIDSF uses naturalistic traffic, sensor noise, bad weather, and random pedestrian behaviour - all with statistical properties that resemble real-world conditions. SIDSF consists of four components: a scenario generator, a behavioural model for traffic, a physics-based sensor simulator and an ego vehicle controller that learns through reinforcement learning. Preliminary experiments demonstrate the benefits of higher rare-event coverage, reduced policy training time and fewer collisions compared to traditional simulators. This suggests that the use of simulation created by AI, using maps that are digital twins and feedback that is a mixed reality, is a viable and more efficient way to validate AV."
W4414982678,10.1016/j.aap.2025.108270,HAD-Gen: Human-like and diverse driving behavior modeling for controllable scenario generation,2025,Accident Analysis & Prevention,3,Trajectory-related,Novel Scenario Generation,0.6534,0.1877,0.7267,False,auto-discovered,"""scenario generation"" ""autonomous vehicle""","Simulation-based testing has emerged as an essential tool for verifying and validating autonomous vehicles (AVs). However, contemporary methodologies, such as deterministic and imitation learning-based driver models, struggle to capture the variability of human-like driving behavior. Given these challenges, we propose HAD-Gen, a general framework for realistic traffic scenario generation that simulates diverse human-like driving behaviors. The framework first clusters the vehicle trajectory data into different driving styles according to safety features. It then employs maximum entropy inverse reinforcement learning on each of the clusters to learn the reward function corresponding to each driving style. Using these reward functions, the method integrates offline reinforcement learning pre-training and multi-agent reinforcement learning algorithms to obtain general and robust driving policies. Multi-perspective simulation results in highway scenarios show that our proposed scenario generation framework can generate diverse, human-like driving behaviors with strong generalization capability. The proposed framework achieved a 90.96% goal-reaching rate, an off-road rate of 2.08%, and a collision rate of 6.91% in new unseen driving scenarios, outperforming prior approaches by over 20% in goal-reaching performance. The source code is released at https://github.com/RoboSafe-Lab/HAD-Gen."
W4415465751,10.1061/9780784486269.012,Autonomous Vehicle Testing Scenario Generation with Difficulty-Fidelity Balance,2025,,0,Trajectory-related,Challenging the System Under Test,0.7524,0.4223,0.7253,False,auto-discovered,"""safety-critical scenario"" ""autonomous vehicle""","Safety-critical scenarios generation plays an important role in autonomous vehicle testing, because of the long-tailed distribution of natural driving data. Most existing approaches either focus on high fidelity by using real-world data or emphasize scenario difficulty by generating adversarial conditions. However, these methods are often inefficient and fail to balance the trade-off between realism and challenge. To address these limitations, we propose a novel scenario generation method that incorporates both difficulty and fidelity. Using an online reinforcement learning framework, we train background vehicles to interact in real time with the autonomous vehicle. At the same time, we introduce rule-based constraints and data distribution-based constraints to enhance the fidelity of the generated scenarios. Our experimental results demonstrate that the proposed method generates scenarios that retain their difficulty while achieving higher fidelity, thus providing a more comprehensive and reliable testing environment."
W4414943224,10.48550/arxiv.2507.10749,RCG: Safety-Critical Scenario Generation for Robust Autonomous Driving via Real-World Crash Grounding,2025,ArXiv.org,0,Trajectory-related,Challenging the System Under Test,0.6453,0.3397,0.7251,False,auto-discovered,"""safety-critical scenario"" ""autonomous driving""","Safety-critical scenarios are essential for training and evaluating autonomous driving (AD) systems, yet remain extremely rare in real-world driving datasets. To address this, we propose Real-world Crash Grounding (RCG), a scenario generation framework that integrates crash-informed semantics into adversarial perturbation pipelines. We construct a safety-aware behavior representation through contrastive pre-training on large-scale driving logs, followed by fine-tuning on a small, crash-rich dataset with approximate trajectory annotations extracted from video. This embedding captures semantic structure aligned with real-world accident behaviors and supports selection of adversary trajectories that are both high-risk and behaviorally realistic. We incorporate the resulting selection mechanism into two prior scenario generation pipelines, replacing their handcrafted scoring objectives with an embedding-based criterion. Experimental results show that ego agents trained against these generated scenarios achieve consistently higher downstream success rates, with an average improvement of 9.2% across seven evaluation settings. Qualitative and quantitative analyses further demonstrate that our approach produces more plausible and nuanced adversary behaviors, enabling more effective and realistic stress testing of AD systems. Code and tools will be released publicly."
W4415269793,10.48550/arxiv.2510.12206,Controllable Collision Scenario Generation via Collision Pattern Prediction,2025,ArXiv.org,0,Trajectory-related,Challenging the System Under Test,0.6546,0.2992,0.7249,False,auto-discovered,"""safety-critical scenario"" ""autonomous vehicle""","Evaluating the safety of autonomous vehicles (AVs) requires diverse, safety-critical scenarios, with collisions being especially important yet rare and unsafe to collect in the real world. Therefore, the community has been focusing on generating safety-critical scenarios in simulation. However, controlling attributes such as collision type and time-to-accident (TTA) remains challenging. We introduce a new task called controllable collision scenario generation, where the goal is to produce trajectories that realize a user-specified collision type and TTA, to investigate the feasibility of automatically generating desired collision scenarios. To support this task, we present COLLIDE, a large-scale collision scenario dataset constructed by transforming real-world driving logs into diverse collisions, balanced across five representative collision types and different TTA intervals. We propose a framework that predicts Collision Pattern, a compact and interpretable representation that captures the spatial configuration of the ego and the adversarial vehicles at impact, before rolling out full adversarial trajectories. Experiments show that our approach outperforms strong baselines in both collision rate and controllability. Furthermore, generated scenarios consistently induce higher planner failure rates, revealing limitations of existing planners. We demonstrate that these scenarios fine-tune planners for robustness improvements, contributing to safer AV deployment in different collision scenarios. Additional generated scenarios are available at our project page: https://plchen86157.github.io/conditional_scenario_generation/"
W7131075725,10.1109/iccvw69036.2025.00084,2COOOL: 2nd Workshop on the Challenge of Out-of-Label Hazards in Autonomous Driving,2025,,0,Trajectory-related,Challenging the System Under Test,0.5534,0.1362,0.7246,False,auto-discovered,"""out-of-distribution"" ""self-driving""","As the Computer Vision community advances autonomous driving algorithms, integrating vision-based insights with sensor data remains essential for improving perception, decision-making, planning, prediction, simulation, and control. Yet we must ask: It's 2025-why don't we have entirely safe self-driving cars yet? A key part of the answer lies in addressing novel scenarios, one of the most critical barriers to real-world deployment. Our 2COOOL workshop provides a dedicated forum for researchers and industry experts to push the state-of-the-art in novelty handling, including out-of-distribution hazard detection, vision-language models for hazard understanding, new benchmarking and methodologies, and safe autonomous driving practices. The “2nd Workshop on the Challenge of Out-of-Label Hazards in Autonomous Driving” (2COOOL) will be held at the International Conference on Computer Vision (ICCV) 2025 in Honolulu, Hawaii, on October 19, 2025. We aim to inspire the development of new algorithms and systems for hazard avoidance, drawing on ideas from anomaly detection, open-set recognition, open-vocabulary modeling, domain adaptation, and related fields. Building on the success of its inaugural edition at the Winter Conference on Applications of Computer Vision (WACV) 2025, the workshop will feature a dynamic mix of academic and industry participation."
W4414209257,10.3390/vehicles7030100,Scenario Metrics for the Safety Assurance Framework of Automated Vehicles: A Review of Its Application,2025,Vehicles,2,Trajectory-related,Challenging the System Under Test,0.6068,0.3298,0.7231,False,auto-discovered,"""near-miss"" ""automated driving""","Ensuring the safety of Automated Driving Systems (ADSs) requires structured and transparent validation processes. Scenario-based testing has emerged as a widely adopted approach, enabling the targeted assessment of system behavior under diverse and challenging conditions. To offer a structured approach for scenario-based safety assurance, the European SUNRISE project developed the Safety Assurance Framework (SAF), which comprises stages such as scenario creation, allocation, execution, evaluation, decision-making, and in-service monitoring and reporting. Central to the SAF are scenario metrics, which quantify aspects such as coverage, criticality, and complexity and support evidence for safety cases. This paper provides a comprehensive overview of scenario-based scenario metrics relevant to ADS safety assessments. We categorize six core metric types: completeness, coverage, criticality, diversity/dissimilarity, exposure, and complexity. We explain their roles across the difference SAF components. This paper also discusses interdependencies among metrics, implementation challenges, and gaps where further research is needed, particularly in metric validation, aggregation, and standardization. By clarifying the landscape of scenario metrics and their application within the SAF, this work aims to support both practitioners and researchers in advancing scalable, data-driven safety assurance for ADSs."
W4413553311,10.1109/tits.2025.3586608,AuthSim: Toward Authentic and Effective Safety-Critical Scenario Generation for Autonomous Driving Tests,2025,IEEE Transactions on Intelligent Transportation Systems,1,Trajectory-related,Challenging the System Under Test,0.7286,0.3113,0.7204,False,auto-discovered,"""safety-critical scenario"" ""autonomous driving""","The generation of adversarial safety-critical scenarios is essential for rigorously evaluating autonomous driving systems, enabling the identification of vulnerabilities and enhancement of system robustness. However, existing methodologies predominantly focus on extreme, unconstrained collision scenarios in which non-player character (NPC) vehicles exhibit unrealistic adversarial behaviors toward the ego vehicle. While such scenarios serve as stress tests, their practical utility is limited due to two key factors: 1) these extreme events are statistically rare in real-world traffic and frequently involve collisions that are physically unavoidable, irrespective of the autonomous vehicle’s decision-making capabilities; and 2) NPC behaviors in these scenarios are often intentionally aggressive (e.g., deliberate rear-end collisions), resulting in liability attribution that predominantly lies with the NPCs rather than exposing meaningful system limitations. Recent efforts to enhance scenario plausibility rely extensively on large-scale real-world traffic datasets, introducing significant computational costs and scalability constraints. To overcome these limitations, we propose a three-layer relative safety region model that partitions the driving environment into zones of varying risk levels. This partitioning increases the likelihood that NPC vehicles will interact within relative safety boundary regions, thus enabling the generation of more realistic and contextually relevant adversarial scenarios without the need for extensive real-world traffic data. We introduce AuthSim, a platform that integrates this safety model with reinforcement learning (RL) to generate both authentic and effective safety-critical scenarios. AuthSim is the first comprehensive approach to address both the authenticity and effectiveness of autonomous driving test scenarios without relying on large-scale traffic data. Empirical results demonstrate that AuthSim outperforms existing methods, achieving a 5.25% improvement in average cut-in distance and a 11.94% increase in average collision interval time compared with the state-of-the-art (SOTA) results, all while maintaining superior efficiency in scenario generation. These findings highlight the potential of AuthSim to produce high-fidelity and efficient test cases for the rigorous evaluation of autonomous driving systems."
W7131827335,10.1109/tits.2026.3662886,Versatile Behavior Diffusion for Generalized Traffic Agent Simulation,2026,IEEE Transactions on Intelligent Transportation Systems,1,Trajectory-related,Novel Scenario Generation,0.6562,0.307,0.7175,False,auto-discovered,"""safety-critical scenario"" ""autonomous driving""","Existing traffic simulation models often fall short in capturing the intricacies of real-world scenarios, particularly the interactive behaviors among multiple traffic participants, thereby limiting their utility in the evaluation and validation of autonomous driving systems. We introduce Versatile Behavior Diffusion (VBD), a novel traffic scenario generation framework based on diffusion generative models that synthesizes scene-consistent, realistic, and controllable multi-agent interactions. VBD achieves strong performance in closed-loop traffic simulation, generating scene-consistent agent behaviors that reflect complex agent interactions. A key capability of VBD is inference-time scenario editing through multi-step refinement, guided by behavior priors and model-based optimization objectives, enabling flexible and controllable behavior generation. Despite being trained on real-world traffic datasets with only normal conditions, we introduce conflict-prior and game-theoretic guidance approaches. These approaches enable the generation of interactive, customizable, or long-tail safety-critical scenarios, which are essential for comprehensive testing and validation of autonomous driving systems. Extensive experiments validate the effectiveness and versatility of VBD and highlight its promise as a foundational tool for advancing traffic simulation and autonomous vehicle development. Project website: <uri xmlns:mml=""http://www.w3.org/1998/Math/MathML"" xmlns:xlink=""http://www.w3.org/1999/xlink"">https://sites.google.com/view/versatile-behavior-diffusion</uri>"
W7161596288,10.1007/s10515-026-00631-y,Safety-critical scenario generation for automated testing of autonomous driving systems,2026,Automated Software Engineering,0,Trajectory-related,Challenging the System Under Test,0.8468,0.5037,0.7172,False,auto-discovered,"""safety-critical scenario"" ""autonomous driving""",
W7162139130,10.31224/7134,"Safety-Critical Scenarios for Autonomous Driving: A Survey of Methods, Benchmarks, and Verification Pipelines",2026,,0,Trajectory-related,Challenging the System Under Test,0.6698,0.3195,0.7152,False,auto-discovered,"""safety-critical scenario"" ""autonomous driving""","The safe deployment of autonomous vehicles depends on their ability to perceive, handle, and validate safety-critical scenarios, namely rare but complex situations that are highly relevant to real-world safety risks. Different from previous surveys on safety-critical scenarios in autonomous driving, this survey systematically reviews safety-critical scenarios from three perspectives: methods, benchmarks, and verification pipelines. We first introduce a five-domain taxonomy that organizes existing methods from geometry-based safety estimation and deep risk anticipation to risk grounding, uncertainty-aware control, and integrated control with world models and vision-language models. We then review traffic accident datasets and critical scenario benchmarks. Based on these datasets and benchmarks, we further derive thirty representative critical scenarios for evaluation and benchmark design. Finally, we summarize verification pipelines and outline future directions. The review shows that current studies are moving toward closed-loop safety assurance, but standardized benchmarks, uncertainty-aware control, and traceable validation evidence remain insufficient."
W7128167454,10.1016/j.aap.2026.108449,HSPG: An open-loop testing framework for autonomous driving based on proactive generation of hazardous scenario,2026,Accident Analysis & Prevention,1,Trajectory-related,Challenging the System Under Test,0.6736,0.3239,0.7143,False,auto-discovered,"""scenario generation"" ""autonomous driving""","Autonomous driving algorithms struggle to achieve sufficient coverage of long-tail scenarios in complex traffic environments, primarily due to the scarcity of high-risk samples in real-world data. Existing scenario generation methods also have limitations, as they mostly rely on trajectory perturbation without realistic perception support. To address this issue, we propose the HSPG (Hazardous Scenario Proactive Generation) framework, a proactive hazardous scenario generation approach based on naturalistic driving data. HSPG systematically amplifies potential risks through structural perturbations of original traffic scenarios. A sliding-window-based risk index is introduced to automatically identify interaction-intensive periods and extract candidate scenarios. A high-risk vehicle detection mechanism then selects critical surrounding vehicles as interaction agents. By integrating a Linear Quadratic Regulator (LQR) with Recurrent Posterior Policy Optimization (RPPO) and adversarial strategies, high-risk trajectories are generated. These trajectories are further transformed into realistic street scenarios via an image synthesis module coupled with real-world map data, forming a comprehensive safety-critical test dataset. Experimental results demonstrate that HSPG effectively identifies latent risks, enhances collision likelihood by at least an order of magnitude under autonomous driving test models, and generalizes across diverse scenarios. A dataset comprising 150 scenarios, 6019 samples, and six multi-perspective camera views has been constructed, providing a valuable benchmark for safety evaluation in autonomous driving. Our dataset can be found at https://huggingface.co/datasets/gitchee/nuScenes-Atk."
W7159602214,10.33774/coe-2026-kr76b,A Simple Rule-Based Behavioral Planner for Urban Autonomous Driving Scenarios,2026,,0,Trajectory-related,Challenging the System Under Test,0.655,0.2139,0.7096,False,auto-discovered,"""safety-critical scenario"" ""autonomous driving""","Autonomous driving systems require planning algorithms that can generate safe and understandable driving decisions in complex traffic environments. Although recent studies have explored advanced learning-based, adversarial, and generative methods for scenario generation and safety validation, many practical autonomous driving functions still rely on simple and interpretable planning modules. This paper presents a small-scale study of a rule-based behavioral planning framework for urban autonomous driving scenarios. The proposed framework focuses on three common driving behaviors: lane keeping, car following, and cautious yielding at intersections. Instead of using highly complex end-to-end learning, the planner uses finite-state decision logic, safety distance checking, and simple risk indicators such as time-to-collision and gap acceptance. The aim is not to outperform state-of-the-art methods, but to provide a clear and reproducible baseline that can be used in simulation-based testing and early-stage autonomous driving research. Related work on scenario-based validation, safety-critical scenario generation, crash-derived scenario analysis, and simulation platforms is reviewed to position the proposed method. The paper concludes that simple rule-based planning remains useful as a transparent baseline, especially when combined with scenario libraries and safety evaluation metrics."
W7131359948,10.1038/s41467-026-69761-x,Breaking through safety performance stagnation in autonomous vehicles with dense learning,2026,Nature Communications,0,Trajectory-related,Challenging the System Under Test,0.5861,0.1613,0.7056,False,auto-discovered,"""rare event"" ""automated driving""","Autonomous vehicles remain commercially limited largely due to safety performance stagnation. Existing deep learning, heavily reliant on failure data from rare safety-critical events, suffers from the seesaw effect—improvement in some scenarios causes regression in others. We introduce an innovative dense learning approach that prioritizes both informative failures and successes, informed by theoretical findings. Data is sampled proportionally to its contribution to the policy gradient and exposure frequency, excluding non-informative samples. This densifies the training dataset’s information, significantly reducing learning variance without bias, enabling tasks intractable for existing methods. To validate this, we trained a safety-critical driving agent for a highly automated vehicle using mixed reality on an urban test track. Results demonstrate that our approach breaks the performance stagnation, enhancing the model’s overall safety performance by one to two orders of magnitude. This marks a significant stride towards achieving human-level safety and widespread adoption for autonomous vehicles. Autonomous vehicles face the seesaw effect, where improving safety in some situations worsens it in others. This study introduces dense learning to focus on informative driving data and achieve more consistent and safer performance."
W7134017017,,SaFeR: Safety-Critical Scenario Generation for Autonomous Driving Test via Feasibility-Constrained Token Resampling,2026,ArXiv.org,0,Trajectory-related,Challenging the System Under Test,0.6542,0.2985,0.7038,False,auto-discovered,"""safety-critical scenario"" ""autonomous driving""","Safety-critical scenario generation is crucial for evaluating autonomous driving systems. However, existing approaches often struggle to balance three conflicting objectives: adversarial criticality, physical feasibility, and behavioral realism. To bridge this gap, we propose SaFeR: safety-critical scenario generation for autonomous driving test via feasibility-constrained token resampling. We first formulate traffic generation as a discrete next token prediction problem, employing a Transformer-based model as a realism prior to capture naturalistic driving distributions. To capture complex interactions while effectively mitigating attention noise, we propose a novel differential attention mechanism within the realism prior. Building on this prior, SaFeR implements a novel resampling strategy that induces adversarial behaviors within a high-probability trust region to maintain naturalism, while enforcing a feasibility constraint derived from the Largest Feasible Region (LFR). By approximating the LFR via offline reinforcement learning, SaFeR effectively prevents the generation of theoretically inevitable collisions. Closed-loop experiments on the Waymo Open Motion Dataset and nuPlan demonstrate that SaFeR significantly outperforms state-of-the-art baselines, achieving a higher solution rate and superior kinematic realism while maintaining strong adversarial effectiveness."
W7137951813,10.1609/aaai.v40i42.40861,Any2Critical: Safety-Critical Scenario Generation from Arbitrary Real-World Driving Contexts,2026,Proceedings of the AAAI Conference on Artificial Intelligence,0,Trajectory-related,Novel Scenario Generation,0.6204,0.2313,0.7037,False,auto-discovered,"""safety-critical scenario"" ""autonomous driving""","Autonomous driving systems have achieved remarkable capabilities in real-world deployment, yet ensuring safety under corner cases remains a significant challenge due to the scarcity and constrained diversity of safety-critical scenarios. Existing generation methods may either lead to irrational vehicle behaviors or be limited by fixed collision patterns, while both heavily rely on existing map datasets, restricting the diversity. To address these fundamental limitations, we introduce Any2Critical, the first framework that can encode arbitrary real-world scenarios and generate contextually relevant safety-critical scenarios with realistic driving behaviors. Specifically, Any2Critical addresses two key challenges: (1) developing comprehensive, diverse map data by successfully leveraging everyday traffic situations as the most abundant source of real-world driving contexts, and (2) proposing an RAG-based Safety-Critical Scenario Generation Strategy based on our curated NHTSA-5K database for achieving an optimal balance between scenario diversity and behavioral rationality. Through comprehensive evaluation, we demonstrate that Any2Critical consistently achieves collision rates with an average of 89.69% across diverse scenarios and autonomous driving systems, significantly outperforming current state-of-the-art generation methods."
W7130540511,10.1109/lra.2026.3666393,Learning a Unified Risk Map for Autonomous Driving in Partially Observable Environments,2026,IEEE Robotics and Automation Letters,1,Trajectory-related,Challenging the System Under Test,0.563,0.23,0.7032,False,auto-discovered,"""scenario generation"" ""autonomous driving""","Occlusion-aware prediction remains a critical challenge in autonomous driving due to the inherent uncertainty of unobserved regions. Existing approaches either overestimate risk based on reachable states or struggle to predict accurate trajectories under high occlusion uncertainty. To address these limitations, we propose a unified risk map modeling and learning framework for partially observable environments. Our method integrates traffic flow risk and collision risk through spatiotemporal modeling, enabling fine-grained assessment of occlusion-induced hazards. To address the scarcity of scenarios involving occluded interactions, we introduce a diffusion-based scenario generation framework that produces realistic yet adversarial scenarios. We integrate the modeling and learning of a unified risk map into a framework that supports risk-aware planning under partial observability. Experiments on the Waymo Open Motion Dataset show that our method significantly outperforms the state-of-the-art occlusion-aware baseline, improving minimum time-to-collision by 0.78 times and average time-to-collision by 1.67 times. The proposed framework offers a comprehensive and practical solution for risk-aware planning in partially observable environments."
W7150883364,10.4271/2026-01-0050,Optimizing Virtual Scenario Testing for Autonomous Vehicles with Large-Scale Scenario Generation,2026,SAE technical papers on CD-ROM/SAE technical paper series,0,Trajectory-related,Challenging the System Under Test,0.6398,0.3522,0.7012,False,auto-discovered,"""scenario generation"" ""autonomous vehicle""","&lt;div class=""section abstract""&gt;&lt;div class=""htmlview paragraph""&gt;The validation of Advanced Driver Assistance Systems (ADAS) and Automated Driving (AD) Systems, especially at higher automation levels such as SAE Level 3 or 4, demands the testing of a vast array of scenario variants far exceeding the scope of standard safety specifications like Euro NCAP (The European New Car Assessment Programme). Autonomous vehicles require thorough real-world testing to ensure automotive safety. However, public road tests are costly and risky. Instead, virtual scenarios - digital twins of real environments - offer a safe, cost-effective testing alternative. Exhaustive simulation across this high-dimensional scenario space, which includes variations in actor behavior, environmental conditions, and event characteristics, is computationally infeasible. We propose a constraint-solving approach to address this challenge that leverages mathematical and geometric techniques to analytically assess the existence and validity of scenario variants prior to simulation. Two primary methods are explored:&lt;ol class=""list nostyle""&gt;&lt;li class=""list-item""&gt;&lt;span class=""li-label""&gt;(1)&lt;/span&gt;&lt;div class=""htmlview paragraph""&gt;random or sequential generation of scenario variants with a pre-simulation pruning step to eliminate invalid cases, and&lt;/div&gt;&lt;/li&gt;&lt;li class=""list-item""&gt;&lt;span class=""li-label""&gt;(2)&lt;/span&gt;&lt;div class=""htmlview paragraph""&gt;direct generation of valid variants by solving constraint systems that ensure the desired events occur under specified conditions.&lt;/div&gt;&lt;/li&gt;&lt;/ol&gt;&lt;/div&gt;&lt;div class=""htmlview paragraph""&gt;Importantly, maintaining an effective balance between these two approaches is central to our methodology, as the optimal mix depends on the specific testing goals and requirements. This framework implemented using MATLAB®, Simulink®, the Automated Driving Toolbox&lt;sup&gt;TM&lt;/sup&gt;, and the Euro NCAP Support Package®, systematically reduces the scenario space by excluding impossible cases. Our approach aims to significantly reduce reliance on extensive simulation and enable more targeted and efficient validation for safety compliance.&lt;/div&gt;&lt;/div&gt;"
W7140108730,10.59324/ejaset.2026.4(2).10,Benchmarking Safe Reinforcement Learning Algorithms for Autonomous Driving: A Comparative Evaluation in Simulated Environments,2026,European Journal of Applied Science Engineering and Technology,0,Trajectory-related,Challenging the System Under Test,0.6474,0.2777,0.6991,False,auto-discovered,"""rare event"" ""autonomous driving""","Safe Reinforcement Learning (Safe-RL) has gained increasing attention in autonomous driving due to its potential to enable learning-based decision making under explicit safety constraints. Despite rapid algorithmic progress, the evaluation of Safe-RL methods remains inconsistent, with existing studies employing heterogeneous simulators, safety definitions, and experimental protocols, thereby limiting fair comparison and reproducibility. This paper presents a benchmark-oriented review of Safe Reinforcement Learning for autonomous driving, focusing on simulation-based evaluation. We analyze the theoretical foundations of Safe-RL and provide a structured taxonomy of algorithms based on how safety constraints are enforced during learning and execution. To address the trade-off between computational efficiency and realism, we adopt a cross-simulator benchmarking perspective using highway-env for large-scale statistical evaluation and CARLA for high-fidelity safety and robustness validation. Furthermore, we systematically review safety, performance, and robustness metrics, discuss standardized evaluation protocols, and highlight critical challenges including rare-event safety assessment, robustness under distribution shift, and sim-to-real transfer. By emphasizing evaluation methodology rather than individual algorithmic performance, this review aims to promote more rigorous, transparent, and reproducible benchmarking practices and to support the development of trustworthy Safe-RL approaches for autonomous drivings."
W7150870231,10.4271/2026-01-0529,Safety-Centered Scenario Generation for Autonomous Vehicles,2026,SAE technical papers on CD-ROM/SAE technical paper series,0,Trajectory-related,Challenging the System Under Test,0.6495,0.3729,0.6987,False,auto-discovered,"""edge case"" ""autonomous vehicle""","&lt;div class=""section abstract""&gt;&lt;div class=""htmlview paragraph""&gt;This paper presents a scenario generation framework that creates diverse, parametrized, and safety-critical driving situations to validate the safety features of autonomous vehicles in simulation [&lt;span class=""xref""&gt;1&lt;/span&gt;]. By modeling factors such as road geometry, traffic participants, environmental conditions, and perception uncertainties, the framework enables repeatable and scalable testing of safety mechanisms, including emergency braking, evasive maneuvers, and vulnerable road user protection. The framework supports both regulatory and edge case scenarios, mapped to hazards and safety goals derived from Hazard Analysis and Risk Assessment (HARA), ensuring traceability to ISO 26262 functional safety requirements and performance limitations. The output from these simulations provides quantitative safety metrics such as time-to-collision, minimum distance, braking and steering performance, and residual collision severity. These metrics enable the systematic evaluation of evasive maneuvering as a safety feature, while highlighting system limitations and edgecase vulnerabilities. Integration of scenario-based simulation with safety engineering principles offers accelerated validation cycles, improved test coverage at reduced cost, and stronger evidence for regulatory and stakeholder confidence.&lt;/div&gt;&lt;/div&gt;"
W7118176853,10.1016/j.trip.2025.101834,A cross-methodological review on the safety effects of partial vehicle automation,2026,Transportation Research Interdisciplinary Perspectives,1,Trajectory-related,Novel Scenario Generation,0.5975,0.21,0.6983,False,auto-discovered,"""surrogate safety"" ""automated vehicle""","We present a cross-methodological review on the safety implications of Partially Automated Vehicles (PAV). We inventory theoretical considerations on possible safety effects, and evaluate results from computer simulations, driving simulators, Experimental Driving Studies (EDS), Naturalistic Driving Studies (NDS), and real-world crash data (censuses), to gain insight in detrimental and beneficial safety effects of partial automation. Theoretical concerns center around incompatibility between the requirement of constant supervision and the potential for increased distraction, reduced vigilance, mode confusion and dis- and misuse, alongside technological limitations such as system reliability outside the Operational Design Domain (ODD). Computer simulations show mixed results, and suggest that benefits of automation may emerge only at higher levels of automation. Simulator studies, EDS and NDS support concerns about a detrimental impact of automation on human drivers, although beneficial effects on Surrogate Safety Measures (SSM), reflecting smoother driver behavior are also reported. These results are uncertain, due to limited generalizability of simulator studies and SSM. Census data indicate reduced crash rates but do not reveal causality. Detrimental effects on the human driver are a consistent finding across several methodologies, but studies adopting methodologies with higher representativeness nuance these findings, showing net safety benefits. Although automation may mitigate some theoretical concerns by relaxing requirements on the human driver, alternative explanations relating to confounding factors, such as the presence of dedicated safety systems, cannot be excluded. The findings emphasize the need for real-world validations, refinement of Human–Machine Interfaces (HMIs), and strategies to address fleet heterogeneity. This review underscores the critical role of integrated evidence in shaping policies for safer adoption of PAV technologies. • We perform a cross-methodological review on safety of Partially Automated Vehicles (PAV). • Different methodologies highlight human factors concerns and crash rate benefits. • Converging evidence from different methodologies provides a holistic view on PAV safety. • The findings suggest net safety benefits for partial automation but raise concerns about causality."
W7125878674,,SG-CADVLM: A Context-Aware Decoding Powered Vision Language Model for Safety-Critical Scenario Generation,2026,ArXiv.org,0,Trajectory-related,Challenging the System Under Test,0.5818,0.2883,0.698,False,auto-discovered,"""safety-critical scenario"" ""autonomous vehicle""","Autonomous Vehicle (AV) requires rigorous testing in safety-critical scenarios for safety validation, yet its validation is hindered by the high cost of field testing and the lack of fidelity in current simulations for rare safety-critical events. Crash reports offer rich and authentic specifications of real-world accident dynamics, making them a promising resource for Large Language Models and Vision-Language models to generate high-fidelity scenarios. However, the existing models frequently deviate from actual accident characteristics due to context suppression. To address these limitations, this paper presents SG-CADVLM, a framework integrateing Context-Aware Decoding with multimodal input processing to generate safety-critical scenarios from crash reports. The framework mitigates the hallucination of VLMs while generating road geometry and vehicle trajectories simultaneously. The experimental results demonstrate that SG-CADVLM generates combined critical and high-risk scenarios at a rate of 88.1% compared to 31.2% for the baseline methods, representing a 182% improvement, while producing executable simulations for autonomous vehicle testing."
W7159963630,10.3390/futuretransp6030097,Driver Behavior in Mixed Traffic with Autonomous Vehicles,2026,Future Transportation,0,Trajectory-related,Challenging the System Under Test,0.5628,0.1631,0.6945,False,auto-discovered,"""near-miss"" ""autonomous driving""","The transition to autonomous driving is creating mixed traffic environments in which human-driven vehicles, partially automated vehicles, and autonomous vehicles must continuously interact, adapt, and respond to one another. This paper presents a comprehensive review of driver behavior in mixed traffic with autonomous vehicles, with emphasis on the sociotechnical nature of human–machine coexistence. The review synthesizes recent evidence on behavioral adaptation in car-following and tactical decision-making, trust calibration, situational awareness, takeover performance, internal and external human–machine interface design, surrogate safety metrics, vehicle-to-vehicle communication, operational design domains, and data-driven scenario generation. The literature shows that drivers do not respond to autonomous vehicles uniformly. Instead, behavior varies by driving style, perceived predictability of the automated vehicle, interface transparency, and traffic context. The review also emphasizes that these interaction patterns are context-dependent and may differ substantially across regions, particularly in dense mixed traffic environments. While some adaptations can improve stability and safety, others can encourage opportunistic maneuvers, overtrust, confusion, or degraded takeover quality. The review also highlights that crash data alone are insufficient to assess safety in mixed traffic, and that near-miss analysis, surrogate conflict metrics, and scenario-based evaluation are essential for understanding safety-critical interactions. Across the literature, a central inference emerges: adaptation to autonomous vehicles is real, but it is not automatically stabilizing. Safe deployment therefore depends not only on technical vehicle performance but also on behavioral legibility, transparent communication, calibrated trust, and robust evaluation under diverse real-world conditions. The paper concludes by identifying major research gaps, including the lack of longitudinal studies, incomplete standardization of surrogate metrics, limited understanding of vehicle conspicuity effects, and the need for integrated frameworks that jointly assess driver behavior, system design, and scenario-based safety."
W7160928708,10.1109/ojits.2026.3692749,Generating Test Cases for Autonomous Vehicles With Controllable Levels of Difficulty,2026,IEEE Open Journal of Intelligent Transportation Systems,0,Trajectory-related,Challenging the System Under Test,0.7939,0.4622,0.693,False,auto-discovered,"""novelty detection"" ""automated driving""","Autonomous vehicle (AV) safety validation increasingly relies on scenario-based testing. However, existing approaches to test scenario generation do not provide mechanisms to systematically regulate scenario difficulty. To address this critical limitation, this paper introduces a novel game-theoretic framework for adversarial safety validation. The interaction between the AV-under-test and a strategically obstructing rear vehicle is modelled as a Stackelberg game. The level of adversarial intensity, which reflects the level of difficulty, of a scenario can be controlled by a single tunable parameter called aggressiveness at both the action level and the interaction level. The efficacy of this approach is studied through the highway lane-changing operational design domain. Simulation experiments demonstrate that increasing aggressiveness reduces the success rate of lane-changing and prolongs maneuver duration for the successful attempts. These results confirm that this parameter can effectively and systematically control the difficulty level of test scenarios, providing a valuable tool for rigorous and reproducible AV safety validation."
W7131099619,10.1109/access.2026.3665396,ODD and Behavior-Based Approach to Scenario Coverage for Automated Driving Systems Testing,2026,IEEE Access,0,Trajectory-related,Novel Scenario Generation,0.6675,0.3701,0.6915,False,auto-discovered,"""edge case"" ""automated driving""","The safe deployment of Automated Driving Systems (ADS) depends on rigorous safety assurance testing. Scenario-based testing has emerged as a key methodology, targeting edge cases and safety-critical situations that ADS may encounter. While previous research has primarily focused on defining these situations, known as scenarios, a significant gap remains in evaluating the completeness of the scenario sets used for testing. This work addresses that gap by introducing a structured, multi-level coverage framework designed to systematically assess whether a given scenario set comprehensively tests the conditions within the system’s Operational Design Domain (ODD). The framework defines four coverage metrics: (1) scenario attribute range, (2) ODD and behaviour competency coverage, (3) out-of-ODD cases, and (4) rules of the road compliance. The proposed methodology leverages a modular simulation framework with an integrated analysis engine to facilitate attribute range exploration. It evaluates the test suite against the system’s ODD attributes, including relevant combinations; tests the system in out-of-ODD scenarios; and applies scenario–rule matching techniques to assess compliance with rules of the road. The proposed framework’s effectiveness is demonstrated through a case study involving an Automated Lane Keeping System (ALKS). Results highlight its ability to identify safety-critical scenarios, verify ODD coverage, assess out-of-ODD responses, and ensure regulatory compliance. This work advances the analysis phase of the safety performance assurance process and supports the standardisation of ADS verification and validation, contributing to their safe and trustworthy deployment."
W7119235484,,Realistic adversarial scenario generation via human-like pedestrian model for autonomous vehicle control parameter optimisation,2026,arXiv (Cornell University),0,Trajectory-related,Challenging the System Under Test,0.6269,0.2973,0.6898,False,auto-discovered,"""scenario generation"" ""autonomous vehicle""","Autonomous vehicles (AVs) are rapidly advancing and are expected to play a central role in future mobility. Ensuring their safe deployment requires reliable interaction with other road users, not least pedestrians. Direct testing on public roads is costly and unsafe for rare but critical interactions, making simulation a practical alternative. Within simulation-based testing, adversarial scenarios are widely used to probe safety limits, but many prioritise difficulty over realism, producing exaggerated behaviours which may result in AV controllers that are overly conservative. We propose an alternative method, instead using a cognitively inspired pedestrian model featuring both inter-individual and intra-individual variability to generate behaviourally plausible adversarial scenarios. We provide a proof of concept demonstration of this method's potential for AV control optimisation, in closed-loop testing and tuning of an AV controller. Our results show that replacing the rule-based CARLA pedestrian with the human-like model yields more realistic gap acceptance patterns and smoother vehicle decelerations. Unsafe interactions occur only for certain pedestrian individuals and conditions, underscoring the importance of human variability in AV testing. Adversarial scenarios generated by this model can be used to optimise AV control towards safer and more efficient behaviour. Overall, this work illustrates how incorporating human-like road user models into simulation-based adversarial testing can enhance the credibility of AV evaluation and provide a practical basis to behaviourally informed controller optimisation."
W7140346946,,Fusing Driver Perceived and Physical Risk for Safety Critical Scenario Screening in Autonomous Driving,2026,ArXiv.org,0,Trajectory-related,Challenging the System Under Test,0.5321,0.1713,0.6886,False,auto-discovered,"""safety-critical scenario"" ""autonomous driving""","Autonomous driving testing increasingly relies on mining safety critical scenarios from large scale naturalistic driving data, yet existing screening pipelines still depend on manual risk annotation and expensive frame by frame risk evaluation, resulting in low efficiency and weakly grounded risk quantification. To address this issue, we propose a driver risk fusion based hazardous scenario screening method for autonomous driving. During training, the method combines an improved Driver Risk Field with a dynamic cost model to generate high quality risk supervision signals, while during inference it directly predicts scenario level risk scores through fast forward passes, avoiding per frame risk computation and enabling efficient large scale ranking and retrieval. The improved Driver Risk Field introduces a new risk height function and a speed adaptive look ahead mechanism, and the dynamic cost model integrates kinetic energy, oriented bounding box constraints, and Gaussian kernel diffusion smoothing for more accurate interaction modeling. We further design a risk trajectory cross attention decoder to jointly decode risk and trajectories. Experiments on the INTERACTION and FLUID datasets show that the proposed method produces smoother and more discriminative risk estimates. On FLUID, it achieves an AUC of 0.792 and an AP of 0.825, outperforming PODAR by 9.1 percent and 5.1 percent, respectively, demonstrating its effectiveness for scalable risk labeling and hazardous scenario screening."
W7133570750,,AnchorDrive: LLM Scenario Rollout with Anchor-Guided Diffusion Regeneration for Safety-Critical Scenario Generation,2026,ArXiv.org,0,Trajectory-related,Challenging the System Under Test,0.6664,0.4046,0.6869,False,auto-discovered,"""safety-critical scenario"" ""autonomous driving""","Autonomous driving systems require comprehensive evaluation in safety-critical scenarios to ensure safety and robustness. However, such scenarios are rare and difficult to collect from real-world driving data, necessitating simulation-based synthesis. Yet, existing methods often exhibit limitations in both controllability and realism. From a capability perspective, LLMs excel at controllable generation guided by natural language instructions, while diffusion models are better suited for producing trajectories consistent with realistic driving distributions. Leveraging their complementary strengths, we propose AnchorDrive, a two-stage safety-critical scenario generation framework. In the first stage, we deploy an LLM as a driver agent within a closed-loop simulation, which reasons and iteratively outputs control commands under natural language constraints; a plan assessor reviews these commands and provides corrective feedback, enabling semantically controllable scenario generation. In the second stage, the LLM extracts key anchor points from the first-stage trajectories as guidance objectives, which jointly with other guidance terms steer the diffusion model to regenerate complete trajectories with improved realism while preserving user-specified intent. Experiments on the highD dataset demonstrate that AnchorDrive achieves superior overall performance in criticality, realism, and controllability, validating its effectiveness for generating controllable and realistic safety-critical scenarios."
W7160670070,,Conditional Flow-VAE for Safety-Critical Traffic Scenario Generation,2026,ArXiv.org,0,Trajectory-related,Challenging the System Under Test,0.6377,0.357,0.6853,True,auto-discovered,"""safety-critical scenario"" ""autonomous vehicle""","Safety-critical scenarios are essential for the development of autonomous vehicles (AVs) but are rare in real-world driving data. While simulation offers a way to generate such scenarios, manually designed test cases lack scalability, and adversarial optimization often produces unrealistic behaviors. In this work, we introduce a conditional latent flow matching approach for scalable and realistic safety-critical scenario generation. Our method uses distribution matching to transform nominal scenes into safety-critical rollouts. Furthermore, we demonstrate that incorporating both simulation and real-world data enables our framework to efficiently generate diverse, data-driven scenarios. Experimental results highlight that our approach is able to more consistently and realistically generate novel safety-critical scenarios, making it a valuable tool for training and benchmarking AV systems."
W7154977554,10.33774/coe-2026-7pb1t,Chance-Constrained and Risk-Bounded Hierarchical Path Planning for Autonomous Driving in Safety-Critical Scenarios,2026,,0,Trajectory-related,Challenging the System Under Test,0.6651,0.3384,0.6848,True,auto-discovered,"""safety-critical scenario"" ""autonomous driving""","Safety-critical path planning is a core capability for autonomous driving systems operating in dense traffic, adverse weather, and rare interaction scenarios. Existing research has made substantial progress in scenario-based validation, safety-critical scenario generation, and simulation-driven assurance, yet many studies focus either on test scenario production or on nominal planning performance rather than a unified risk-bounded planning architecture. This paper presents a safety-critical path planning framework that integrates semantic environment understanding, uncertainty-aware motion prediction, and risk-bounded trajectory optimization. The method combines a global risk-aware graph search, a local chance-constrained trajectory optimizer, and an emergency safety shield that enforces minimum separation and collision-imminence constraints. In contrast to purely shortest-path or comfort-oriented planners, the proposed framework explicitly optimizes expected travel efficiency under bounded tail risk. We also define a composite criticality score that fuses time-to-collision, predicted occupancy overlap, semantic hazard priors, and perception uncertainty. A literature review is provided to position the method within scenario-based validation, critical scenario generation, safety metrics, and autonomous driving assurance. Illustrative experiments on urban intersection, ramp merging, and adverse-weather scenarios show that the proposed method reduces collision rate and high-risk exposure at modest efficiency cost. All numerical results in this manuscript are reference values intended for drafting and demonstration rather than submission-ready claims."
W7134016368,,Map-Agnostic And Interactive Safety-Critical Scenario Generation via Multi-Objective Tree Search,2026,ArXiv.org,0,Trajectory-related,Challenging the System Under Test,0.6596,0.3002,0.6847,True,auto-discovered,"""corner case"" ""autonomous vehicle""","Generating safety-critical scenarios is essential for validating the robustness of autonomous driving systems, yet existing methods often struggle to produce collisions that are both realistic and diverse while ensuring explicit interaction logic among traffic participants. This paper presents a novel framework for traffic-flow level safety-critical scenario generation via multi-objective Monte Carlo Tree Search (MCTS). We reframe trajectory feasibility and naturalistic behavior as optimization objectives within a unified evaluation function, enabling the discovery of diverse collision events without compromising realism. A hybrid Upper Confidence Bound (UCB) and Lower Confidence Bound (LCB) search strategy is introduced to balance exploratory efficiency with risk-averse decision-making. Furthermore, our method is map-agnostic and supports interactive scenario generation with each vehicle individually powered by SUMO's microscopic traffic models, enabling realistic agent behaviors in arbitrary geographic locations imported from OpenStreetMap. We validate our approach across four high-risk accident zones in Hong Kong's complex urban environments. Experimental results demonstrate that our framework achieves an 85\% collision failure rate while generating trajectories with superior feasibility and comfort metrics. The resulting scenarios exhibit greater complexity, as evidenced by increased vehicle mileage and CO\(_2\) emissions. Our work provides a principled solution for stress testing autonomous vehicles through the generation of realistic yet infrequent corner cases at traffic-flow level."
W7138854484,10.1609/aaai.v40i48.42251,Guided Latent Spaces for Controllable Multi-Scenario Generation in Autonomous Driving (Student Abstract),2026,Proceedings of the AAAI Conference on Artificial Intelligence,0,Trajectory-related,Challenging the System Under Test,0.6991,0.3771,0.6818,True,auto-discovered,"""safety-critical scenario"" ""autonomous driving""","Scenario-based testing is an important approach for the development and validation of autonomous driving systems, as it enables evaluation across different driving situations. Safety-critical scenarios are especially relevant, but they occur rarely in real-world data, which creates the need for generation methods. In this paper, we present a scalable AI-based approach based on a variational autoencoder that unifies the generation of different types of critical scenarios while introducing controllability through a structured latent space. The integration of unified generation and latent space control advances AI-based scenario generation towards practical use, thereby supporting the requirements of industrial validation pipelines."
W7133261975,10.3390/vehicles8030047,3D Environment Generation from Sparse Inputs for Automated Driving Function Development,2026,Vehicles,0,Trajectory-related,Challenging the System Under Test,0.5343,0.1215,0.6818,True,auto-discovered,"""edge case"" ""automated driving""","The development of AI-driven automated driving functions requires vast amounts of diverse, high-quality data to ensure road safety and reliability. However, both the manual collection of real-world data and creation of 3D environments are costly, time-consuming, and hard to scale. Most automatic environment generation methods still rely heavily on manual effort, and only a few are tailored for Advanced Driver Assistance Systems (ADAS) and Automated Driving Systems (ADS) training and validation. We propose an automated generative framework that learns ground-truth features to reconstruct 3D environments from a road definition and two simple parameters for country and area type. Environment generation is structured into three modules—map-based data generation, semantic city generation, and final detailing. The overall framework is validated by training a perception network on a mixed set of real and synthetic data, validating it solely on real data, and comparing performance to assess the practical value of the environments we generated. By constructing a Pareto front over combinations of training set sizes and real-to-synthetic data ratios, we show that our synthetic data can replace up to 85% of real data without significant quality degradation. Our results demonstrate how multi-layered environment generation frameworks enable flexible and scalable data generation for perception tasks while incorporating ground-truth 3D environment data. This reduces reliance on costly field data and supports automated rapid scenario exploration for finding safety-critical edge cases."
W7131314834,10.1038/s41467-026-69675-8,Test case sampling optimization for safety validation of automated driving systems,2026,Nature Communications,1,Trajectory-related,Novel Scenario Generation,0.6782,0.3104,0.6796,True,auto-discovered,"""corner case"" ""automated driving""","Testing and validating automated driving systems require carefully designed test cases that capture the complexity of real-world driving conditions. However, the inherent complexity of driving environments and the rarity of safety-critical situations pose significant challenges to developing reliable and efficient validation frameworks. This paper addresses these issues by selecting appropriate test cases from the largest-scale naturalistic driving study. We introduce a Kernel Test Case Sampling method, which selects cases satisfying two key criteria: representativeness, ensuring alignment with real-world scenarios, and coverage, capturing high-risk corner cases. To demonstrate the proposed method, it is applied to large-scale naturalistic driving study data. By selecting a limited number of cases, the method effectively captures long-tailed scenarios while approximating the distribution of naturalistic driving conditions. The sampling framework also enables robust accident-rate estimation, thereby ensuring fair comparisons across human driving performance and multiple systems. The proposed method supports standardized and scalable automated driving system safety validation, facilitating accelerated development and deployment while building public trust and regulatory confidence."
W7128616498,10.36227/techrxiv.177084714.46890967/v1,Explainable and Safe Learning-Based Autonomous Driving: A Survey from Modular to End-to-End Planning,2026,,0,Trajectory-related,Challenging the System Under Test,0.6135,0.1332,0.6795,True,auto-discovered,"""novelty detection"" ""self-driving""","Learning-based autonomous driving is reshaping the automotive industry, shifting from modular architectures to end-to-end systems that promise easier maintainability and scalability. However, a critical challenge remains: these approaches often lack explainability and safety. This survey addresses that gap by reviewing research aimed at enhancing both dimensions. We examine a decade of work across three key paradigms of learning-based autonomous driving: (a) separate prediction and planning, (b) joint prediction and planning, and (c) end-to-end planning. Our analysis highlights strategies including model-based physical priors, risk-aware prediction, hierarchical designs, safety shielding, interpretable neural architectures, multi-task losses, and LLM-driven reasoning. Notably, end-to-end planning has surged in recent years, often outpacing progress on interpretability. We therefore conclude by recommending hybrid approaches that integrate physical models and safety constraint, ensuring that learning-based autonomous driving remains both explainable and safe."
W7162859700,10.1016/j.geits.2026.100436,Learning Safety-Critical Scenarios from Real-World Pre-Crash Data for Autonomous Driving Safety Validation,2026,Green Energy and Intelligent Transportation,0,Trajectory-related,Challenging the System Under Test,0.671,0.2097,0.6742,True,auto-discovered,"""safety-critical scenario"" ""autonomous driving""",
W7161596201,10.54097/xascnx14,WorldSense: Enabling Safe Autonomous Navigation Under Rare Event Scenarios,2026,Journal of Computing and Electronic Information Management,0,Trajectory-related,Challenging the System Under Test,0.5894,0.204,0.6734,True,auto-discovered,"""rare event"" ""autonomous vehicle""","Autonomous vehicle (AV) safety in rare or long-tail driving scenarios remains one of the most intractable challenges in modern intelligent transportation research. This paper presents WorldSense, a unified framework that integrates predictive world modeling, temporal anomaly detection (TAD), and safety-aware planning to enable reliable navigation under infrequent but high-risk conditions. WorldSense encodes the driving environment into a compact latent representation using a convolutional neural network (CNN)-based multi-camera perception backbone, predicts future scene evolution through a recurrent gated memory module, and monitors reconstruction divergence in real time to generate a rarity score that triggers conservative trajectory planning when anomalous events are detected. Evaluations conducted on the CARLA simulator using a custom rare event test suite (RETS) and on the nuScenes benchmark demonstrate that WorldSense reduces collision rates by 34.2% and improves route completion by 14.6 percentage points relative to transformer-based planning baselines under rare event conditions. These results establish WorldSense as a principled and scalable framework for safety-critical autonomous navigation in scenarios underrepresented in standard training distributions."
W7125459488,,DrivIng: A Large-Scale Multimodal Driving Dataset with Full Digital Twin Integration,2026,ArXiv.org,0,Trajectory-related,Novel Scenario Generation,0.4623,0.1303,0.6733,True,auto-discovered,"""edge case"" ""autonomous driving""","Perception is a cornerstone of autonomous driving, enabling vehicles to understand their surroundings and make safe, reliable decisions. Developing robust perception algorithms requires large-scale, high-quality datasets that cover diverse driving conditions and support thorough evaluation. Existing datasets often lack a high-fidelity digital twin, limiting systematic testing, edge-case simulation, sensor modification, and sim-to-real evaluations. To address this gap, we present DrivIng, a large-scale multimodal dataset with a complete geo-referenced digital twin of a ~18 km route spanning urban, suburban, and highway segments. Our dataset provides continuous recordings from six RGB cameras, one LiDAR, and high-precision ADMA-based localization, captured across day, dusk, and night. All sequences are annotated at 10 Hz with 3D bounding boxes and track IDs across 12 classes, yielding ~1.2 million annotated instances. Alongside the benefits of a digital twin, DrivIng enables a 1-to-1 transfer of real traffic into simulation, preserving agent interactions while enabling realistic and flexible scenario testing. To support reproducible research and robust validation, we benchmark DrivIng with state-of-the-art perception models and publicly release the dataset, digital twin, HD map, and codebase."
W7125532154,10.5281/zenodo.18351799,ROBUSTNESS AND SAFETY OF AI UNDER ADVERSARIAL ATTACKS,2026,Zenodo (CERN European Organization for Nuclear Research),0,Trajectory-related,Challenging the System Under Test,0.545,0.1567,0.6724,True,auto-discovered,"""corner case"" ""autonomous driving""","We have witnessed many striking and promising applications of artificial intelligence in recent years, ranging from the medical applications to autonomous driving systems. However, in many critical applications, it is crucial to assess whether a machine learning model can be deemed durable and trustworthy, as we strive to deploy them outside of virtual and controlled domains. Such an analysis should focus less on the model’s accuracy or the fact that it generally works and consider corner cases that could have disastrous consequences. One instance in which deep learning models, a particular type of AI has shown vulnerabilities pertains to what has been dubbed adversarial attacks. Such attacks take advantage of corner cases in order to derail its predictive behavior. Due to these limitations of deep learning models, there is a significant need for reliable and exacting techniques to assess the robustness of neural network models. One of the most active areas of research for addressing these issues is adversarial robustness, a field that deals with the dependability of a neural network when coping with deliberately altered inputs. Adversarial attacks pose significant threats to modern artificial intelligence (AI) systems by introducing subtle perturbations into input data that can drastically alter model predictions. These attacks have serious implications in safety-critical applications such as autonomous driving and healthcare, where reliability and robustness are essential. In addition to computer vision systems, adversarial vulnerabilities have been observed in natural language processing and speech recognition, further highlighting the broad scope of this issue."
W7162261688,10.65109/jcra2597,Guiding Neuro-Symbolic Scenario Generation with Spatio-Temporal Logic,2026,,0,Trajectory-related,Challenging the System Under Test,0.639,0.3476,0.6716,True,auto-discovered,"""edge case"" ""autonomous driving""","The rapid advancement of autonomous driving (AD) technologies has outpaced the development of robust safety evaluation methods. Conventional testing relies on exposing AD systems to vast numbers of real-world traffic scenes---a brute-force approach that is prohibitively expensive and statistically ineffective at capturing the rare, safety-critical edge cases essential for validating real-world robustness. To address this fundamental limitation, we introduce øurmethod, a scalable framework for the targeted generation of safety-critical driving scenarios. øurmethod\ synergistically combines a multi-agent trajectory-generation diffusion model (DM) with Spatio-Temporal Logic (STREL) specifications that encode complex safety and realism properties through a highly interpretable formalism. Crucially, monitoring satisfaction levels of these specifications is differentiable, enabling gradient-based search. At inference time, we optimize directly over the DM's latent space to maximize STREL formula satisfaction. The result is efficient generation of highly plausible yet safety-critical multi-agent scenarios that lie within the learned data distribution. øurmethod\ thus provides a flexible, interpretable, and powerful tool for stress-testing autonomous driving systems, moving beyond the limitations of brute-force data collection."
W7151473412,10.1145/3807455,Foundation Models for Autonomous Driving Systems: An Initial Roadmap,2026,ACM Transactions on Software Engineering and Methodology,0,Trajectory-related,Challenging the System Under Test,0.5731,0.2008,0.6713,True,auto-discovered,"""novelty detection"" ""automated driving""","Recent advances in foundation models (FMs), including large language models (LLMs), vision-language models (VLMs), and world models, have opened new opportunities for autonomous driving systems (ADSs) in perception, reasoning, decision-making, and interaction. However, ADSs are safety-critical cyber-physical systems, and integrating FMs into them raises substantial software engineering challenges in data curation, system design, deployment, evaluation, and assurance. To clarify this rapidly evolving landscape, we present an initial roadmap, grounded in a structured literature review, for integrating FMs into autonomous driving across three dimensions: FM infrastructure, in-vehicle integration, and practical deployment. For each dimension, we summarize the state of the art, identify key challenges, and highlight open research opportunities. Based on this analysis, we outline research directions for building reliable, safe, and trustworthy FM-enabled ADSs."
W7124846339,10.1109/mvt.2025.3648491,Learning From Failures: LLM-Guided Safety-Critical Scenario Recommendation for Self-Evolving Autonomous Driving,2026,IEEE Vehicular Technology Magazine,0,Trajectory-related,Challenging the System Under Test,0.6507,0.3419,0.6705,True,auto-discovered,"""safety-critical scenario"" ""autonomous driving""","Autonomous vehicles are expected to operate safely in complex environments, yet failures can still arise under rare and safety-critical conditions. Existing validation pipelines often rely on large-scale simulation and manual scenario design but lack the ability to semantically interpret failure events and respond with adaptive improvements. This article presents a self-evolving framework enhanced by AI capabilities, which leverages large language models (LLMs) to analyze failure cases, recommend semantically relevant test scenarios, and adapt affected modules through targeted few-shot learning. Structured execution logs are converted into semantic representations, which are used to retrieve safety-critical scenarios from a scenario bank. These scenarios enable reliable reproduction of failure behaviors and support few-shot adaptation of the affected module. A closed-loop evaluation confirms behavioral improvement while ensuring system stability. The framework has been extensively evaluated across a diverse set of driving tasks, consistently demonstrating enhanced robustness with minimal human supervision. By integrating semantic failure understanding, scenario-based testing, and data-efficient adaptation, this approach offers a scalable and generalizable solution for failure-aware improvement in safety-critical autonomous driving systems."
