bibkey,title,year,type,venue,doi,openalex_id,cited_by,abstract,concepts,oa_topics,class,subsection,class_score,offtopic_score,margin,relevant
ke2017cost,A Cost-Effective Framework for Automated Vehicle-Pedestrian Near-Miss Detection Through Onboard Monocular Vision,2017,misc,,,W2736402913,26,Onboard monocular cameras have been widely deployed in both public transit and personal vehicles. Obtaining vehicle-pedestrian near-miss event data from onboard monocular vision systems may be cost-effective compared with onboard multiple-sensor systems or traffic surveillance videos. But extracting near-misses from onboard monocular vision is challenging and little work has been published. This paper fills the gap by developing a framework to automatically detect vehicle-pedestrian near-misses through onboard monocular vision. The proposed framework can estimate depth and real-world motion information through monocular vision with a moving video background. The experimental results based on processing over 30-hours video data demonstrate the ability of the system to capture near-misses by comparison with the events logged by the Rosco/MobilEye Shield+ system which includes four cameras working cooperatively. The detection overlap rate reaches over 90% with the thresholds properly set.,Computer vision; Monocular vision; Monocular; Computer science; Artificial intelligence; Pedestrian; Event (particle physics); Machine vision; Pedestrian detection; Real-time computing,Video Surveillance and Tracking Methods; Autonomous Vehicle Technology and Safety; Advanced Neural Network Applications,Perception-related,Other Perception Methods,0.457,0.3228,0.1342,True
DeGelder2023Quantitative,A quantitative method to determine what collisions are reasonably foreseeable and preventable,2023,article,Safety Science,10.1016/j.ssci.2023.106233,W4385506450,7,,Computer science,Autonomous Vehicle Technology and Safety; Traffic and Road Safety; Traffic control and management,Trajectory-related,Probability Estimation,0.6348,0.2523,0.3825,True
DBLP:conf/rocks/GeblerHT12,Computing Behavioral Relations for Probabilistic Concurrent Systems,2012,inproceedings,"Stochastic Model Checking. Rigorous Dependability Analysis Using Model
Checking Techniques for Stochastic Systems - International Autumn
School, {ROCKS} 2012, Vahrn, Italy, October 22-26, 2012, Advanced
Lectures",10.1007/978-3-662-45489-3_5,W106195609,7,,Computer science; Probabilistic logic; Abstraction; Theoretical computer science,"Formal Methods in Verification; Logic, Reasoning, and Knowledge; Bayesian Modeling and Causal Inference",Trajectory-related,Probability Estimation,0.2915,0.1582,0.1333,True
Wang2021AReview,A review of surrogate safety measures and their applications in connected and automated vehicles safety modeling,2021,article,Accident Analysis {\&} Prevention,10.1016/j.aap.2021.106157,W3161651929,435,,Platoon; Crash; Computer science; Automation; Risk analysis (engineering); Systems engineering,Traffic control and management; Autonomous Vehicle Technology and Safety; Traffic and Road Safety,Trajectory-related,Surrogate Safety Metrics,0.7068,0.2895,0.4173,True
Brannstrom2008Situation,A situation and threat assessment algorithm for a rear-end collision avoidance system,2008,inproceedings,2008 IEEE Intelligent Vehicles Symposium,10.1109/ivs.2008.4621250,W2109086258,52,"Rear-end collisions are common accident scenarios and a frequent cause of these accidents is driver distraction. This paper presents a situation assessment (SA) algorithm that estimates driver distraction by continuously assessing the steering actions of the driver. A collision avoidance (CA) system is proposed, which combines the SA with a threat assessment (TA) algorithm that estimates the effort needed to avoid a collision. It is shown that the SA algorithm proposed enables the CA system to initiate earlier brake interventions when the driver is assessed as being distracted, without significantly increasing the risk of false interventions in real traffic. The CA system has been evaluated in both collision situations on a test track and during 200 driving hours in real traffic conditions.",Distraction; Collision avoidance; Collision; Computer science; Brake; Psychological intervention; Algorithm; Collision avoidance system; Simulation; Computer security; Engineering,Autonomous Vehicle Technology and Safety; Human-Automation Interaction and Safety; Traffic and Road Safety,Trajectory-related,Surrogate Safety Metrics,0.619,0.3223,0.2967,True
Morris2008A,A survey of vision-based trajectory learning and analysis for surveillance,2008,misc,IEEE Transactions on Circuits and Systems for Video Technology,10.1109/tcsvt.2008.927109,W2133235827,472,"This paper presents a survey of trajectory-based activity analysis for visual surveillance. It describes techniques that use trajectory data to define a general set of activities that are applicable to a wide range of scenes and environments. Events of interest are detected by building a generic topographical scene description from underlying motion structure as observed over time. The scene topology is automatically learned and is distinguished by points of interest and motion characterized by activity paths. The methods we review are intended for real-time surveillance through definition of a diverse set of events for further analysis triggering, including virtual fencing, speed profiling, behavior classification, anomaly detection, and object interaction.",Computer science; Trajectory; Anomaly detection; Computer vision; Artificial intelligence; Motion analysis; Profiling (computer programming); Set (abstract data type); Object detection; Data mining,Video Surveillance and Tracking Methods; Anomaly Detection Techniques and Applications; Human Pose and Action Recognition,Trajectory-related,Machine Learning (trajectory),0.5187,0.2747,0.244,True
Luettin2022ASurvey,A Survey on Knowledge Graph-based Methods for Automated Driving,2022,article,,,W4313041116,21,,Computer science; Categorization; Graph; Knowledge graph; Artificial intelligence; Machine learning; Data science,Advanced Graph Neural Networks; Data Quality and Management; Graph Theory and Algorithms,Knowledge-driven,Influencing Factors,0.6229,0.4044,0.2185,True
Arun2021Systematic,A Systematic Mapping Review of Surrogate Safety Assessment Using Traffic Conflict Techniques,2021,article,Accident Analysis {\&} Prevention,10.1016/j.aap.2021.106016,W3131573665,282,,Crash; Risk analysis (engineering); Poison control; Risk assessment; Occupational safety and health; Computer science; Transport engineering; Computer security; Engineering,Traffic and Road Safety; Occupational Health and Safety Research; Safety Warnings and Signage,Trajectory-related,Surrogate Safety Metrics,0.755,0.2531,0.5019,True
Li2021Theoretical,A Theoretical Foundation of Intelligence Testing and Its Application for Intelligent Vehicles,2021,article,IEEE Transactions on Intelligent Transportation Systems,10.1109/tits.2020.2991039,W3032950445,66,"Intelligent vehicle testing received quickly increasing attention due to the intermittent accidents of intelligent vehicle prototypes that occurred recently. In this paper, we investigate the theoretical underpinnings of such testing and establish a rigid analyzing framework for general intelligence testing problems by borrowing the ideas of Probably Approximately Correct (PAC) learning. Our focus is on the relationship between the number of sampled scenarios and the testing efficiency. We explain various existing algorithms within this new framework and clarify some misconceptions about the reasoning underpinning these methods. We show that intelligent vehicles are testable if the testing scenarios are well defined and appropriately sampled. Moreover, we propose a sampling strategy to generate new challenging scenarios to boost testing efficiency.",Underpinning; Focus (optics); Computer science; Intelligent transportation system; Artificial general intelligence; Artificial intelligence; Intelligent decision support system; Machine learning; Foundation (evidence),Machine Learning and Algorithms; Machine Learning and Data Classification; Adversarial Robustness in Machine Learning,Trajectory-related,Challenging the System Under Test,0.5797,0.3773,0.2025,True
Zhao2018Accelerated,Accelerated Evaluation of Automated Vehicles in Car-Following Maneuvers,2018,article,IEEE Transactions on Intelligent Transportation Systems,10.1109/tits.2017.2701846,W2511072509,246,"The safety of automated vehicles (AVs) must be assured before their release and deployment. The current approach to evaluation relies primarily on 1) testing AVs on public roads or 2) track testing with scenarios defined in a test matrix. These two methods have completely opposing drawbacks: the former, while offering realistic scenarios, takes too much time to execute and the latter, though it can be completed in a short amount of time, has no clear correlation to safety benefits in the real world. To avoid the aforementioned problems, we propose accelerated evaluation, focusing on the car-following scenario. The stochastic human-controlled vehicle (HV) motions are modeled based on 1.3 million miles of naturalistic driving data collected by the University of Michigan Safety Pilot Model Deployment Program. The statistics of the HV behaviors are then modified to generate more intense interactions between HVs and AVs to accelerate the evaluation procedure. The importance sampling theory was used to ensure that the safety benefits of AVs are accurately assessed under accelerated tests. Crash, injury and conflict rates for a simulated AV are simulated to demonstrate the proposed approach. Results show that test duration is reduced by a factor of 300 to 100 000 compared with the non-accelerated (naturalistic) evaluation. In other words, the proposed techniques have great potential for accelerating the AV evaluation process.",Software deployment; Crash; Computer science; Process (computing); Duration (music); Advanced driver assistance systems; Simulation; Engineering; Reliability engineering,Traffic and Road Safety; Autonomous Vehicle Technology and Safety; Traffic control and management,Trajectory-related,Novel Scenario Generation,0.6164,0.3575,0.259,True
Xu2018Accelerated,"Accelerated testing for automated vehicles safety evaluation in cut-in scenarios based on importance sampling, genetic algorithm and simulation applications",2018,article,Journal of Intelligent and Connected Vehicles,10.1108/jicv-01-2018-0002,W2885911069,33,"Purpose It would take billions of miles’ field road testing to demonstrate that the safety of automated vehicle is statistically significantly higher than the safety of human driving because that the accident of vehicle is rare event. Design/methodology/approach This paper proposes an accelerated testing method for automated vehicles safety evaluation based on improved importance sampling (IS) techniques. Taking the typical cut-in scenario as example, the proposed method extracts the critical variables of the scenario. Then, the distributions of critical variables are statistically fitted. The genetic algorithm is used to calculate the optimal IS parameters by solving an optimization problem. Considering the error of distribution fitting, the result is modified so that it can accurately reveal the safety benefits of automated vehicles in the real world. Findings Based on the naturalistic driving data in Shanghai, the proposed method is validated by simulation. The result shows that compared with the existing methods, the proposed method improves the test efficiency by 35 per cent, and the accuracy of accelerated test result is increased by 23 per cent. Originality/value This paper has three contributions. First, the genetic algorithm is used to calculate IS parameters, which improves the efficiency of test. Second, the result of test is modified by the error correction parameter, which improves the accuracy of test result. Third, typical high-risk cut-in scenarios in China are analyzed, and the proposed method is validated by simulation.",Genetic algorithm; Sampling (signal processing); Computer science; Algorithm; Reliability engineering; Data mining; Simulation,Probability and Risk Models; Automotive and Human Injury Biomechanics; Traffic and Road Safety,Trajectory-related,Novel Scenario Generation,0.5141,0.3181,0.196,True
Steve2023Advancing,Advancing investigation of automated vehicle crashes using text analytics of crash narratives and Bayesian analysis,2023,article,Accident Analysis {\&} Prevention,,W4312199925,41,,Crash; Poison control; Collision; Transport engineering; Engineering; Automation; Computer security; Computer science,Traffic and Road Safety; Autonomous Vehicle Technology and Safety; Human-Automation Interaction and Safety,Trajectory-related,Probability Estimation,0.4221,0.354,0.068,True
Koopman2023Anatomy,Anatomy of a Robotaxi Crash: Lessons from the Cruise Pedestrian Dragging Mishap,2023,techreport,,,W4402338905,9,,Cruise; Crash; Pedestrian; Computer science; Aeronautics; Computer graphics (images); Simulation,Automotive and Human Injury Biomechanics; Transportation Safety and Impact Analysis; Autonomous Vehicle Technology and Safety,Trajectory-related,Surrogate Safety Metrics,0.354,0.2933,0.0608,True
Chandola2009Anomaly,Anomaly detection: A survey,2009,article,ACM Comput. Surv.,10.1145/1541880.1541882,W2122646361,11048,"Anomaly detection is an important problem that has been researched within diverse research areas and application domains. Many anomaly detection techniques have been specifically developed for certain application domains, while others are more generic. This survey tries to provide a structured and comprehensive overview of the research on anomaly detection. We have grouped existing techniques into different categories based on the underlying approach adopted by each technique. For each category we have identified key assumptions, which are used by the techniques to differentiate between normal and anomalous behavior. When applying a given technique to a particular domain, these assumptions can be used as guidelines to assess the effectiveness of the technique in that domain. For each category, we provide a basic anomaly detection technique, and then show how the different existing techniques in that category are variants of the basic technique. This template provides an easier and more succinct understanding of the techniques belonging to each category. Further, for each category, we identify the advantages and disadvantages of the techniques in that category. We also provide a discussion on the computational complexity of the techniques since it is an important issue in real application domains. We hope that this survey will provide a better understanding of the different directions in which research has been done on this topic, and how techniques developed in one area can be applied in domains for which they were not intended to begin with.",Computer science; Anomaly detection; Domain (mathematical analysis); Key (lock); Anomaly (physics); Data mining; Data science; Artificial intelligence; Machine learning,Anomaly Detection Techniques and Applications; Network Security and Intrusion Detection; Data Stream Mining Techniques,Perception-related,Feature and Activation Extraction,0.3073,0.3988,-0.0915,False
DeGelder2017Assessment,Assessment of Automated Driving Systems using real-life scenarios,2017,inproceedings,"IEEE Intelligent Vehicles Symposium, Proceedings",10.1109/ivs.2017.7995782,W2739735772,107,"More and more Advanced Driver Assistance Systems (ADAS) are entering the market for improving both safety and comfort by assisting the driver with their driving task. An important aspect in developing future ADAS and Automated Driving Systems (ADS) is testing and validation. Validating the failure rate of an ADS requires so many operational hours that testing in real time is almost impossible. One way to reduce this test load is virtual testing or hardware in-the-loop testing. The major challenge is to create realistic test cases that closely resemble the situation on the road. We present a way to use data of naturalistic driving to generate test cases for Monte-Carlo simulations of ADS. Because real-life data is used, the assessment allows to draw conclusions on how the ADS would perform in real traffic. The method, developed in EU AdaptIVe, is demonstrated by testing an Adaptive Cruise Control (ACC) system in scenarios where the predecessor of the ego vehicle is braking. We show that the probability of the occurrence of unsafe situations with the ACC system can be accurately and efficiently determined.",Cruise control; Computer science; Advanced driver assistance systems; Task (project management); Scenario testing; Driving simulator; Simulation; Real-time computing; Reliability engineering; Control (management),Autonomous Vehicle Technology and Safety; Traffic control and management; Vehicular Ad Hoc Networks (VANETs),Trajectory-related,Novel Scenario Generation,0.6477,0.3918,0.2559,True
Althoff2018Automatic,Automatic Generation of Safety-Critical Test Scenarios for Collision Avoidance of Road Vehicles,2018,inproceedings,2018 IEEE Intelligent Vehicles Symposium (IV),10.1109/ivs.2018.8500374,W2891056855,135,"It is apparent that one cannot rely solely on physical test drives for ensuring the correct functionality of autonomous vehicles. Since physical test drives are costly and time consuming, it is advantageous to accompany them with computer simulations. However, since most traffic scenarios are not challenging, even simulations are often too time consuming. To address this issue, we present an approach that creates automatically critical driving situations, i.e., situations with a small solution space for avoiding a collision. Our approach combines reachability analysis for determining the size of the solution space with optimization techniques to shrink it. The solution space is reduced by shifting the initial states of traffic participants, demanding an immediate and correct action of the vehicle under test. We demonstrate our approach by automatically increasing the criticality of several initially uncritical situations recorded from real traffic.",Collision avoidance; Computer science; Reachability; Criticality; Space (punctuation); Action (physics); Collision; Test (biology); Simulation,Autonomous Vehicle Technology and Safety; Real-time simulation and control systems; Formal Methods in Verification,Trajectory-related,Challenging the System Under Test,0.6677,0.3434,0.3243,True
Asljung2016Comparing,Comparing Collision Threat Measures for Verification of Autonomous Vehicles using Extreme Value Theory,2016,article,IFAC-PapersOnLine,10.1016/j.ifacol.2016.07.709,W2509695072,22,"The verification of safety is expected to be one of the largest challenges in the commercialization of autonomous vehicles. Using traditional methods would require infeasible time and resources. Recent research has shown the possibility of using near-collisions in order to estimate the frequency of actual collisions using Extreme Value Theory. However, little research has been done on how the measure for determining the closeness to a collision affect the result of the estimation. This paper compares a collision-based measure against one that relates to an inevitable collision state. The result shows that using inevitable collision states is more robust and that more research needs to be made into measures of collision proximity.",Collision; Measure (data warehouse); Closeness; Commercialization; Computer science; Value (mathematics); Order (exchange); Simulation,Risk and Safety Analysis; Probabilistic and Robust Engineering Design; Autonomous Vehicle Technology and Safety,Trajectory-related,Surrogate Safety Metrics,0.5866,0.3844,0.2022,True
Sun2021Corner,Corner case generation and analysis for safety assessment of autonomous vehicles,2021,article,Transportation research record,,W3179903080,47,"Testing and evaluation is a crucial step in the development and deployment of connected and automated vehicles (CAVs). To comprehensively evaluate the performance of CAVs, it is necessary to test the CAVs in safety-critical scenarios, which rarely happen in a naturalistic driving environment. Therefore, how to purposely and systematically generate these corner cases becomes an important problem. Most existing studies focus on generating adversarial examples for perception systems of CAVs, whereas limited efforts have been put into decision-making systems, which is the highlight of this paper. As the CAVs need to interact with numerous background vehicles (BVs) for a long duration, variables that define the corner cases are usually high-dimensional, which makes the generation a challenging problem. In this paper, a unified framework is proposed to generate corner cases for decision-making systems. To address the challenge brought by high dimensionality, the driving environment is formulated based on the Markov decision process, and the deep reinforcement learning techniques are applied to learn the behavior policy of BVs. With the learned policy, BVs behave and interact with the CAVs more aggressively, resulting in more corner cases. To further analyze the generated corner cases, the techniques of feature extraction and clustering are utilized. By selecting representative cases of each cluster and outliers, the valuable corner cases can be identified from all generated corner cases. Simulation results of a highway driving environment show that the proposed methods can effectively generate and identify the valuable corner cases.",Computer science; Markov decision process; Software deployment; Cluster analysis; Artificial intelligence; Outlier; Process (computing); Reinforcement learning; Feature (linguistics); Focus (optics); Machine learning,Autonomous Vehicle Technology and Safety; Adversarial Robustness in Machine Learning; Traffic and Road Safety,Trajectory-related,Challenging the System Under Test,0.66,0.4284,0.2316,True
Imprialou2019Crash,Crash data quality for road safety research: Current state and future directions,2019,article,Accident Analysis {\&} Prevention,,W2593201274,191,,Crash; Data quality; Correctness; Poison control; Identification (biology); Quality (philosophy); Data collection; Data science; Transport engineering; Computer science; Human factors and ergonomics; Engineering; Risk analysis (engineering); Computer security,Traffic and Road Safety; Injury Epidemiology and Prevention; Traffic Prediction and Management Techniques,Trajectory-related,Surrogate Safety Metrics,0.4851,0.2678,0.2174,True
Koopman2019Credible,Credible Autonomy Safety Argumentation,2019,inproceedings,,,W7125637341,0,"A significant challenge to deploying mission- and safety-critical autonomous systems is the difficulty of creating a credible assurance argument. This paper collects lessons learned from having observed both credible and faulty assurance argumentation attempts, with a primary emphasis on autonomous ground vehicle safety cases. Various common argumentation approaches are described, including conformance to a non-autonomy safety standard, proven in use, field testing, simulation, and formal verification. Of particular note are argumentation faults and anti-patterns that have shown up in numerous safety cases that we have encountered. These observations can help both designers and auditors detect common mistakes in safety argumentation for autonomous systems",Argumentation theory; Audit; Autonomy; Computer science; Field (mathematics); Risk analysis (engineering); Engineering ethics; Computer security; Safety assurance; Common ground; Safety case,Safety Systems Engineering in Autonomy; Formal Methods in Verification; Autonomous Vehicle Technology and Safety,Trajectory-related,Challenging the System Under Test,0.5947,0.2799,0.3148,True
Szalay2023Critical,Critical Scenario Identification Concept: The Role of the Scenario-in-the-Loop Approach in Future Automotive Testing,2023,article,IEEE Access,10.1109/access.2023.3298875,W4385236720,7,"Innovative testing and validation methods are prerequisites concerning Connected, Cooperative, and Automated Mobility (CCAM) as the high number of cooperating participants and concurrent processes critically increase the probability of adverse safety and security incidents. The proposed new approaches deal with this increasing complexity of not currently having generally accepted validation mechanisms. The paper introduces a novel, mathematical model based, scenario identification methodology, facilitating the selection of critical road vehicle traffic scenarios, taking into account different testing objectives, such as maximizing the safety risk of the analyzed system. The presented results verify that applying specific decision models and quantifiable indicators related to the system elements of highly automated mobility systems can significantly contribute to the systematic identification of unsafe corner cases in connected and cooperative autonomous systems.",Computer science; Identification (biology); Automotive industry; Risk analysis (engineering); Reliability engineering; Systems engineering,Autonomous Vehicle Technology and Safety; Vehicular Ad Hoc Networks (VANETs); Traffic control and management,Trajectory-related,Novel Scenario Generation,0.6203,0.3689,0.2514,True
Neurohr2021Criticality,Criticality Analysis for the Verification and Validation of Automated Vehicles,2021,article,IEEE Access,10.1109/access.2021.3053159,W3124527002,123,"The process of verification and validation of automated vehicles poses a multi-faceted challenge with far-reaching societal, economical and ethical consequences. In particular, fully automated vehicles at SAE Level 4 and 5 will be expected to operate safely in an arbitrarily complex, infinite-dimensional domain called open context. In order to give structure to the open context, we propose a methodical criticality analysis that maps an infinite-dimensional domain onto a finite and manageable set of artifacts that capture and explain the emergence of critical situations for automated vehicles. We propose a combined approach of expert-based and data-driven methods to identify relevant phenomena and explain the underlying causalities. Leveraging on abstraction, we define a clearly laid out process that converges towards a manageable set of artifacts based on two assumptions on the nature of traffic. A criticality analysis precedes the design phase of an automated vehicle and is therefore located outside the V-model. As the open context is analyzed independently of a concrete realization, it is relevant for any automated vehicle operating within that domain. Therefore, its results can subsequently be used to derive safety principles and mitigation mechanisms for automated driving and to set up a coherent safety argument for the homologation process.",Computer science; Criticality,Autonomous Vehicle Technology and Safety; Real-time simulation and control systems; Safety Systems Engineering in Autonomy,Trajectory-related,Challenging the System Under Test,0.6391,0.3929,0.2462,True
Westhofen2023Criticality,Criticality Metrics for Automated Driving: A Review and Suitability Analysis of the State of the Art,2023,misc,Archives of Computational Methods in Engineering,10.1007/s11831-022-09788-7,W3190994148,130,"Abstract The large-scale deployment of automated vehicles on public roads has the potential to vastly change the transportation modalities of today’s society. Although this pursuit has been initiated decades ago, there still exist open challenges in reliably ensuring that such vehicles operate safely in open contexts. While functional safety is a well-established concept, the question of measuring the behavioral safety of a vehicle remains subject to research. One way to both objectively and computationally analyze traffic conflicts is the development and utilization of so-called criticality metrics. Contemporary approaches have leveraged the potential of criticality metrics in various applications related to automated driving, e.g. for computationally assessing the dynamic risk or filtering large data sets to build scenario catalogs. As a prerequisite to systematically choose adequate criticality metrics for such applications, we extensively review the state of the art of criticality metrics, their properties, and their applications in the context of automated driving. Based on this review, we propose a suitability analysis as a methodical tool to be used by practitioners. Both the proposed method and the state of the art review can then be harnessed to select well-suited measurement tools that cover an application’s requirements, as demonstrated by an exemplary execution of the analysis. Ultimately, efficient, valid, and reliable measurements of an automated vehicle’s safety performance are a key requirement for demonstrating its trustworthiness.","Criticality; Computer science; Failure mode, effects, and criticality analysis; Software deployment; Context (archaeology); Key (lock); Risk analysis (engineering); Data science; Systems engineering; Software engineering",Autonomous Vehicle Technology and Safety; Safety Systems Engineering in Autonomy; Software Reliability and Analysis Research,Trajectory-related,Surrogate Safety Metrics,0.616,0.3985,0.2175,True
Muslim2023CutOut,Cut-Out Scenario Generation With Reasonability Foreseeable Parameter Range From Real Highway Dataset for Autonomous Vehicle Assessment,2023,article,IEEE Access,10.1109/access.2023.3268703,W4366503832,25,"This study aims to generate test cases for scenario-based assessment of automated driving systems (ADS) when encountering a cut-out maneuver where the lead vehicle having changed lanes, revealing a new lead vehicle that, in some cases, is slower than the original lead (the cutting-out) vehicle. We extracted the cut-out scenarios from an established real-world traffic dataset recorded by instrumented vehicles on Japanese highways and then defined using vehicle kinematic parameters (velocities and distances). The extracted scenarios were analyzed based on the direct correlation between every two consecutive vehicles: a rear part that describes the correlation between the following vehicle and the cutting-out vehicles; and a frontal part that describes the correlation between the cutting-out vehicle and the preceding vehicle. Parameter ranges were quantified with a regression model and determined based on the risk acceptance threshold applied in the field of Japanese high-speed trains and annual exposure by professional highway drivers to produce a scenario space with a reasonably foreseeable range in which ADS may not produce crashes lest it performs worse than human drivers. A multi-dimensional distribution analytical approach was used to derive a correlation between the following vehicle and the preceding vehicle considering the initial longitudinal velocities. Results suggest that there should be no risk of a collision between the following vehicle and the preceding vehicle when the time headway between the following vehicle and the cutting-out vehicle is equal to or more than 2 s. These findings can help to understand normative driver behavior during cut-out scenarios and to generate accident-free scenario space for which ADS must perform flawlessly.",Range (aeronautics); Computer science; Vehicle dynamics; Headway; Kinematics; Collision; Simulation; Train; Truck; Automotive engineering,Autonomous Vehicle Technology and Safety; Traffic and Road Safety; Human-Automation Interaction and Safety,Trajectory-related,Novel Scenario Generation,0.587,0.4087,0.1783,True
Pang2021Deep,Deep Learning for Anomaly Detection: A Review,2021,article,ACM Computing Surveys,10.1145/3439950,W3040266635,2430,"Anomaly detection, a.k.a. outlier detection or novelty detection, has been a lasting yet active research area in various research communities for several decades. There are still some unique problem complexities and challenges that require advanced approaches. In recent years, deep learning enabled anomaly detection, i.e., deep anomaly detection , has emerged as a critical direction. This article surveys the research of deep anomaly detection with a comprehensive taxonomy, covering advancements in 3 high-level categories and 11 fine-grained categories of the methods. We review their key intuitions, objective functions, underlying assumptions, advantages, and disadvantages and discuss how they address the aforementioned challenges. We further discuss a set of possible future opportunities and new perspectives on addressing the challenges.",Anomaly detection; Deep learning; Computer science; Artificial intelligence; Key (lock); Set (abstract data type); Novelty; Novelty detection; Anomaly (physics); Outlier; Data science; Machine learning; Open research,Anomaly Detection Techniques and Applications; Machine Learning and Data Classification; Network Security and Intrusion Detection,Perception-related,Feature and Activation Extraction,0.5498,0.2986,0.2512,True
Tian2018DeepTest,Deeptest: Automated testing of deep-neural-network-driven autonomous cars,2018,inproceedings,Proceedings of the 40th international conference on software engineering,,W2753704268,221,"Recent advances in Deep Neural Networks (DNNs) have led to the development of DNN-driven autonomous cars that, using sensors like camera, LiDAR, etc., can drive without any human intervention. Most major manufacturers including Tesla, GM, Ford, BMW, and Waymo/Google are working on building and testing different types of autonomous vehicles. The lawmakers of several US states including California, Texas, and New York have passed new legislation to fast-track the process of testing and deployment of autonomous vehicles on their roads. However, despite their spectacular progress, DNNs, just like traditional software, often demonstrate incorrect or unexpected corner case behaviors that can lead to potentially fatal collisions. Several such real-world accidents involving autonomous cars have already happened including one which resulted in a fatality. Most existing testing techniques for DNN-driven vehicles are heavily dependent on the manual collection of test data under different driving conditions which become prohibitively expensive as the number of test conditions increases. In this paper, we design, implement and evaluate DeepTest, a systematic testing tool for automatically detecting erroneous behaviors of DNN-driven vehicles that can potentially lead to fatal crashes. First, our tool is designed to automatically generated test cases leveraging real-world changes in driving conditions like rain, fog, lighting conditions, etc. DeepTest systematically explores different parts of the DNN logic by generating test inputs that maximize the numbers of activated neurons. DeepTest found thousands of erroneous behaviors under different realistic driving conditions (e.g., blurring, rain, fog, etc.) many of which lead to potentially fatal crashes in three top performing DNNs in the Udacity self-driving car challenge.",Computer science; Software deployment; Artificial neural network; Deep neural networks; Automotive industry; Process (computing); Software; Artificial intelligence; Real-time computing; Embedded system,Adversarial Robustness in Machine Learning; Advanced Neural Network Applications; Software Testing and Debugging Techniques,Trajectory-related,Challenging the System Under Test,0.5615,0.3622,0.1993,True
Markkula2020Defining,Defining interactions: a conceptual framework for understanding interactive behaviour in human and automated road traffic,2020,article,Theoretical Issues in Ergonomics Science,10.1080/1463922x.2020.1736686,W3011630888,219,"Rapid advances in technology for highly automated vehicles (HAVs) have raised concerns about coexistence of HAVs and human road users. Although there is a long tradition of research into human road user interactions, there is a lack of shared models and terminology to support cross-disciplinary research and development towards safe and acceptable interaction-capable HAVs. Here, we review the main themes and findings in previous theoretical and empirical interaction research, and find large variability in perspectives and terminologies. We unify these perspectives in a structured, cross-theoretical conceptual framework, describing what road traffic interactions are, how they arise, and how they get resolved. Two key contributions are: (1) a stringent definition of “interaction”, as “a situation where the behaviour of at least two road users can be interpreted as being influenced by the possibility that they are both intending to occupy the same region of space at the same time in the near future”, and (2) a taxonomy of the types of behaviours that road users exhibit in interactions. We hope that this conceptual framework will be useful in the development of improved empirical methodology, theoretical models, and technical requirements on vehicle automation.",Human–computer interaction; Computer science; Transport engineering; Conceptual framework; Psychology; Engineering; Cognitive science,Human-Automation Interaction and Safety; Social Robot Interaction and HRI; Transportation and Mobility Innovations,Trajectory-related,Novel Scenario Generation,0.5103,0.4022,0.1082,True
Nakamura2022Defining,Defining Reasonably Foreseeable Parameter Ranges Using Real-World Traffic Data for Scenario-Based Safety Assessment of Automated Vehicles,2022,article,IEEE Access,10.1109/access.2022.3162601,W4225524751,33,"Verification and validation of automated driving systems’ safety are some of the biggest challenges for the introduction of automated vehicles into the market. Scenario-based safety assessment is an efficient and repeatable method to test the systems’ safety before their deployment in the real world. However, even with limited traffic situations identified as critical to the system behavior, there is still an open range of parameters to describe each situation. Thus, defining specific parameter ranges is crucial to realize the scenario-based safety assessment approach. This study proposes a method to parameterize scenarios extracted from real-world traffic data, analyze their distribution and correlation, and incorporate them into the definition of reasonably foreseeable parameter ranges through the contextualization of resulting ranges with reasonable risk acceptance thresholds from different fields and international environments. Representative values can be selected from these specific parameter ranges to extract specific concrete scenarios applicable for the systems safety assessment. The applicability of the proposed method is demonstrated using parameter ranges obtained to define two sets of 960 cut-in and 6,442 deceleration scenarios extracted from a new set of traffic data collected from Japanese highways under the SAKURA initiative. The outcomes will enable comparisons with traffic data from other countries and inform automated driving system developers, standardization bodies, and policymakers to develop automated vehicle safety assessments applicable internationally.",Computer science; Software deployment; Standardization; Range (aeronautics); Set (abstract data type); Data mining; Reliability engineering,Autonomous Vehicle Technology and Safety; Traffic and Road Safety; Traffic control and management,Trajectory-related,Novel Scenario Generation,0.6583,0.3162,0.3421,True
Bogdoll2021Description,Description of Corner Cases in Automated Driving: Goals and Challenges,2021,inproceedings,,,W3201551811,2,"Scaling the distribution of automated vehicles requires handling various unexpected and possibly dangerous situations, termed corner cases (CC). Since many modules of automated driving systems are based on machine learning (ML), CC are an essential part of the data for their development. However, there is only a limited amount of CC data in large-scale data collections, which makes them challenging in the context of ML. With a better understanding of CC, offline applications, e.g., dataset analysis, and online methods, e.g., improved performance of automated driving systems, can be improved. While there are knowledge-based descriptions and taxonomies for CC, there is little research on machine-interpretable descriptions. In this extended abstract, we will give a brief overview of the challenges and goals of such a description.",Computer science; Context (archaeology); Data science; Scale (ratio); Artificial intelligence; Machine learning; Data mining,Autonomous Vehicle Technology and Safety; Data Management and Algorithms; Traffic Prediction and Management Techniques,Trajectory-related,Machine Learning (trajectory),0.5691,0.598,-0.029,False
karunakaran2020efficient,Efficient statistical validation with edge cases to evaluate Highly Automated Vehicles,2020,inproceedings,IEEE 23rd International Conference on Intelligent Transportation Systems (ITSC),10.1109/itsc45102.2020.9294590,W3009270788,2,"The widescale deployment of Autonomous Vehicles (AV) seems to be imminent despite many safety challenges that are yet to be resolved. It is well known that there are no universally agreed Verification and Validation (VV) methodologies to guarantee absolute safety, which is crucial for the acceptance of this technology. Existing standards focus on deterministic processes where the validation requires only a set of test cases that cover the requirements. Modern autonomous vehicles will undoubtedly include machine learning and probabilistic techniques that require a much more comprehensive testing regime due to the non-deterministic nature of the operating design domain. A rigourous statistical validation process is an essential component required to address this challenge. Most research in this area focuses on evaluating system performance in large scale real-world data gathering exercises (number of miles travelled), or randomised test scenarios in simulation. This paper presents a new approach to compute the statistical characteristics of a system's behaviour by biasing automatically generated test cases towards the worst case scenarios, identifying potential unsafe edge cases. We use reinforcement learning (RL) to learn the behaviours of simulated actors that cause unsafe behaviour measured by the well established RSS safety metric. We demonstrate that by using the method we can more efficiently validate a system using a smaller number of test cases by focusing the simulation towards the worst case scenario, generating edge cases that correspond to unsafe situations.",Computer science; Metric (unit); Enhanced Data Rates for GSM Evolution; Process (computing); Software deployment; Probabilistic logic; Reinforcement learning; Set (abstract data type); Domain (mathematical analysis); Component (thermodynamics); Cover (algebra); Machine learning; Reliability engineering; Data mining; Artificial intelligence,Autonomous Vehicle Technology and Safety; Software Reliability and Analysis Research; Safety Systems Engineering in Autonomy,Trajectory-related,Challenging the System Under Test,0.6525,0.3862,0.2663,True
Ryan2021EndtoEnd,End-to-End Autonomous Driving Risk Analysis: A Behavioural Anomaly Detection Approach,2021,article,IEEE Transactions on Intelligent Transportation Systems,10.1109/tits.2020.2975043,W3047056580,67,"Autonomous vehicles (AV) have advanced considerably over the past decade and their potential to reduce road accidents is without equal. That said, the evolution towards fully automated driving will be accompanied by new and unfamiliar risks. The deployment of AVs hinges on the premise that they are considerably safer than human drivers. However, the ability of manufacturers, insurers and regulators to quantifiably demonstrate this risk reduction, relative to humans, presents a major barrier. Based on accident rates, it will likely take hundreds of millions of autonomous miles to derive statistically meaningful results. This paper addresses this issue and proposes a novel means of quantifying AV accident risks by benchmarking against a more familiar and quantifiable risk - Human Behaviour. This method is used to proactively quantify AV safety relative to human drivers. Currently, anomalous driving behaviour stems from human susceptibilities such as fatigue or aggression. We exploit this observation and explore AV driving behaviour where driving anomalies are symptoms of technology errors. The comparative behaviours of AV and safe human driving can be used to measure AV accident risk. An end-to-end model AV is simulated using Convolutional Neural Networks (CNN) to compare human and AV driving behaviours. Using a machine learning technique called Gaussian Processes (GP), contextual driving anomalies are detected, the frequency and severity of which are used to derive a risk score. This paper offers a starting point for addressing the challenges surrounding AV risk modelling.",SAFER; Computer science; Benchmarking; Risk analysis (engineering); Anomaly detection; Artificial intelligence; Machine learning,Autonomous Vehicle Technology and Safety; Traffic and Road Safety; Human-Automation Interaction and Safety,Trajectory-related,Challenging the System Under Test,0.5636,0.4328,0.1308,True
Tarko2018Estimating,Estimating the expected number of crashes with traffic conflicts and the Lomax Distribution – A theoretical and numerical exploration,2018,article,Accident Analysis {\&} Prevention,10.1016/j.aap.2018.01.008,W2793777246,116,,Crash; Moment (physics); Monte Carlo method; Probability distribution; Benchmark (surveying); Computer science; Poison control; Statistics; Mathematical optimization; Mathematics,Traffic and Road Safety; Statistical Distribution Estimation and Applications; Advanced Statistical Methods and Models,Trajectory-related,Surrogate Safety Metrics,0.5557,0.2637,0.292,True
Zhang2022Finding,Finding Critical Scenarios for Automated Driving Systems: A Systematic Mapping Study,2022,article,IEEE Transactions on Software Engineering,10.1109/tse.2022.3170122,W4225349279,146,"Scenario-based approaches have been receiving a huge amount of attention in research and engineering of automated driving systems. Due to the complexity and uncertainty of the driving environment, and the complexity of the driving task itself, the number of possible driving scenarios that an Automated Driving System or Advanced Driving-Assistance System may encounter is virtually infinite. Therefore it is essential to be able to reason about the identification of scenarios and in particular critical ones that may impose unacceptable risk if not considered. Critical scenarios are particularly important to support design, verification and validation efforts, and as a basis for a safety case. In this paper, we present the results of a systematic mapping study in the context of autonomous driving. The main contributions are: (i) introducing a comprehensive taxonomy for critical scenario identification methods; (ii) giving an overview of the state-of-the-art research based on the taxonomy encompassing 86 papers between 2017 and 2020; and (iii) identifying open issues and directions for further research. The provided taxonomy comprises three main perspectives encompassing the problem definition (the why), the solution (the methods to derive scenarios), and the assessment of the established scenarios. In addition, we discuss open research issues considering the perspectives of coverage, practicability, and scenario space explosion.",Computer science; Identification (biology); Taxonomy (biology); Context (archaeology); Task (project management); Open research; Risk analysis (engineering); Data science; Systems engineering; Management science,Autonomous Vehicle Technology and Safety; Human-Automation Interaction and Safety; Traffic control and management,Trajectory-related,Novel Scenario Generation,0.7318,0.4244,0.3073,True
Abeysirigoonawardena2019Generating,Generating Adversarial Driving Scenarios in High-Fidelity Simulators,2019,inproceedings,2019 International Conference on Robotics and Automation (ICRA),10.1109/icra.2019.8793740,W2968176166,124,"In recent years self-driving vehicles have become more commonplace on public roads, with the promise of bringing safety and efficiency to modern transportation systems. Increasing the reliability of these vehicles on the road requires an extensive suite of software tests, ideally performed on high-fidelity simulators, where multiple vehicles and pedestrians interact with the self-driving vehicle. It is therefore of critical importance to ensure that self-driving software is assessed against a wide range of challenging simulated driving scenarios. The state of the art in driving scenario generation, as adopted by some of the front-runners of the self-driving car industry, still relies on human input [1]. In this paper we propose to automate the process using Bayesian optimization to generate adversarial self-driving scenarios that expose poorly-engineered or poorly-trained self-driving policies, and increase the risk of collision with simulated pedestrians and vehicles. We show that by incorporating the generated scenarios into the training set of the self-driving policy, and by fine-tuning the policy using vision-based imitation learning we obtain safer self-driving behavior.",Self driving; Computer science; SAFER; Reinforcement learning; Process (computing); Advanced driver assistance systems; Collision avoidance; Software; High fidelity; Simulation; Human–computer interaction; Collision; Artificial intelligence,Autonomous Vehicle Technology and Safety; Gaussian Processes and Bayesian Inference; Adversarial Robustness in Machine Learning,Trajectory-related,Challenging the System Under Test,0.681,0.4296,0.2514,True
Bucsuhazy2020Human,Human factors contributing to the road traffic accident occurrence,2020,inproceedings,Transportation Research Procedia,10.1016/j.trpro.2020.03.057,W3012383032,272,"Analysis of accident causation does not allow to clearly determine the influence of one specific cause. Traffic accident has been a result of many interacting factors. Most of accident causes classification systems have been focused on the errors and actions of the participant that immediately led to the conflict (eg. not giving a way). The actual reasons why the driver failure occurred are not taken into account. The aim of this study has been the analysis of human behavior or condition which can lead to the accident or influenced the accident causation. For the purpose of this study, the most often factors contributing to the traffic accidents occurrence of selected risk groups has been analyzed - eg. young drivers, seniors, risky drivers. For the data analysis, data from the research project Czech In-depth Accident Study (CzIDAS) has been used. The in-depth accident investigation teams document all relevant information on the traffic environment, vehicles, and human factors, at the scene immediately after the occurrence of a traffic accident. The investigation includes an individual interview by a psychologist with traffic accident participants, focused on all relevant information related to causes, actual mental and physical condition of a participant, driving habits and practice, and basic and sociodemographic information about the participant.",Causation; Accident (philosophy); Traffic accident; Road traffic accident; Human error; Human factors and ergonomics; Poison control; Near miss; Accident analysis; Accident-proneness; Psychology; Applied psychology; Injury prevention; Road accident; Transport engineering; Forensic engineering; Engineering,Traffic and Road Safety; Urban Transport and Accessibility; Human-Automation Interaction and Safety,Trajectory-related,Surrogate Safety Metrics,0.4735,0.235,0.2385,True
Kramer2020Identification,Identification and Quantification of Hazardous Scenarios for Automated Driving,2020,techreport,,,W3083765321,73,,Computer science; Hazardous waste; Identification (biology); Automotive industry; Hazard analysis; Domain (mathematical analysis); Function (biology); Systems engineering; Hazard; Functional safety; Risk analysis (engineering),Safety Systems Engineering in Autonomy; Adversarial Robustness in Machine Learning; Risk and Safety Analysis,Trajectory-related,Novel Scenario Generation,0.615,0.4915,0.1234,True
Ponn2020Identification,Identification of Challenging Highway-Scenarios for the Safety Validation of Automated Vehicles Based on Real Driving Data,2020,inproceedings,2020 Fifteenth International Conference on Ecological Vehicles and Renewable Energies (EVER),10.1109/ever48776.2020.9242539,W3081230136,2,"For a successful market launch of automated vehicles (AVs), proof of their safety is essential. Due to the open parameter space, an infinite number of traffic situations can occur, which makes the proof of safety an unsolved problem. With the so-called scenario-based approach, all relevant test scenarios must be identified. This paper introduces an approach that finds particularly challenging scenarios from real driving data (RDD) and assesses their difficulty using a novel metric. Starting from the highD data, scenarios are extracted using a hierarchical clustering approach and then assigned to one of nine pre-defined functional scenarios using rule-based classification. The special feature of the subsequent evaluation of the concrete scenarios is that it is independent of the performance of the test vehicle and therefore valid for all AVs. Previous evaluation metrics are often based on the criticality of the scenario, which is, however, dependent on the behavior of the test vehicle and is therefore only conditionally suitable for finding ""good"" test cases in advance. The results show that with this new approach a reduced number of particularly challenging test scenarios can be derived.",Identification (biology); Computer science; Cluster analysis; Scenario testing; Metric (unit); Data mining; Test data; Criticality; Test case; Test (biology); Feature (linguistics); Machine learning,Autonomous Vehicle Technology and Safety; Traffic control and management,Trajectory-related,Novel Scenario Generation,0.6682,0.4237,0.2446,True
Zhang2021Lancet,Lancet: Labeling complex data at scale,2021,inproceedings,Proceedings of the VLDB Endowment,10.14778/3476249.3476269,W3198843179,9,"Cutting-edge machine learning techniques often require millions of labeled data objects to train a robust model. Because relying on humans to supply such a huge number of labels is rarely practical, automated methods for label generation are needed. Unfortunately, critical challenges in auto-labeling remain unsolved, including the following research questions: (1) which objects to ask humans to label, (2) how to automatically propagate labels to other objects, and (3) when to stop labeling. These three questions are not only each challenging in their own right, but they also correspond to tightly interdependent problems. Yet existing techniques provide at best isolated solutions to a subset of these challenges. In this work, we propose the first approach, called LANCET, that successfully addresses all three challenges in an integrated framework. LANCET is based on a theoretical foundation characterizing the properties that the labeled dataset must satisfy to train an effective prediction model, namely the Covariate-shift and the Continuity conditions. First, guided by the Covariate-shift condition, LANCET maps raw input data into a semantic feature space, where an unlabeled object is expected to share the same label with its near-by labeled neighbor. Next, guided by the Continuity condition, LANCET selects objects for labeling, aiming to ensure that unlabeled objects always have some sufficiently close labeled neighbors. These two strategies jointly maximize the accuracy of the automatically produced labels and the prediction accuracy of the machine learning models trained on these labels. Lastly, LANCET uses a distribution matching network to verify whether both the Covariate-shift and Continuity conditions hold, in which case it would be safe to terminate the labeling process. Our experiments on diverse public data sets demonstrate that LANCET consistently outperforms the state-of-the-art methods from Snuba to GOGGLES and other baselines by a large margin - up to 30 percentage points increase in accuracy.",Computer science; Artificial intelligence; Matching (statistics); Object (grammar); Feature (linguistics); Machine learning; Covariate; Raw data; Data mining; Pattern recognition (psychology),Domain Adaptation and Few-Shot Learning; Machine Learning and Data Classification; Machine Learning and Algorithms,Perception-related,Foundation Model and Adaptive Learning,0.3979,0.3086,0.0893,True
Babisch2023Leveraging,Leveraging the GIDAS Database for the Criticality Analysis of Automated Driving Systems,2023,article,Journal of Advanced Transportation,10.1155/2023/1349269,W4375858314,18,"A safe introduction of automated driving systems on urban roads requires a thorough understanding of the traffic conflicts and accidents. This understanding is paramount to constructively safeguard these systems, i.e., to design a system that exhibits an adequate performance even in critical situations. In this work, we present an approach to gather knowledge by analyzing the German In-Depth Accident Study (GIDAS) database, which is representative of all German traffic accidents, along with the influencing factors that are hypothesized to be associated with increased criticality in relation to automated driving. In order to gain an insight into the risk associated with these factors in real-world accidents, we determine their presence in the database’s accident cases within a selected operational domain, enabled by translation from a natural language description to the database scheme employed by GIDAS. This initial catalog as well as the subsequent statistical considerations is motivated by analyzing the criticality for automated driving systems in urban areas. Based on this catalog, our work delineates a method for quantification of risk associated with such influencing factors in a given operational domain based on real-world accident data. This quantification can subsequently be used in decompositional, scenario-based risk assessment before system design and for the embedding safety argumentation. This paper, therefore, provides a blueprint of how the matured field of traffic accident research studies and its results, in particular accident databases, can be leveraged for risk assessment of the operational domain of automated driving systems.","Computer science; Domain (mathematical analysis); Relation (database); Database; Criticality; Failure mode, effects, and criticality analysis; Risk analysis (engineering); Field (mathematics); Computer security",Autonomous Vehicle Technology and Safety; Traffic and Road Safety; Human-Automation Interaction and Safety,Trajectory-related,Probability Estimation,0.5667,0.3585,0.2082,True
Yu2020Method,Method for Quantitative Evaluation of Traffic Complexity on the Highway,2020,techreport,,,W3082123856,1,"As a traditional industry, the automobile industry nowadays is facing a lot of new challenges, which appear with the development of telecommunication technology, global climate change, change of consumers’ demand and attitudes, etc. New development trends caused by the influence of these factors are summarized with an acronym ‘C.A.S.E.’, indicating Connectivity, Autonomous, Sharing and Electrification. Among them the trend Autonomous Driving has earned the most attraction. Before a vehicle with automated functions can be launched in the market, large number of tests need to be executed to ensure the performance of these functions in the real-world traffic. There are several principles to generate scenarios for testing, for instance, based on comprehension and based on real-world traffic data. The metric developed in this work is based on the real-world data. However, since the scenarios from real-world traffic can be countless, it is necessary to find out the most representative test cases to make the testing process more effective, efficient and affordable. This work develops a method, which evaluates the traffic situation for automated vehicles on the highway quantitatively and the quantified result will be used as a measurement for degree of complexity of the scenario from the perspective of ego-vehicle. The larger the result is, the more complex is the evaluated scenario. Thus, scenarios with high degrees of complexity can be extracted and used as test scenarios.",Process (computing); Computer science; Electrification; Work (physics); Acronym; Transport engineering; Metric (unit); Automotive industry; Operations research,Traffic control and management; Autonomous Vehicle Technology and Safety; Traffic Prediction and Management Techniques,Trajectory-related,Novel Scenario Generation,0.5296,0.3965,0.1331,True
Ding2020MIT,MIT DriveSeg (Semi-auto) Dataset: Large-scale Semi-automated Annotation of Semantic Driving Scenes,2020,techreport,,,,,,,,Trajectory-related,Novel Scenario Generation,0.4375,0.3439,0.0937,True
Zheng2021Modeling,Modeling traffic conflicts for use in road safety analysis: A review of analytic methods and future directions,2021,article,Analytic Methods in Accident Research,10.1016/j.amar.2020.100142,W3097420321,322,,Crash; Popularity; Transport engineering; Traffic conflict; Poison control; Risk analysis (engineering); Human factors and ergonomics; Road traffic; Computer science; Engineering; Computer security,Traffic and Road Safety; Traffic control and management; Urban Transport and Accessibility,Trajectory-related,Surrogate Safety Metrics,0.6522,0.2661,0.3862,True
Hayward1972NearMiss,Near Miss Determination Through Use of a Scale of Danger,1972,techreport,,,W2240306106,712,"NEAR-MISS TRAFFIC EVENTS HAVE BEEN CONSIDERED BUT NOT ADOPTED AS A TRAFFIC SAFETY TOOL BECAUSE OF THE HIGH DEGREE OF SUBJECTIVITY INVOLED WITH THEIR IDENTIFICATION. A SCALE OF DANGER MAY BE APPLIED TO A TRAFFIC EVENT TO FACILITATE OBJECTIVE MEASUREMENT AND SUBSEQUENT DETECTION OF NEAR-MISS SITUATIONS. THE UNIT PROPOSED HERE FOR THIS DANGER SCALE IS THE TIME MEASURED UNTIL COLLISION BETWEEN TWO VEHICLES INVOLVED IN THE UNSAFE EVENT. THIS MEASURE, COMPUTED FROM FILMS TAKEN WITH THE TRAFFIC SENSING AND SURVEILLANCE SYSTEM OF THE FEDERAL HIGHWAY ADMINISTRATION AT AN URBAN INTERSECTION, IS AN ADEQUATE UNIT TO RATE THE DANGER OF ALMOST ANY TRAFFIC EVENT. IT MAY BE USED TO STANDARDIZE HUMAN OBSERVER JUDGEMENT OF DANGEROUS MANEUVERS AND, THEREFORE, MAKE NEAR-MISS MONITORING A VIABLE ALTERNATIVE TO TRAFFIC SAFETY DETERMINATION. /AUTHOR/",Intersection (aeronautics); Event (particle physics); Scale (ratio); Transport engineering; Computer science; Collision; Near miss; Observer (physics); Judgement; Computer security; Identification (biology); Engineering,Maritime Navigation and Safety; Maritime Ports and Logistics; Structural Integrity and Reliability Analysis,Trajectory-related,Surrogate Safety Metrics,0.6142,0.2879,0.3264,True
Gruhl2018Novelty,Novelty detection with CANDIES: a holistic technique based on probabilistic models,2018,article,International Journal of Machine Learning and Cybernetics,10.1007/s13042-016-0618-8,W2558481215,17,,Novelty detection; Computer science; Artificial intelligence; Novelty; Probabilistic logic; Computational intelligence; Machine learning; Pattern recognition (psychology); Data mining,Anomaly Detection Techniques and Applications; Data-Driven Disease Surveillance; Network Security and Intrusion Detection,Perception-related,Feature and Activation Extraction,0.3989,0.2417,0.1572,True
Bogdoll2023OneOntology,One Ontology to Rule Them All: Corner Case Scenarios for Autonomous Driving,2023,article,Lecture Notes in Computer Science (including subseries Lecture Notes in Artificial Intelligence and Lecture Notes in Bioinformatics),10.1007/978-3-031-25072-9_29/figures/5,,,,,,Knowledge-driven,Influencing Factors,0.5895,0.4159,0.1736,True
Laxhammar2014Online,Online Learning and Sequential Anomaly Detection in Trajectories,2014,article,IEEE Transactions on Pattern Analysis and Machine Intelligence,10.1109/tpami.2013.172,W2167225252,194,"Detection of anomalous trajectories is an important problem in the surveillance domain. Various algorithms based on learning of normal trajectory patterns have been proposed for this problem. Yet, these algorithms typically suffer from one or more limitations: They are not designed for sequential analysis of incomplete trajectories or online learning based on an incrementally updated training set. Moreover, they typically involve tuning of many parameters, including ad-hoc anomaly thresholds, and may therefore suffer from overfitting and poorly-calibrated alarm rates. In this article, we propose and investigate the Sequential Hausdorff Nearest-Neighbor Conformal Anomaly Detector (SHNN-CAD) for online learning and sequential anomaly detection in trajectories. This is a parameter-light algorithm that offers a well-founded approach to the calibration of the anomaly threshold. The discords algorithm, originally proposed by Keogh et al. , is another parameter-light anomaly detection algorithm that has previously been shown to have good classification performance on a wide range of time-series datasets, including trajectory data. We implement and investigate the performance of SHNN-CAD and the discords algorithm on four different labeled trajectory datasets. The results show that SHNN-CAD achieves competitive classification performance with minimum parameter tuning during unsupervised online learning and sequential anomaly detection in trajectories.",Anomaly detection; Computer science; Overfitting; Trajectory; Artificial intelligence; Anomaly (physics); k-nearest neighbors algorithm; Set (abstract data type); Pattern recognition (psychology); One-class classification; Algorithm; Machine learning,Anomaly Detection Techniques and Applications; Data-Driven Disease Surveillance; Artificial Immune Systems Applications,Trajectory-related,Machine Learning (trajectory),0.4314,0.3135,0.1178,True
Bagschik2017Ontology,Ontology based Scene Creation for the Development of Automated Vehicles,2017,article,,,W2606516936,9,"The introduction of automated vehicles without permanent human supervision demands a functional system description, including functional system boundaries and a comprehensive safety analysis. These inputs to the technical development can be identified and analyzed by a scenario-based approach. Furthermore, to establish an economical test and release process, a large number of scenarios must be identified to obtain meaningful test results. Experts are doing well to identify scenarios that are difficult to handle or unlikely to happen. However, experts are unlikely to identify all scenarios possible based on the knowledge they have on hand. Expert knowledge modeled for computer aided processing may help for the purpose of providing a wide range of scenarios. This contribution reviews ontologies as knowledge-based systems in the field of automated vehicles, and proposes a generation of traffic scenes in natural language as a basis for a scenario creation.",Computer science; Ontology; Process (computing); Field (mathematics); Data science; Software engineering; Systems engineering,Semantic Web and Ontologies; Flexible and Reconfigurable Manufacturing Systems; Business Process Modeling and Analysis,Knowledge-driven,Influencing Factors,0.585,0.3044,0.2806,True
Davies2011Outline,Outline for a causal model of traffic conflicts and crashes,2011,article,Accident Analysis {\&} Prevention,10.1016/j.aap.2011.05.001,W2076251539,140,,Crash; Set (abstract data type); Poison control; Traffic conflict; Proxy (statistics); Computer science; Engineering,Bayesian Modeling and Causal Inference; Data Visualization and Analytics; Traffic and Road Safety,Trajectory-related,Surrogate Safety Metrics,0.6066,0.2852,0.3214,True
Osman2019Prediction,Prediction of Near-Crashes from Observed Vehicle Kinematics using Machine Learning,2019,article,Transportation Research Record,10.1177/0361198119862629,W2963856336,64,"This study introduces a machine learning model for near-crash prediction from observed vehicle kinematics data. The main hypothesis is that vehicles tend to experience discernible turbulence in their kinematics shortly before involvement in near-crashes. To test this hypothesis, the SHRP2 NDS vehicle kinematics data (speed, longitudinal acceleration, lateral acceleration, yaw rate, and pedal position) are utilized. Several machine learning algorithms are trained and comparatively analyzed including K nearest neighbor (KNN), random forest, support vector machine (SVM), decision trees, Gaussian naïve Bayes (Gaussian NB), and adaptive boost (AdaBoost). Sensitivity analysis is performed to determine the optimal prediction horizon length (the time period before the occurrence of a near-crash) and the turbulence horizon length (the time period during which near-crash related changes in vehicle kinematics take place). The results indicate that optimal prediction performance can be achieved at a 1 s prediction horizons and a 3 s turbulence horizon. At these values, the AdaBoost model outperforms all other models in relation to its recall (100%), precision (98%), and F1-score (99%). These values imply that the near-crash prediction model is highly efficient in predicting most instances of near-crashes with minimal false near-crash predictions. This promising prediction performance offers a viable tool for supporting crash avoidance systems in the emerging connected/autonomous vehicle technology.",Kinematics; Crash; Machine learning; Artificial intelligence; AdaBoost; Support vector machine; Computer science; Acceleration; Random forest; Naive Bayes classifier; Position (finance); Simulation,Traffic and Road Safety; Autonomous Vehicle Technology and Safety; Traffic control and management,Trajectory-related,Probability Estimation,0.4043,0.489,-0.0847,False
Tuncali2019Rapidly,Rapidly-exploring Random Trees for Testing Automated Vehicles,2019,article,"2019 IEEE Intelligent Transportation Systems Conference, ITSC 2019",10.1109/itsc.2019.8917375,W2990364579,53,"One of the expectations from fully or partially automated vehicles is to never cause an accident and actively avoid dangerous situations. However, an automated vehicle may not be able to avoid all collisions, e.g., collisions caused by other vehicles. Hence, it is important for the system developers to understand the boundary case scenarios where an autonomous vehicle can no longer avoid a collision. In this paper, an automated test generation approach that utilizes Rapidly-exploring Random Trees is presented to explore these boundary scenarios. An important advantage of the approach is the openness of the test scenarios: one can set the road geometry and the number of adversarial objects and let the system search for interesting trajectories and environment parameters. A cost function is proposed which guides the test generation toward almost-avoidable collisions or near-misses.",Computer science; Boundary (topology); Random testing; Set (abstract data type); Collision; Function (biology); Adversarial system; Test case; Simulation; Artificial intelligence,Robotic Path Planning Algorithms; Autonomous Vehicle Technology and Safety; Software Testing and Debugging Techniques,Trajectory-related,Challenging the System Under Test,0.7077,0.418,0.2897,True
Jesenski2020Scalable,Scalable Generation of Statistical Evidence for the Safety of Automated Vehicles by the Use of Importance Sampling,2020,inproceedings,2020 IEEE 23rd International Conference on Intelligent Transportation Systems (ITSC),10.1109/itsc45102.2020.9294503,W3114705373,8,"Simulation-based validation methods exhibit properties which should allow them to contribute to the release of highly automated driving functions (HADF). Monte-Carlo (MC) simulations make it possible to generate statistical statements about a HADF. However, the fact that accidents happen very rarely in the real world can strongly enlarge the number of MC simulation runs which are needed to obtain statistically stable results. In the past, importance sampling (IS) was used to reduce these simulation costs. This paper considers some of the still existent limitations of IS: The definition of proper safety metrics needed to find good IS distributions and the application of IS to high dimensional parameter spaces. The approach in this paper was able to reduce an IS optimization of 2700 dimensions to 17 optimizations of 9 dimensions. The number of MC runs could be reduced by a factor of 350.",Scalability; Computer science; Monte Carlo method; Sampling (signal processing); Importance sampling; Factor (programming language); Data mining,Autonomous Vehicle Technology and Safety; Automotive and Human Injury Biomechanics; Simulation Techniques and Applications,Trajectory-related,Probability Estimation,0.603,0.3785,0.2246,True
Rosch2022Space,"Space, Time, and Interaction: A Taxonomy of Corner Cases in Trajectory Datasets for Automated Driving",2022,inproceedings,IEEE Symposium Series on Computational Intelligence (SSCI),10.1109/ssci51031.2022.10022241,W4320031288,8,"Trajectory data analysis is an essential component for highly automated driving. Complex models developed with these data predict other road users' movement and behavior patterns. Based on these predictions - and additional contextual information such as the course of the road, (traffic) rules, and interaction with other road users - the highly automated vehicle (HAV) must be able to reliably and safely perform the task assigned to it, e.g., moving from point A to B. Ideally, the HAV moves safely through its environment, just as we would expect a human driver to do. However, if unusual trajectories occur, so-called trajectory corner cases, a human driver can usually cope well, but an HAV can quickly get into trouble. In the definition of trajectory corner cases, which we provide in this work, we will consider the relevance of unusual trajectories with respect to the task at hand. Based on this, we will also present a taxonomy of different trajectory corner cases. The categorization of corner cases into the taxonomy will be shown with examples and is done by cause and required data sources. To illustrate the complexity between the machine learning (ML) model and the corner case cause, we present a general processing chain underlying the taxonomy.",Computer science; Trajectory; Categorization; Taxonomy (biology); Task (project management); Artificial intelligence; Component (thermodynamics); Machine learning; Relevance (law); Data mining,Autonomous Vehicle Technology and Safety; Traffic and Road Safety; Human-Automation Interaction and Safety,Trajectory-related,Machine Learning (trajectory),0.6008,0.4811,0.1197,True
Heidecker2019Towards,Towards corner case identification in cyclists’ trajectories,2019,inproceedings,CSCS’19: COMPUTER SCIENCE IN CARS SYMPOSIUM,,,,,,,Perception-related,Other Perception Methods,0.5435,0.3296,0.2139,True
Wang2018Traffic,Traffic Sensory Data Classification by Quantifying Scenario Complexity,2018,inproceedings,2018 IEEE Intelligent Vehicles Symposium (IV),10.1109/ivs.2018.8500669,W2897756887,49,"For unmanned ground vehicle (UGV) off-line testing and performance evaluation, massive amount of traffic scenario data is often required. The annotations in current off-line traffic sensory dataset typically include I) types of roadways II) scene types III) specific characteristics that are generally considered challenging for cognitive algorithms. While such annotations are helpful in manual selection of data, they are insufficient for comprehensive and quantitate measurement of per-roadway-segment scenario complexity. To resolve such limitations, we propose a traffic sensory data classification paradigm based on quantifying the scenario complexity for each roadway segment, where such quantification is jointly based on road semantic complexity and traffic element complexity. The road semantic complexity is a proposed measurement of the complexity incurred by the static elements such as curvy roads, intersections, merges and splits, which is predicted with a Support Vector Regression (SVR). The traffic element complexity is a measurement of complexity due to dynamic traffic elements, such as nearby vehicles and pedestrians. Experimental results and a case study verify the efficacy of the proposed method.",Computer science; Support vector machine; Data mining; Computational complexity theory; Machine learning,Anomaly Detection Techniques and Applications; Automated Road and Building Extraction; Wildlife-Road Interactions and Conservation,Trajectory-related,Surrogate Safety Metrics,0.4732,0.4324,0.0408,True
ece2021WP29,UN Regulation No 157 – Uniform provisions concerning the approval of vehicles with regards to Automated Lane Keeping Systems [2021/389],2021,techreport,,,,,,,,Trajectory-related,Surrogate Safety Metrics,0.2228,0.3013,-0.0785,False
Klueck2018Using,Using Ontologies for Test Suites Generation for Automated and Autonomous Driving Functions,2018,inproceedings,"Proceedings - 29th IEEE International Symposium on Software Reliability Engineering Workshops, ISSREW 2018",10.1109/issrew.2018.00-20,W2901436714,63,"In this paper, we outline a general automated testing approach to be applied for verification and validation of automated and autonomous driving functions. The approach makes use of ontologies of environment the system under test is interacting with. Ontologies are automatically converted into input models for combinatorial testing, which are used to generate test cases. The obtained abstract test cases are used to generate concrete test scenarios that provide the basis for simulation used to verify the functionality of the system under test. We discuss the general approach including its potential for automation in the automotive domain where there is growing need for sophisticated verification based on simulation in case of automated and autonomous vehicles.",Computer science; Automation; Test (biology); Domain (mathematical analysis); Automotive industry; Test case; Scenario testing; Software engineering,Software Testing and Debugging Techniques; Formal Methods in Verification; Model-Driven Software Engineering Techniques,Trajectory-related,Novel Scenario Generation,0.587,0.2273,0.3597,True
Westhofen2022Using,Using Ontologies for the Formalization and Recognition of Criticality for Automated Driving,2022,article,,,W4285113095,42,"Knowledge representation and reasoning has a long history of examining how knowledge can be formalized, interpreted, and semantically analyzed by machines. In the area of automated vehicles, recent advances suggest the ability to formalize and leverage relevant knowledge as a key enabler in handling the inherently open and complex context of the traffic world. This paper demonstrates ontologies to be a powerful tool for a) modeling and formalization of and b) reasoning about factors associated with criticality in the environment of automated vehicles. For this, we leverage the well-known 6-Layer Model to create a formal representation of the environmental context. Within this representation, an ontology models domain knowledge as logical axioms, enabling deduction on the presence of critical factors within traffic scenarios. For executing automated analyses, a joint description logic and rule reasoner is used in combination with an a-priori predicate augmentation. We elaborate on the modular approach, present a publicly available implementation, and exemplarily evaluate the method by means of a large-scale drone data set of urban traffic scenarios.",Computer science; Semantic reasoner; Leverage (statistics); Knowledge representation and reasoning; Automated reasoning; Artificial intelligence; Modular design; Software engineering; Machine learning,Software Testing and Debugging Techniques; Formal Methods in Verification; Autonomous Vehicle Technology and Safety,Knowledge-driven,Formalisation of Description,0.5591,0.2958,0.2634,True
Ma2022Verification,Verification and Validation Methods for Decision-Making and Planning of Automated Vehicles: A Review,2022,article,IEEE Transactions on Intelligent Vehicles,10.1109/tiv.2022.3196396,W4289792821,83,"Verification and validation (V&V) hold a significant position in the research and development of automated vehicles (AVs). Current literature indicates that different V&V techniques have been implemented in the decision-making and planning (DMP) system to improve AVs' safety, comfort, and energy optimization. This paper aims to review a range of different V&V approaches for the DMP system of AVs and divides these approaches into three distinct categories: scenario-based testing, fault injection testing, and formal verification. Further, scenario-based testing is categorized into fundamental and advanced approaches based on the interaction between road users in generated scenarios. In this paper, six criteria are proposed to compare and evaluate the characteristics of V&V approaches, which could help researchers gain insight into the benefits and limitations of the reviewed approaches and assist with approach choices. Next, the DMP system is broken down into a hierarchy of modules, and the functional requirements of each module are deduced. The suitable approaches are matched to verify and validate each module aiming at their different functional requirements. Finally, the current challenges and future research directions are concluded.",Computer science; Systems engineering; Hierarchy; Range (aeronautics); Reliability engineering,Autonomous Vehicle Technology and Safety; Safety Systems Engineering in Autonomy; Vehicle emissions and performance,Trajectory-related,Novel Scenario Generation,0.5684,0.2672,0.3012,True
Souflas2022Virtual,Virtual Verification of Decision Making and Motion Planning Functionalities for Automated Vehicles in Urban Edge Case Scenarios,2022,article,SAE International Journal of Advances and Current Practices in Mobility,10.4271/2022-01-0841,W4220753316,6,"&lt;div class=""section abstract""&gt;&lt;div class=""htmlview paragraph""&gt;Despite recent advancements in Automated Driving Systems (ADS), the deployment of such systems in dense urban environments still faces a challenging problem: in comparison to motorway or rural driving, urban environments contain a significantly greater number of traffic participants. This makes it difficult to verify the Safety Of The Intended Functionality (SOTIF) across the entire Operational Design Domain (ODD). One approach to solve this problem is to virtually evaluate and verify the safety of the ADS using simulation tools. Whereas traditionally simulated verification has attempted to replicate normal driving conditions, it is possible to achieve superior safety performance by exposing the ADS to more high-risk scenarios than it would otherwise see in the real world. This paper presents the virtual verification process for decision making and motion planning functionalities in urban high-risk edge case scenarios. At the outset of this study a novel data-driven methodology is used to define numerous urban driving edge cases based on real-world road traffic collisions and near-misses, rather than merely everyday driving. These edge cases are then translated into driving scenarios based on the OpenSCENARIO 1.0 standard and then simulated in batches using the open-source CARLA simulator. The simulator is connected to a decision making and motion planning functionality responsible for controlling the state of the ego-vehicle. The efficacy of this edge-case-based virtual verification pipeline is demonstrated with practical examples where the performance of the functionality in urban driving edge cases is iteratively improved to meet the safety requirements.&lt;/div&gt;&lt;/div&gt;",Computer science; Enhanced Data Rates for GSM Evolution; Replicate; Pipeline (software); Class (philosophy); Process (computing); Motion planning; Software deployment; Domain (mathematical analysis); Simulation; Real-time computing,Autonomous Vehicle Technology and Safety; Traffic control and management; Vehicular Ad Hoc Networks (VANETs),Trajectory-related,Novel Scenario Generation,0.5627,0.389,0.1737,True
Alliegro20223DOS:Clouds,3DOS: Towards 3D Open Set Learning-Benchmarking and Understanding Semantic Novelty Detection on Point Clouds,2022,article,Advances in Neural Information Processing Systems,,W4288055667,4,"In recent years there has been significant progress in the field of 3D learning on classification, detection and segmentation problems. The vast majority of the existing studies focus on canonical closed-set conditions, neglecting the intrinsic open nature of the real-world. This limits the abilities of robots and autonomous systems involved in safety-critical applications that require managing novel and unknown signals. In this context exploiting 3D data can be a valuable asset since it provides rich information about the geometry of perceived objects and scenes. With this paper we provide the first broad study on 3D Open Set learning. We introduce 3DOS: a novel testbed for semantic novelty detection that considers several settings with increasing difficulties in terms of semantic (category) shift, and covers both in-domain (synthetic-to-synthetic, real-to-real) and cross-domain (synthetic-to-real) scenarios. Moreover, we investigate the related 2D Open Set literature to understand if and how its recent improvements are effective on 3D data. Our extensive benchmark positions several algorithms in the same coherent picture, revealing their strengths and limitations. The results of our analysis may serve as a reliable foothold for future tailored 3D Open Set methods.",Computer science; Benchmarking; Novelty detection; Novelty; Benchmark (surveying); Set (abstract data type); Point cloud; Artificial intelligence; Testbed; Context (archaeology); Semantics (computer science); Segmentation; Domain (mathematical analysis); Machine learning,Anomaly Detection Techniques and Applications; Domain Adaptation and Few-Shot Learning; Digital Imaging for Blood Diseases,Perception-related,Foundation Model and Adaptive Learning,0.4396,0.2854,0.1542,True
Hendrycks2017ANetworks,A Baseline for Detecting Misclassified and Out-of-Distribution Examples in Neural Networks,2017,inproceedings,"5th International Conference on Learning Representations, ICLR 2017, Toulon, France, April 24-26, 2017, Conference Track Proceedings",,W2531327146,1623,"We consider the two related problems of detecting if an example is misclassified or out-of-distribution. We present a simple baseline that utilizes probabilities from softmax distributions. Correctly classified examples tend to have greater maximum softmax probabilities than erroneously classified and out-of-distribution examples, allowing for their detection. We assess performance by defining several tasks in computer vision, natural language processing, and automatic speech recognition, showing the effectiveness of this baseline across all. We then show the baseline can sometimes be surpassed, demonstrating the room for future research on these underexplored detection tasks.",Baseline (sea); Artificial neural network; Computer science; Distribution (mathematics); Artificial intelligence,Neural Networks and Applications; Anomaly Detection Techniques and Applications,Perception-related,Probability and Confidence Scores,0.4285,0.2447,0.1838,True
Shafaei2019ADetectors,A Less Biased Evaluation of Out-of-distribution Sample Detectors,2019,article,British Machine Vision Conference 2019,,W2969609970,21,"In the real world, a learning system could receive an input that is unlike anything it has seen during training. Unfortunately, out-of-distribution samples can lead to unpredictable behaviour. We need to know whether any given input belongs to the population distribution of the training/evaluation data to prevent unpredictable behaviour in deployed systems. A recent surge of interest in this problem has led to the development of sophisticated techniques in the deep learning literature. However, due to the absence of a standard problem definition or an exhaustive evaluation, it is not evident if we can rely on these methods. What makes this problem different from a typical supervised learning setting is that the distribution of outliers used in training may not be the same as the distribution of outliers encountered in the application. Classical approaches that learn inliers vs. outliers with only two datasets can yield optimistic results. We introduce OD-test, a three-dataset evaluation scheme as a more reliable strategy to assess progress on this problem. We present an exhaustive evaluation of a broad set of methods from related areas on image classification tasks. Contrary to the existing results, we show that for realistic applications of high-dimensional images the previous techniques have low accuracy and are not reliable in practice.",Outlier; Computer science; Sample (material); Artificial intelligence; Set (abstract data type); Machine learning; Population; Scheme (mathematics); Data mining,Anomaly Detection Techniques and Applications; Adversarial Robustness in Machine Learning; Machine Learning and Data Classification,Perception-related,Feature and Activation Extraction,0.4892,0.2518,0.2373,True
Lee2018AAttacks,A Simple Unified Framework for Detecting Out-of-Distribution Samples and Adversarial Attacks,2018,inproceedings,"Advances in Neural Information Processing Systems 31: Annual Conference on Neural Information Processing Systems 2018, NeurIPS 2018, December 3-8, 2018, Montr{\'{e}}al, Canada",,W2867167548,978,"Detecting test samples drawn sufficiently far away from the training distribution statistically or adversarially is a fundamental requirement for deploying a good classifier in many real-world machine learning applications. However, deep neural networks with the softmax classifier are known to produce highly overconfident posterior distributions even for such abnormal samples. In this paper, we propose a simple yet effective method for detecting any abnormal samples, which is applicable to any pre-trained softmax neural classifier. We obtain the class conditional Gaussian distributions with respect to (low- and upper-level) features of the deep models under Gaussian discriminant analysis, which result in a confidence score based on the Mahalanobis distance. While most prior methods have been evaluated for detecting either out-of-distribution or adversarial samples, but not both, the proposed method achieves the state-of-the-art performances for both cases in our experiments. Moreover, we found that our proposed method is more robust in harsh cases, e.g., when the training dataset has noisy labels or small number of samples. Finally, we show that the proposed method enjoys broader usage by applying it to class-incremental learning: whenever out-of-distribution samples are detected, our classification rule can incorporate new classes well without further training deep models.",Softmax function; Classifier (UML); Mahalanobis distance; Artificial intelligence; Computer science; Deep neural networks; Pattern recognition (psychology); Gaussian; Artificial neural network; Machine learning; Discriminant,Adversarial Robustness in Machine Learning; Anomaly Detection Techniques and Applications; Machine Learning and Data Classification,Perception-related,Feature and Activation Extraction,0.3897,0.2962,0.0935,True
Lee2018AAttacksb,A simple unified framework for detecting out-of-distribution samples and adversarial attacks,2018,article,Advances in neural information processing systems,,W2867167548,978,"Detecting test samples drawn sufficiently far away from the training distribution statistically or adversarially is a fundamental requirement for deploying a good classifier in many real-world machine learning applications. However, deep neural networks with the softmax classifier are known to produce highly overconfident posterior distributions even for such abnormal samples. In this paper, we propose a simple yet effective method for detecting any abnormal samples, which is applicable to any pre-trained softmax neural classifier. We obtain the class conditional Gaussian distributions with respect to (low- and upper-level) features of the deep models under Gaussian discriminant analysis, which result in a confidence score based on the Mahalanobis distance. While most prior methods have been evaluated for detecting either out-of-distribution or adversarial samples, but not both, the proposed method achieves the state-of-the-art performances for both cases in our experiments. Moreover, we found that our proposed method is more robust in harsh cases, e.g., when the training dataset has noisy labels or small number of samples. Finally, we show that the proposed method enjoys broader usage by applying it to class-incremental learning: whenever out-of-distribution samples are detected, our classification rule can incorporate new classes well without further training deep models.",Softmax function; Classifier (UML); Mahalanobis distance; Artificial intelligence; Computer science; Deep neural networks; Pattern recognition (psychology); Gaussian; Artificial neural network; Machine learning; Discriminant,Adversarial Robustness in Machine Learning; Anomaly Detection Techniques and Applications; Machine Learning and Data Classification,Perception-related,Feature and Activation Extraction,0.3897,0.2962,0.0935,True
Vater2023ADriving,A Systematic Approach Towards the Definition of the Terms Edge Case and Corner Case for Automated Driving,2023,inproceedings,"2023 3rd International Conference on Electrical, Computer, Communications and Mechatronics Engineering (ICECCME)",,W4386952762,5,"The broad introduction of automated driving promises improvements in terms of passenger comfort and road safety. Since automated vehicles have to operate under a wide variety of conditions, the safety assurance and validation of these systems is significantly more complex than for driver assistance systems. A scenario-based approach using a scenario database for relevant scenarios has established itself to overcome this challenge. The appropriate selection of scenarios is still an important research aspect in this field. There is a common understanding that so called edge cases and corner cases play an important role, but a lot of different understandings and definitions for these exist. Within this paper we review, analyze and discuss the usages and definitions of the terms edge case and corner case in the literature to move into the direction of harmonization.",Variety (cybernetics); Computer science; Enhanced Data Rates for GSM Evolution; Field (mathematics); Harmonization; Selection (genetic algorithm); Systems engineering; Risk analysis (engineering); Software engineering,Autonomous Vehicle Technology and Safety; Human-Automation Interaction and Safety; Traffic control and management,Knowledge-driven,Influencing Factors,0.6078,0.4315,0.1764,True
Salehi2022AChallenges,"A Unified Survey on Anomaly, Novelty, Open-Set, and Out of-Distribution Detection: Solutions and Future Challenges",2022,article,Transactions on Machine Learning Research,,W3208763156,20,"Machine learning models often encounter samples that are diverged from the training distribution. Failure to recognize an out-of-distribution (OOD) sample, and consequently assign that sample to an in-class label significantly compromises the reliability of a model. The problem has gained significant attention due to its importance for safety deploying models in open-world settings. Detecting OOD samples is challenging due to the intractability of modeling all possible unknown distributions. To date, several research domains tackle the problem of detecting unfamiliar samples, including anomaly detection, novelty detection, one-class learning, open set recognition, and out-of-distribution detection. Despite having similar and shared concepts, out-of-distribution, open-set, and anomaly detection have been investigated independently. Accordingly, these research avenues have not cross-pollinated, creating research barriers. While some surveys intend to provide an overview of these approaches, they seem to only focus on a specific domain without examining the relationship between different domains. This survey aims to provide a cross-domain and comprehensive review of numerous eminent works in respective areas while identifying their commonalities. Researchers can benefit from the overview of research advances in different fields and develop future methodology synergistically. Furthermore, to the best of our knowledge, while there are surveys in anomaly detection or one-class learning, there is no comprehensive or up-to-date survey on out-of-distribution detection, which our survey covers extensively. Finally, having a unified cross-domain perspective, we discuss and shed light on future lines of research, intending to bring these fields closer together.",Anomaly detection; Novelty; Computer science; Set (abstract data type); Sample (material); Class (philosophy); Domain (mathematical analysis); Perspective (graphical); Data science; Novelty detection; Open research; Reliability (semiconductor); Distribution (mathematics); Machine learning; Artificial intelligence; Data mining,Anomaly Detection Techniques and Applications; Data-Driven Disease Surveillance; Machine Learning and Data Classification,Perception-related,Feature and Activation Extraction,0.3968,0.3526,0.0441,True
Heidecker2021AnDriving,An Application-Driven Conceptualization of Corner Cases for Perception in Highly Automated Driving,2021,inproceedings,IEEE Intelligent Vehicles Symposium 2021,10.48550/arxiv.2103.03678,,,,,,Perception-related,Other Perception Methods,0.5338,0.5044,0.0294,True
Heidecker2021AnDrivingb,An application-driven conceptualization of corner cases for perception in highly automated driving,2021,article,"IEEE Intelligent Vehicles Symposium, Proceedings",10.1109/iv48863.2021.9575933,W3134284505,2,"Systems and functions that rely on machine learning (ML) are the basis of highly automated driving. An essential task of such ML models is to reliably detect and interpret unusual, new, and potentially dangerous situations. The detection of those situations, which we refer to as corner cases, is highly relevant for successfully developing, applying, and validating automotive perception functions in future vehicles where multiple sensor modalities will be used. A complication for the development of corner case detectors is the lack of consistent definitions, terms, and corner case descriptions, especially when taking into account various automotive sensors. In this work, we provide an application-driven view of corner cases in highly automated driving. To achieve this goal, we first consider existing definitions of the general outlier, novelty, anomaly, and out-of-distribution detection to show relations and differences to corner cases. Moreover, we extend an existing camera-focused systematization of corner cases by adding RADAR (radio detection and ranging) and LiDAR (light detection and ranging) sensors. For this, we describe an exemplary toolchain for data acquisition and processing, highlighting the interfaces of corner case detection. We also define a novel level of corner cases, the method layer corner cases, which appear due to uncertainty inherent in the methodology.",Computer science; Ranging; Anomaly detection; Artificial intelligence; Lidar; Toolchain; Novelty detection; Automotive industry; Outlier; Conceptualization; Object detection; Task (project management); Novelty; Computer vision,Anomaly Detection Techniques and Applications; Autonomous Vehicle Technology and Safety; Adversarial Robustness in Machine Learning,Perception-related,Other Perception Methods,0.5862,0.4581,0.1281,True
Heidecker2021AnDrivingc,An application-driven conceptualization of corner cases for perception in highly automated driving,2021,inproceedings,2021 IEEE Intelligent Vehicles Symposium (IV),,W3134284505,2,"Systems and functions that rely on machine learning (ML) are the basis of highly automated driving. An essential task of such ML models is to reliably detect and interpret unusual, new, and potentially dangerous situations. The detection of those situations, which we refer to as corner cases, is highly relevant for successfully developing, applying, and validating automotive perception functions in future vehicles where multiple sensor modalities will be used. A complication for the development of corner case detectors is the lack of consistent definitions, terms, and corner case descriptions, especially when taking into account various automotive sensors. In this work, we provide an application-driven view of corner cases in highly automated driving. To achieve this goal, we first consider existing definitions of the general outlier, novelty, anomaly, and out-of-distribution detection to show relations and differences to corner cases. Moreover, we extend an existing camera-focused systematization of corner cases by adding RADAR (radio detection and ranging) and LiDAR (light detection and ranging) sensors. For this, we describe an exemplary toolchain for data acquisition and processing, highlighting the interfaces of corner case detection. We also define a novel level of corner cases, the method layer corner cases, which appear due to uncertainty inherent in the methodology.",Computer science; Ranging; Anomaly detection; Artificial intelligence; Lidar; Toolchain; Novelty detection; Automotive industry; Outlier; Conceptualization; Object detection; Task (project management); Novelty; Computer vision,Anomaly Detection Techniques and Applications; Autonomous Vehicle Technology and Safety; Adversarial Robustness in Machine Learning,Perception-related,Other Perception Methods,0.5862,0.4581,0.1281,True
Visentin2018AnalysisRadar,Analysis of multipath and DOA detection using a fully polarimetric automotive radar,2018,article,International Journal of Microwave and Wireless Technologies,,W4250721005,25,"Multipath propagation occurs in many situations of radar measurements in complex environments. The unwanted effects range from amplitude fading over the radar channels and a corrupted direction of arrival (DOA) estimation to the detection of ghost targets in an angle of arrival (AOA) of the multipath direction. Due to the different number of reflections, polarimetric radars are capable to separate certain multipaths from direct paths if the target is known. Furthermore, it is possible to separate objects with different polarimetric features in DOA that are located in the same radial distance to the radar. In this paper, a new approach of DOA detection based on the coherent Pauli decomposition is presented. With this approach, important multipath and DOA effects are analyzed and measurement results at 77 GHz on canonical objects in an anechoic chamber are presented. The results prove the feasibility of the approach and demonstrate the occurring effects.",Multipath propagation; Direction of arrival; Polarimetry; Radar; Anechoic chamber; Computer science; Bistatic radar; Radar engineering details; Continuous-wave radar; Radar imaging; Remote sensing; Acoustics; Electronic engineering,Radar Systems and Signal Processing; Direction-of-Arrival Estimation Techniques; Electromagnetic Compatibility and Measurements,Perception-related,Other Perception Methods,0.1962,0.1095,0.0867,True
Bogdoll2022AnomalySurvey,Anomaly Detection in Autonomous Driving: A Survey,2022,misc,,,W4385312751,20,"Deep neural networks (DNN) which are employed in perception systems for autonomous driving require a huge amount of data to train on, as they must reliably achieve high performance in all kinds of situations. However, these DNN are usually restricted to a closed set of semantic classes available in their training data, and are therefore unreliable when confronted with previously unseen instances. Thus, multiple perception datasets have been created for the evaluation of anomaly detection methods, which can be categorized into three groups: real anomalies in real-world, synthetic anomalies augmented into real-world and completely synthetic scenes. This survey provides a structured and, to the best of our knowledge, complete overview and comparison of perception datasets for anomaly detection in autonomous driving. Each chapter provides information about tasks and ground truth, context information, and licenses. Additionally, we discuss current weaknesses and gaps in existing datasets to underline the importance of developing further data.",Anomaly detection; Computer science; Perception; Context (archaeology); Ground truth; Artificial intelligence; Anomaly (physics); Set (abstract data type); Data set; Machine learning; Data mining,Anomaly Detection Techniques and Applications; Adversarial Robustness in Machine Learning; Advanced Malware Detection Techniques,Perception-related,Feature and Activation Extraction,0.5165,0.4171,0.0994,True
Griebel2021AnomalyPointNets,Anomaly detection in radar data using PointNets,2021,inproceedings,2021 IEEE International Intelligent Transportation Systems Conference (ITSC),,W3199489263,0,"For autonomous driving, radar is an important sensor type. On the one hand, radar offers a direct measurement of the radial velocity of targets in the environment. On the other hand, in literature, radar sensors are known for their robustness against several kinds of adverse weather conditions. However, on the downside, radar is susceptible to ghost targets or clutter which can be caused by several different causes, e.g., reflective surfaces in the environment. Ghost targets, for instance, can result in erroneous object detections. To this end, it is desirable to identify anomalous targets as early as possible in radar data. In this work, we present an approach based on PointNets to detect anomalous radar targets. Modifying the PointNet-architecture driven by our task, we developed a novel grouping variant which contributes to a multi-form grouping module. Our method is evaluated on a real-world dataset in urban scenarios and shows promising results for the detection of anomalous radar targets.",Clutter; Radar; Computer science; Anomaly detection; Robustness (evolution); Artificial intelligence; Radar engineering details; Computer vision; Object detection; Radar lock-on; Radar imaging; Remote sensing,Anomaly Detection Techniques and Applications; Remote Sensing and LiDAR Applications; Autonomous Vehicle Technology and Safety,Perception-related,Other Perception Methods,0.3433,0.3,0.0433,True
Kendall2015BayesianUnderstanding,Bayesian segnet: Model uncertainty in deep convolutional encoder-decoder architectures for scene understanding,2015,article,arXiv preprint arXiv:1511.02680,,W2103328396,826,"© 2017. The copyright of this document resides with its authors. We present a deep learning framework for probabilistic pixel-wise semantic segmentation, which we term Bayesian SegNet. Semantic segmentation is an important tool for visual scene understanding and a meaningful measure of uncertainty is essential for decision making. Our contribution is a practical system which is able to predict pixel-wise class labels with a measure of model uncertainty using Bayesian deep learning. We achieve this by Monte Carlo sampling with dropout at test time to generate a posterior distribution of pixel class labels. In addition, we show that modelling uncertainty improves segmentation performance by 2-3% across a number of datasets and architectures such as SegNet, FCN, Dilation Network and DenseNet.",Computer science; Encoder; Convolutional code; Convolutional neural network; Bayesian probability; Artificial intelligence; Algorithm; Bayesian network; Pattern recognition (psychology),Advanced Neural Network Applications; Advanced Image and Video Retrieval Techniques; Domain Adaptation and Few-Shot Learning,Perception-related,Probability and Confidence Scores,0.5979,0.2009,0.397,True
Wang2021CanKnow,Can multi-label classification networks know what they don't know?,2021,inproceedings,"Advances in Neural Information Processing Systems 34: Annual Conference on Neural Information Processing Systems 2021, NeurIPS 2021, December 6-14, 2021, virtual",,W3202703311,35,"Estimating out-of-distribution (OOD) uncertainty is a central challenge for safely deploying machine learning models in the open-world environment. Improved methods for OOD detection in multi-class classification have emerged, while OOD detection methods for multi-label classification remain underexplored and use rudimentary techniques. We propose JointEnergy, a simple and effective method, which estimates the OOD indicator scores by aggregating energy scores from multiple labels. We show that JointEnergy can be mathematically interpreted from a joint likelihood perspective. Our results show consistent improvement over previous methods that are based on the maximum-valued scores, which fail to capture joint information from multiple labels. We demonstrate the effectiveness of our method on three common multi-label classification benchmarks, including MS-COCO, PASCAL-VOC, and NUS-WIDE. We show that JointEnergy can reduce the FPR95 by up to 10.05% compared to the previous best baseline, establishing state-of-the-art performance.",Pascal (unit); Computer science; Machine learning; Artificial intelligence; Joint probability distribution; Multi-label classification; Perspective (graphical); Class (philosophy); Data mining,Anomaly Detection Techniques and Applications; Machine Learning and Data Classification; Data-Driven Disease Surveillance,Perception-related,Probability and Confidence Scores,0.2818,0.2505,0.0313,True
Wang2021CanKnowb,Can multi-label classification networks know what they don’t know?,2021,article,Advances in Neural Information Processing Systems,,W3202703311,35,"Estimating out-of-distribution (OOD) uncertainty is a central challenge for safely deploying machine learning models in the open-world environment. Improved methods for OOD detection in multi-class classification have emerged, while OOD detection methods for multi-label classification remain underexplored and use rudimentary techniques. We propose JointEnergy, a simple and effective method, which estimates the OOD indicator scores by aggregating energy scores from multiple labels. We show that JointEnergy can be mathematically interpreted from a joint likelihood perspective. Our results show consistent improvement over previous methods that are based on the maximum-valued scores, which fail to capture joint information from multiple labels. We demonstrate the effectiveness of our method on three common multi-label classification benchmarks, including MS-COCO, PASCAL-VOC, and NUS-WIDE. We show that JointEnergy can reduce the FPR95 by up to 10.05% compared to the previous best baseline, establishing state-of-the-art performance.",Pascal (unit); Computer science; Machine learning; Artificial intelligence; Joint probability distribution; Multi-label classification; Perspective (graphical); Class (philosophy); Data mining,Anomaly Detection Techniques and Applications; Machine Learning and Data Classification; Data-Driven Disease Surveillance,Perception-related,Probability and Confidence Scores,0.2824,0.2512,0.0312,True
Ding2022CatchingDetection,Catching both gray and black swans: Open-set supervised anomaly detection,2022,inproceedings,Proceedings of the IEEE-CVF Conference on Computer Vision and Pattern Recognition,,W4312289809,167,"Despite most existing anomaly detection studies assume the availability of normal training samples only, a few labeled anomaly examples are often available in many real-world applications, such as defect samples identified during random quality inspection, lesion images confirmed by radiologists in daily medical screening, etc. These anomaly examples provide valuable knowledge about the application-specific abnormality, enabling significantly improved detection of similar anomalies in some recent models. However, those anomalies seen during training often do not illustrate every possible class of anomaly, rendering these models ineffective in generalizing to unseen anomaly classes. This paper tackles open-set supervised anomaly detection, in which we learn detection models using the anomaly examples with the objective to detect both seen anomalies (‘gray swans’) and unseen anomalies (‘black swans’). We propose a novel approach that learns disentangled representations of abnormalities illustrated by seen anomalies, pseudo anomalies, and latent residual anomalies (i.e., samples that have unusual residuals compared to the normal data in a latent space), with the last two abnormalities designed to detect unseen anomalies. Extensive experiments on nine real-world anomaly detection datasets show superior performance of our model in detecting seen and unseen anomalies under diverse settings. Code and data are available at: https://github.com/choubo/DRA",Black swan theory; Gray (unit); Anomaly detection; Artificial intelligence; Computer science; Anomaly (physics); Pattern recognition (psychology),Anomaly Detection Techniques and Applications; Network Security and Intrusion Detection; Time Series Analysis and Forecasting,Perception-related,Feature and Activation Extraction,0.5161,0.2762,0.2399,True
KoopmanChallengesValidation,Challenges in Autonomous Vehicle Testing and Validation,2016,article,,,W2328067583,631,"&lt;div class=""section abstract""&gt;&lt;div class=""htmlview paragraph""&gt;Software testing is all too often simply a bug hunt rather than a well-considered exercise in ensuring quality. A more methodical approach than a simple cycle of system-level test-fail-patch-test will be required to deploy safe autonomous vehicles at scale. The ISO 26262 development V process sets up a framework that ties each type of testing to a corresponding design or requirement document, but presents challenges when adapted to deal with the sorts of novel testing problems that face autonomous vehicles. This paper identifies five major challenge areas in testing according to the V model for autonomous vehicles: driver out of the loop, complex requirements, non-deterministic algorithms, inductive learning algorithms, and fail-operational systems. General solution approaches that seem promising across these different challenge areas include: phased deployment using successively relaxed operational scenarios, use of a monitor/actuator pair architecture to separate the most complex autonomy functions from simpler safety functions, and fault injection as a way to perform more efficient edge case testing. While significant challenges remain in safety-certifying the type of algorithms that provide high-level autonomy themselves, it seems within reach to instead architect the system and its accompanying design process to be able to employ existing software safety approaches.&lt;/div&gt;&lt;/div&gt;",Computer science; Reliability engineering,Software Testing and Debugging Techniques; Software Reliability and Analysis Research; Safety Systems Engineering in Autonomy,Trajectory-related,Challenging the System Under Test,0.6604,0.3358,0.3246,True
Breitenstein2021CornerApproaches,Corner Cases for Visual Perception in Automated Driving: Some Guidance on Detection Approaches,2021,article,,,W3126968893,17,"Automated driving has become a major topic of interest not only in the active research community but also in mainstream media reports. Visual perception of such intelligent vehicles has experienced large progress in the last decade thanks to advances in deep learning techniques but some challenges still remain. One such challenge is the detection of corner cases. They are unexpected and unknown situations that occur while driving. Conventional visual perception methods are often not able to detect them because corner cases have not been witnessed during training. Hence, their detection is highly safety-critical, and detection methods can be applied to vast amounts of collected data to select suitable training data. A reliable detection of corner cases will not only further automate the data selection procedure and increase safety in autonomous driving but can thereby also affect the public acceptance of the new technology in a positive manner. In this work, we continue a previous systematization of corner cases on different levels by an extended set of examples for each level. Moreover, we group detection approaches into different categories and link them with the corner case levels. Hence, we give directions to showcase specific corner cases and basic guidelines on how to technically detect them.",Perception; Computer science; Set (abstract data type); Artificial intelligence; Mainstream; Selection (genetic algorithm); Data science; Human–computer interaction,Advanced Neural Network Applications; Autonomous Vehicle Technology and Safety; Industrial Vision Systems and Defect Detection,Perception-related,Feature and Activation Extraction,0.5635,0.4421,0.1214,True
Zhou2023CornerSolutions,"Corner Cases in Data-Driven Automated Driving: Definitions, Properties and Solutions",2023,inproceedings,IEEE Intelligent Vehicles Symposium (IV),10.1109/iv55152.2023.10186558,W4385356253,12,"The field of validation and artificial intelligence (AI) for automated driving has been a rapidly emerging field of research and development in the last few years. Despite the enormous success of machine learning (ML) in perception and robotics, the capability of ML-supported automated driving functions remains to be proven in complex real-world scenarios. Due to stringent regulations and safety concerns, it is crucial to not only be able to identify critical driving events, the corner cases, but also to eliminate them in advance by systematic and provable processes. In contrast to previous work, we analyze and systematize the causes of corner cases from the perspective of neural network interpretation, and consider the network’s performance and robustness in relation to the availability of data points used during development and validation. Moreover, we demonstrate the proposed taxonomy of corner cases on real data from multiple sensor input sources, including images and LiDAR point clouds, showing relevant properties of various corner cases. Furthermore, we discuss the possible solutions dealing with previously unknown classes and driving environments as required in future automated driving use cases.",Robustness (evolution); Computer science; Artificial intelligence; Robotics; Field (mathematics); Point cloud; Artificial neural network; Taxonomy (biology); Machine learning; Robot,Advanced Neural Network Applications; Autonomous Vehicle Technology and Safety; Adversarial Robustness in Machine Learning,Trajectory-related,Machine Learning (trajectory),0.5576,0.5528,0.0048,True
Madden2021Coyote:Vehicles,Coyote: A Dataset of Challenging Scenarios in Visual Perception for Autonomous Vehicles,2021,article,,,W3196712506,0,,Perception; Computer science; Artificial intelligence; Computer vision; Human–computer interaction,Adversarial Robustness in Machine Learning; Advanced Neural Network Applications; Domain Adaptation and Few-Shot Learning,Trajectory-related,Challenging the System Under Test,0.4373,0.3812,0.056,True
Koopman2019CredibleArgumentation,Credible autonomy safety argumentation,2019,inproceedings,27th Safety-Critical Systems Symposium,,W7125637341,0,"A significant challenge to deploying mission- and safety-critical autonomous systems is the difficulty of creating a credible assurance argument. This paper collects lessons learned from having observed both credible and faulty assurance argumentation attempts, with a primary emphasis on autonomous ground vehicle safety cases. Various common argumentation approaches are described, including conformance to a non-autonomy safety standard, proven in use, field testing, simulation, and formal verification. Of particular note are argumentation faults and anti-patterns that have shown up in numerous safety cases that we have encountered. These observations can help both designers and auditors detect common mistakes in safety argumentation for autonomous systems",Argumentation theory; Audit; Autonomy; Computer science; Field (mathematics); Risk analysis (engineering); Engineering ethics; Computer security; Safety assurance; Common ground; Safety case,Safety Systems Engineering in Autonomy; Formal Methods in Verification; Autonomous Vehicle Technology and Safety,Trajectory-related,Challenging the System Under Test,0.5947,0.2799,0.3148,True
Zong2018DeepDetection,Deep autoencoding gaussian mixture model for unsupervised anomaly detection,2018,inproceedings,International conference on learning representations,,W2786088545,1090,"Unsupervised anomaly detection on multi- or high-dimensional data is of great importance in both fundamental machine learning research and industrial applications, for which density estimation lies at the core. Although previous approaches based on dimensionality reduction followed by density estimation have made fruitful progress, they mainly suffer from decoupled model learning with inconsistent optimization goals and incapability of preserving essential information in the low-dimensional space. In this paper, we present a Deep Autoencoding Gaussian Mixture Model (DAGMM) for unsupervised anomaly detection. Our model utilizes a deep autoencoder to generate a low-dimensional representation and reconstruction error for each input data point, which is further fed into a Gaussian Mixture Model (GMM). Instead of using decoupled two-stage training and the standard Expectation-Maximization (EM) algorithm, DAGMM jointly optimizes the parameters of the deep autoencoder and the mixture model simultaneously in an end-to-end fashion, leveraging a separate estimation network to facilitate the parameter learning of the mixture model. The joint optimization, which well balances autoencoding reconstruction, density estimation of latent representation, and regularization, helps the autoencoder escape from less attractive local optima and further reduce reconstruction errors, avoiding the need of pre-training. Experimental results on several public benchmark datasets show that, DAGMM significantly outperforms state-of-the-art anomaly detection techniques, and achieves up to 14% improvement based on the standard F1 score.",Autoencoder; Anomaly detection; Computer science; Artificial intelligence; Mixture model; Pattern recognition (psychology); Dimensionality reduction; Unsupervised learning; Benchmark (surveying); Deep learning; Machine learning,Anomaly Detection Techniques and Applications; Network Security and Intrusion Detection; Advanced Chemical Sensor Technologies,Perception-related,Feature and Activation Extraction,0.4753,0.2746,0.2006,True
Ruff2019DeepDetection,Deep Semi-Supervised Anomaly Detection,2019,inproceedings,International Conference on Learning Representations,,W2948079128,31,"Deep approaches to anomaly detection have recently shown promising results over shallow methods on large and complex datasets. Typically anomaly detection is treated as an unsupervised learning problem. In practice however, one may have---in addition to a large set of unlabeled samples---access to a small pool of labeled samples, e.g. a subset verified by some domain expert as being normal or anomalous. Semi-supervised approaches to anomaly detection aim to utilize such labeled samples, but most proposed methods are limited to merely including labeled normal samples. Only a few methods take advantage of labeled anomalies, with existing deep approaches being domain-specific. In this work we present Deep SAD, an end-to-end deep methodology for general semi-supervised anomaly detection. We further introduce an information-theoretic framework for deep anomaly detection based on the idea that the entropy of the latent distribution for normal data should be lower than the entropy of the anomalous distribution, which can serve as a theoretical interpretation for our method. In extensive experiments on MNIST, Fashion-MNIST, and CIFAR-10, along with other anomaly detection benchmark datasets, we demonstrate that our method is on par or outperforms shallow, hybrid, and deep competitors, yielding appreciable performance improvements even when provided with only little labeled data.",MNIST database; Anomaly detection; Artificial intelligence; Computer science; Benchmark (surveying); Pattern recognition (psychology); Anomaly (physics); Deep learning; Entropy (arrow of time); Set (abstract data type); Machine learning,Anomaly Detection Techniques and Applications; Network Security and Intrusion Detection; Data-Driven Disease Surveillance,Perception-related,Feature and Activation Extraction,0.4659,0.2504,0.2155,True
Braiek2019Deepevolution:Networks,Deepevolution: A search-based testing approach for deep neural networks,2019,inproceedings,2019 IEEE International Conference on Software Maintenance and Evolution (ICSME),,W2994150880,31,"The increasing inclusion of Deep Learning (DL) models in safety-critical systems such as autonomous vehicles have led to the development of multiple model-based DL testing techniques. One common denominator of these testing techniques is the automated generation of test cases, e.g., new inputs transformed from the original training data with the aim to optimize some test adequacy criteria. So far, the effectiveness of these approaches has been hindered by their reliance on random fuzzing or transformations that do not always produce test cases with a good diversity. To overcome these limitations, we propose, DeepEvolution, a novel search-based approach for testing DL models that relies on metaheuristics to ensure a maximum diversity in generated test cases. We assess the effectiveness of DeepEvolution in testing computer-vision DL models and found that it significantly increases the neuronal coverage of generated test cases. Moreover, using DeepEvolution, we could successfully find several corner-case behaviors. Finally, DeepEvolution outperformed Tensorfuzz (a coverage-guided fuzzing tool developed at Google Brain) in detecting latent defects introduced during the quantization of the models. These results suggest that search-based approaches can help build effective testing tools for DL systems.",Fuzz testing; Computer science; Machine learning; Artificial intelligence; Code coverage; Random testing; Model-based testing; Artificial neural network; Test case; Test strategy; Data mining,Adversarial Robustness in Machine Learning; Advanced Neural Network Applications; Software Testing and Debugging Techniques,Trajectory-related,Challenging the System Under Test,0.5904,0.3229,0.2675,True
Ma2018DeepGauge:Systems,DeepGauge: multi-granularity testing criteria for deep learning systems,2018,inproceedings,33rd ACM/IEEE International Conference on Automated Software Engineering,10.1145/3238147.3238202,W2804337238,570,"Deep learning (DL) defines a new data-driven programming paradigm that constructs the internal system logic of a crafted neuron network through a set of training data. We have seen wide adoption of DL in many safety-critical scenarios. However, a plethora of studies have shown that the state-of-the-art DL systems suffer from various vulnerabilities which can lead to severe consequences when applied to real-world applications. Currently, the testing adequacy of a DL system is usually measured by the accuracy of test data. Considering the limitation of accessible high quality test data, good accuracy performance on test data can hardly provide confidence to the testing adequacy and generality of DL systems. Unlike traditional software systems that have clear and controllable logic and functionality, the lack of interpretability in a DL system makes system analysis and defect detection difficult, which could potentially hinder its real-world deployment. In this paper, we propose DeepGauge, a set of multi-granularity testing criteria for DL systems, which aims at rendering a multi-faceted portrayal of the testbed. The in-depth evaluation of our proposed testing criteria is demonstrated on two well-known datasets, five DL systems, and with four state-of-the-art adversarial attack techniques against DL. The potential usefulness of DeepGauge sheds light on the construction of more generic and robust DL systems.",Interpretability; Computer science; Generality; Artificial intelligence; Machine learning; Deep learning; Set (abstract data type); Test set; System testing; Data mining; System under test; Rendering (computer graphics); Artificial neural network; Adversarial system; Test (biology); Software; White-box testing; Software system; Quality (philosophy),Adversarial Robustness in Machine Learning; Software Testing and Debugging Techniques; Advanced Malware Detection Techniques,Trajectory-related,Challenging the System Under Test,0.4411,0.2108,0.2303,True
Zhang2018Deeproad:Systems,Deeproad: Gan-based metamorphic testing and input validation framework for autonomous driving systems,2018,inproceedings,Proceedings of the 33rd ACM/IEEE International Conference on Automated Software Engineering,,W2888307014,595,"While Deep Neural Networks (DNNs) have established the fundamentals of image-based autonomous driving systems, they may exhibit erroneous behaviors and cause fatal accidents. To address the safety issues in autonomous driving systems, a recent set of testing techniques have been designed to automatically generate artificial driving scenes to enrich test suite, e.g., generating new input images transformed from the original ones. However, these techniques are insufficient due to two limitations: first, many such synthetic images often lack diversity of driving scenes, and hence compromise the resulting efficacy and reliability. Second, for machine-learning-based systems, a mismatch between training and application domain can dramatically degrade system accuracy, such that it is necessary to validate inputs for improving system robustness.",Robustness (evolution); Computer science; Artificial intelligence; Suite; Test suite; Reliability (semiconductor); Deep learning; Deep neural networks; Artificial neural network; Set (abstract data type); Domain (mathematical analysis); Machine learning; Reliability engineering,Adversarial Robustness in Machine Learning; Advanced Neural Network Applications; Generative Adversarial Networks and Image Synthesis,Trajectory-related,Challenging the System Under Test,0.5985,0.4345,0.164,True
Bevandic2021DenseImages,Dense outlier detection and open-set recognition based on training with noisy negative images,2021,article,arXiv preprint arXiv:2101.09193,,W3122923658,11,"Deep convolutional models often produce inadequate predictions for inputs foreign to the training distribution. Consequently, the problem of detecting outlier images has recently been receiving a lot of attention. Unlike most previous work, we address this problem in the dense prediction context in order to be able to locate outlier objects in front of in-distribution background. Our approach is based on two reasonable assumptions. First, we assume that the inlier dataset is related to some narrow application field (e.g.~road driving). Second, we assume that there exists a general-purpose dataset which is much more diverse than the inlier dataset (e.g.~ImageNet-1k). We consider pixels from the general-purpose dataset as noisy negative training samples since most (but not all) of them are outliers. We encourage the model to recognize borders between known and unknown by pasting jittered negative patches over inlier training images. Our experiments target two dense open-set recognition benchmarks (WildDash 1 and Fishyscapes) and one dense open-set recognition dataset (StreetHazard). Extensive performance evaluation indicates competitive potential of the proposed approach.",Outlier; Computer science; Artificial intelligence; Pattern recognition (psychology); Context (archaeology); Set (abstract data type); Open set; Anomaly detection; Field (mathematics); Training (meteorology); Pixel; Image (mathematics); Training set,Anomaly Detection Techniques and Applications; Adversarial Robustness in Machine Learning; Domain Adaptation and Few-Shot Learning,Perception-related,Feature and Activation Extraction,0.5256,0.318,0.2076,True
Grcic2022Densehybrid:Recognition,Densehybrid: Hybrid anomaly detection for dense open-set recognition,2022,inproceedings,European Conference on Computer Vision,,W4312601785,56,,Computer science; Anomaly detection; Discriminative model; Open set; Anomaly (physics); Artificial intelligence; Overhead (engineering); Segmentation; Pattern recognition (psychology); Set (abstract data type); Metric (unit); Logarithm; Algorithm,Anomaly Detection Techniques and Applications; Domain Adaptation and Few-Shot Learning; Adversarial Robustness in Machine Learning,Perception-related,Feature and Activation Extraction,0.4172,0.2742,0.1431,True
Cai2020DetectingRegression,Detecting Adversarial Examples in Learning-Enabled Cyber-Physical Systems using Variational Autoencoder for Regression,2020,inproceedings,"2020 IEEE Security and Privacy Workshops, SP Workshops, San Francisco, CA, USA, May 21, 2020",10.1109/spw50608.2020.00050,W3115028727,14,"Learning-enabled components (LECs) are widely used in cyber-physical systems (CPS) since they can handle the uncertainty and variability of the environment and increase the level of autonomy. However, it has been shown that LECs such as deep neural networks (DNN) are not robust and adversarial examples can cause the model to make a false prediction. The paper considers the problem of efficiently detecting adversarial examples in LECs used for regression in CPS. The proposed approach is based on inductive conformal prediction and uses a regression model based on variational autoencoder. The architecture allows to take into consideration both the input and the neural network prediction for detecting adversarial, and more generally, out-of-distribution examples. We demonstrate the method using an advanced emergency braking system implemented in an open source simulator for self-driving cars where a DNN is used to estimate the distance to an obstacle. The simulation results show that the method can effectively detect adversarial examples with a short detection delay.",Autoencoder; Computer science; Adversarial system; Artificial intelligence; Obstacle; Deep learning; Artificial neural network; Machine learning,Adversarial Robustness in Machine Learning; Anomaly Detection Techniques and Applications; Advanced Malware Detection Techniques,Trajectory-related,Challenging the System Under Test,0.4528,0.4337,0.0191,True
Ryu2018DetectingTracking,Detecting ghost targets using multilayer perceptron in multiple-target tracking,2018,article,Symmetry,,W2782189190,18,"This paper deals with a method for removing a ghost target that is not a real object from the output of a multiple object-tracking algorithm. This method uses an artificial neural network (multilayer perceptron) and introduces a structure, learning, verification, and evaluation method for the artificial neural network. The implemented system was tested at an intersection in a city center. Results from a 28-min measurement were 88% accurate when the multilayer perceptron for ghost target classification successfully detected the ghost targets, and 6.7% inaccurate when ghost targets were mistaken for actual targets. This method is expected to contribute to the advancement of intelligent transportation systems if the weaknesses revealed during the evaluation of the system are complemented and refined.",Artificial intelligence; Computer science; Intersection (aeronautics); Artificial neural network; Perceptron; Pattern recognition (psychology); Multilayer perceptron; Tracking (education); Object (grammar); Computer vision; Interference (communication),Target Tracking and Data Fusion in Sensor Networks; Traffic Prediction and Management Techniques; Spectroscopy and Laser Applications,Perception-related,Probability and Confidence Scores,0.316,0.2856,0.0304,True
Xiao2022DetectingSystems,Detecting Hazardous Events: A Framework for Automated Vehicle Safety Systems,2022,article,"IEEE Conference on Intelligent Transportation Systems, Proceedings, ITSC",10.1109/itsc55140.2022.9921988,W4308079985,13,"The driving domain is inherently dangerous. To develop connected and automated vehicles that can detect potential sources of harm, we must clearly define these hazardous events and metrics to detect them. The majority of driving scenarios we face do not materialise harm, but we often face potentially hazardous near-miss scenarios. Potential harm is difficult to quantify when harm is not materialised; thus, few metrics detect these scenarios in the absence of collision and even fewer datasets label non-collision-based hazardous events. This study focuses on detecting near-miss scenarios due to other actors since human error is the primary source of harm. We first provide a concise overview of current event-specific metrics. We then propose an event-agnostic detection framework that exploits vehicle kinematics to detect evasive manoeuvres early and dynamically calculate minimum safe distances. Given inconsistent dataset labelling methods and collision-focused events, we provide a preliminary study to demonstrate an event-agnostic and configurable dataset annotation technique to label hazardous events, even when harm is not materialised. We show promising results detecting hazardous scenes on a labelled simulation benchmark, GTACrash.",Hazardous waste; Computer science; Benchmark (surveying); Event (particle physics); Harm; Face (sociological concept); Collision; Collision avoidance; Data mining; Artificial intelligence; Computer security,Autonomous Vehicle Technology and Safety; Anomaly Detection Techniques and Applications; Human-Automation Interaction and Safety,Trajectory-related,Surrogate Safety Metrics,0.5494,0.3445,0.2049,True
Sastry2020DetectingMatrices,Detecting Out-of-Distribution Examples with Gram Matrices,2020,inproceedings,"Proceedings of the 37th International Conference on Machine Learning, ICML 2020, 13-18 July 2020, Virtual Event",,W3034370310,68,,Gram; Computer science; n-gram; Distribution (mathematics),Neural Networks and Applications; Anomaly Detection Techniques and Applications; Machine Learning and Algorithms,Perception-related,Feature and Activation Extraction,0.2542,0.1834,0.0708,True
Adal2018DetectingEvaluation,Detecting road lanes under extreme conditions: A quantitative performance evaluation,2018,inproceedings,2018 6th International Conference on Control Engineering {\&} Information Technology (CEIT),,W2953831280,3,"Vehicle autonomy definitionally is the act of processing information gathered from the environment and acting on the decisions formed based on this information. Therefore, any autonomous paradigm can only perform as good as the quality of the information it can understand. Lane identification forms the foundation of many of the autonomous drive and driver-assist technologies. However, current methods are not always reliable, especially under the edge-cases. In this paper, we have experimentally evaluated and extended the state-of-the-art deterministic lane detection methods. Our evaluation provides experimental evidence towards their efficacy in extreme cases: real-data with sharp shadows and varying lighting that is recorded through a camera that has a limited field of view. Experimental results suggest that a method that builds similarly to human perception performs better-with an increase of 32% in its accuracy. Our hypothesis is that autonomous vehicles that can perform even under these extreme conditions will play an important role on the fully autonomous systems.",Computer science; Identification (biology); Field (mathematics); Perception; Enhanced Data Rates for GSM Evolution; Artificial intelligence; Quality (philosophy); Exploit; Human–computer interaction; Computer vision; Real-time computing,Autonomous Vehicle Technology and Safety; Video Surveillance and Tracking Methods; Remote Sensing and LiDAR Applications,Trajectory-related,Machine Learning (trajectory),0.4168,0.3972,0.0196,True
Lis2019DetectingResynthesis,Detecting the unexpected via image resynthesis,2019,inproceedings,Proceedings of the IEEE/CVF International Conference on Computer Vision,,W2936458714,12,"Classical semantic segmentation methods, including the recent deep learning ones, assume that all classes observed at test time have been seen during training. In this paper, we tackle the more realistic scenario where unexpected objects of unknown classes can appear at test time. The main trends in this area either leverage the notion of prediction uncertainty to flag the regions with low confidence as unknown, or rely on autoencoders and highlight poorly-decoded regions. Having observed that, in both cases, the detected regions typically do not correspond to unexpected objects, in this paper, we introduce a drastically different strategy: It relies on the intuition that the network will produce spurious labels in regions depicting unexpected objects. Therefore, resynthesizing the image from the resulting semantic map will yield significant appearance differences with respect to the input image. In other words, we translate the problem of detecting unknown classes to one of identifying poorly-resynthesized image regions. We show that this outperforms both uncertainty- and autoencoder-based methods.",Computer science; Artificial intelligence; Autoencoder; Spurious relationship; Leverage (statistics); Intuition; Segmentation; Image (mathematics); Pattern recognition (psychology); Machine learning; Deep learning,Anomaly Detection Techniques and Applications; Adversarial Robustness in Machine Learning; Domain Adaptation and Few-Shot Learning,Perception-related,Foundation Model and Adaptive Learning,0.4851,0.2389,0.2462,True
Olber2023DetectionPatterns,Detection of Out-of-Distribution Samples Using Binary Neuron Activation Patterns,2023,inproceedings,"IEEE CVF Conference on Computer Vision and Pattern Recognition, CVPR 2023, Vancouver, BC, Canada, June 17-24, 2023",10.1109/cvpr52729.2023.00329,W4386075790,14,"Deep neural networks (DNN) have outstanding performance in various applications. Despite numerous efforts of the research community, out-of-distribution (OOD) samples remain a significant limitation of DNN classifiers. The ability to identify previously unseen inputs as novel is crucial in safety-critical applications such as self-driving cars, unmanned aerial vehicles, and robots. Existing approaches to detect OOD samples treat a DNN as a black box and evaluate the confidence score of the output predictions. Unfortunately, this method frequently fails, because DNNs are not trained to reduce their confidence for OOD inputs. In this work, we introduce a novel method for OOD detection. Our method is motivated by theoretical analysis of neuron activation patterns (NAP) in ReLU-based architectures. The proposed method does not introduce a high computational overhead due to the binary representation of the activation patterns extracted from convolutional layers. The extensive empirical evaluation proves its high performance on various DNN architectures and seven image datasets.",Computer science; Binary number; Overhead (engineering); Artificial intelligence; Convolutional neural network; Representation (politics); Deep neural networks; Artificial neural network; Machine learning; Black box; Pattern recognition (psychology),Adversarial Robustness in Machine Learning; Anomaly Detection Techniques and Applications; Advanced Neural Network Applications,Perception-related,Feature and Activation Extraction,0.442,0.274,0.1681,True
Sun2022DICE:Detection,DICE: Leveraging Sparsification for Out-of-Distribution Detection,2022,inproceedings,"Computer Vision - ECCV 2022: 17th European Conference, Tel Aviv, Israel, October 23-27, 2022, Proceedings, Part XXIV",10.1007/978-3-031-20053-3_40,W4312284582,115,,Dice; Computer science; Artificial intelligence; Pruning; Code (set theory); Variance (accounting); Rank (graph theory); Salient; Machine learning,Anomaly Detection Techniques and Applications; Adversarial Robustness in Machine Learning; Machine Learning and Data Classification,Perception-related,Probability and Confidence Scores,0.2924,0.2533,0.0391,True
Ryerson2019EdgeVehicles,Edge conditions and crash-avoidance roles: The future of traffic safety in the world of autonomous vehicles,2019,article,Injury Prevention,10.1136/injuryprev-2017-042567,W2784963114,11,"Self-driving or highly automated vehicle (HAV) technologies, now undergoing public trials in major cities,1 are positioned to bring about transformative change to the entire transportation system. Far from being a distant innovation, retail autonomous vehicles have already been announced by various manufacturers for release as early as 2018, complementing estimates that on-road HAVs will reach market ubiquity as part of a US$7 trillion passenger economy by 2055.2 Transportation planners and policymakers are welcoming HAVs for their potential to positively impact traffic safety by fundamentally changing the interaction and relationship between drivers and vehicles, and how drivers and vehicles collect and process information from their environment. HAVs will not, however, offer safety in every possible condition. As HAV technology will have limits, manufacturers and lawmakers suggest vehicles have an operational design domain (ODD) which specifies under which conditions an autonomous driving mode can perform safely.3 ODDs may require HAVs to avoid mixed vehicle routes, inclement weather conditions or unmarked roads; in general, ODDs reflect the limits of HAV technologies. In engineering terms, these are known as ‘edge conditions’: situations that go beyond the reliable and accurate capability and limits of HAV technology. The injury prevention community must understand how these edge conditions could lead to crashes in order to formulate crash countermeasures which ultimately inform vehicle development standards and training.

The Haddon Matrix, the long-established safety paradigm for injury prevention, has a rich history of helping those focused on transportation safety explicitly separate roles and responsibilities of all drivers, technologies and environmental factors involved in a crash event.4 A new framework and modification of the Haddon Matrix is needed as man–machine–environment interactions will be facilitated by technology and roles in preventing a crash event will be much more shared. While one could argue that the Haddon Matrix was …",Crash; Transport engineering; Odds; Computer security; Engineering; Process (computing); Poison control; Emerging technologies; Occupational safety and health; Risk analysis (engineering); Business,Autonomous Vehicle Technology and Safety; Traffic and Road Safety; Human-Automation Interaction and Safety,Trajectory-related,Surrogate Safety Metrics,0.5472,0.3817,0.1655,True
Ebadi2021EfficientSVL,Efficient and effective generation of test cases for pedestrian detection-search-based software testing of Baidu Apollo in SVL,2021,inproceedings,2021 IEEE International Conference on Artificial Intelligence Testing (AITest),,W3199951670,0,"With the growing capabilities of autonomous vehicles, there is a higher demand for sophisticated and pragmatic quality assurance approaches for machine learning-enabled systems in the automotive AI context. The use of simulation-based prototyping platforms provides the possibility for early-stage testing, enabling inexpensive testing and the ability to capture critical corner-case test scenarios. Simulation-based testing properly complements conventional on-road testing. However, due to the large space of test input parameters in these systems, the efficient generation of effective test scenarios leading to the unveiling of failures is a challenge. This paper presents a study on testing pedestrian detection and emergency braking system of the Baidu Apollo autonomous driving platform within the SVL simulator. We propose an evolutionary automated test generation technique that generates failure-revealing scenarios for Apollo in the SVL environment. Our approach models the input space using a generic and flexible data structure and benefits a multi-criteria safety-based heuristic for the objective function targeted for optimization. This paper presents the results of our proposed test generation technique in the 2021 IEEE Autonomous Driving AI Test Challenge. In order to demonstrate the efficiency and effectiveness of our approach, we also report the results from a baseline random generation technique. Our evaluation shows that the proposed evolutionary test case generator is more effective at generating failure-revealing test cases and provides higher diversity between the generated failures than the random baseline.",Computer science; Random testing; Context (archaeology); Reliability engineering; Scenario testing; Test case; Software; Heuristic; Simulation; Machine learning; Artificial intelligence,Software Testing and Debugging Techniques; Software Reliability and Analysis Research; Adversarial Robustness in Machine Learning,Trajectory-related,Challenging the System Under Test,0.6873,0.3179,0.3694,True
Ramakrishna2021EfficientSystems,Efficient Out-of-Distribution Detection Using Latent Space of $\beta$ -VAE for Cyber-Physical Systems,2021,article,arXiv preprint arXiv:2108.11800,,W3195576835,3,"Deep Neural Networks are actively being used in the design of autonomous Cyber-Physical Systems (CPSs). The advantage of these models is their ability to handle high-dimensional state-space and learn compact surrogate representations of the operational state spaces. However, the problem is that the sampled observations used for training the model may never cover the entire state space of the physical environment, and as a result, the system will likely operate in conditions that do not belong to the training distribution. These conditions that do not belong to training distribution are referred to as Out-of-Distribution (OOD). Detecting OOD conditions at runtime is critical for the safety of CPS. In addition, it is also desirable to identify the context or the feature(s) that are the source of OOD to select an appropriate control action to mitigate the consequences that may arise because of the OOD condition. In this paper, we study this problem as a multi-labeled time series OOD detection problem over images, where the OOD is defined both sequentially across short time windows (change points) as well as across the training data distribution. A common approach to solving this problem is the use of multi-chained one-class classifiers. However, this approach is expensive for CPSs that have limited computational resources and require short inference times. Our contribution is an approach to design and train a single $\beta$-Variational Autoencoder detector with a partially disentangled latent space sensitive to variations in image features. We use the feature sensitive latent variables in the latent space to detect OOD images and identify the most likely feature(s) responsible for the OOD. We demonstrate our approach using an Autonomous Vehicle in the CARLA simulator and a real-world automotive dataset called nuImages.",Computer science; Autoencoder; Inference; Artificial intelligence; Feature (linguistics); Context (archaeology); Machine learning; Feature vector; State space; Space (punctuation); Data mining; Artificial neural network,Anomaly Detection Techniques and Applications; Fault Detection and Control Systems; Adversarial Robustness in Machine Learning,Perception-related,Feature and Activation Extraction,0.385,0.3271,0.0579,True
Huang2018EfficientVideos,Efficient uncertainty estimation for semantic segmentation in videos,2018,inproceedings,Proceedings of the European Conference on Computer Vision (ECCV),,W2884490794,110,,Dropout (neural networks); Computer science; Artificial intelligence; Segmentation; Frame (networking); Monte Carlo method; Bayesian network; Markov chain Monte Carlo; Bayesian probability; Pixel; Artificial neural network; Deep learning; Machine learning; Data mining,Advanced Neural Network Applications; Adversarial Robustness in Machine Learning; Anomaly Detection Techniques and Applications,Perception-related,Probability and Confidence Scores,0.5449,0.1744,0.3705,True
Liu2020Energy-basedDetection,Energy-based Out-of-distribution Detection,2020,inproceedings,"Advances in Neural Information Processing Systems 33: Annual Conference on Neural Information Processing Systems 2020, NeurIPS 2020, December 6-12, 2020, virtual",,W3092527263,432,"Determining whether inputs are out-of-distribution (OOD) is an essential building block for safely deploying machine learning models in the open world. However, previous methods relying on the softmax confidence score suffer from overconfident posterior distributions for OOD data. We propose a unified framework for OOD detection that uses an energy score. We show that energy scores better distinguish in- and out-of-distribution samples than the traditional approach using the softmax scores. Unlike softmax confidence scores, energy scores are theoretically aligned with the probability density of the inputs and are less susceptible to the overconfidence issue. Within this framework, energy can be flexibly used as a scoring function for any pre-trained neural classifier as well as a trainable cost function to shape the energy surface explicitly for OOD detection. On a CIFAR-10 pre-trained WideResNet, using the energy score reduces the average FPR (at TPR 95%) by 18.03% compared to the softmax confidence score. With energy-based training, our method outperforms the state-of-the-art on common benchmarks.",Softmax function; Overconfidence effect; Confidence interval; Artificial intelligence; Computer science; Energy (signal processing); Classifier (UML); Machine learning; Artificial neural network; Pattern recognition (psychology); Statistics,Adversarial Robustness in Machine Learning; Anomaly Detection Techniques and Applications; Domain Adaptation and Few-Shot Learning,Perception-related,Probability and Confidence Scores,0.3885,0.2478,0.1406,True
Liu2020Energy-basedDetectionb,Energy-based Out-of-distribution Detection,2020,inproceedings,NeurIPS 2020,,W3092527263,432,"Determining whether inputs are out-of-distribution (OOD) is an essential building block for safely deploying machine learning models in the open world. However, previous methods relying on the softmax confidence score suffer from overconfident posterior distributions for OOD data. We propose a unified framework for OOD detection that uses an energy score. We show that energy scores better distinguish in- and out-of-distribution samples than the traditional approach using the softmax scores. Unlike softmax confidence scores, energy scores are theoretically aligned with the probability density of the inputs and are less susceptible to the overconfidence issue. Within this framework, energy can be flexibly used as a scoring function for any pre-trained neural classifier as well as a trainable cost function to shape the energy surface explicitly for OOD detection. On a CIFAR-10 pre-trained WideResNet, using the energy score reduces the average FPR (at TPR 95%) by 18.03% compared to the softmax confidence score. With energy-based training, our method outperforms the state-of-the-art on common benchmarks.",Softmax function; Overconfidence effect; Confidence interval; Artificial intelligence; Computer science; Energy (signal processing); Classifier (UML); Machine learning; Artificial neural network; Pattern recognition (psychology); Statistics,Adversarial Robustness in Machine Learning; Anomaly Detection Techniques and Applications; Domain Adaptation and Few-Shot Learning,Perception-related,Probability and Confidence Scores,0.3885,0.2478,0.1406,True
Liang2018EnhancingNetworks,Enhancing The Reliability of Out-of-distribution Image Detection in Neural Networks,2018,inproceedings,"6th International Conference on Learning Representations, ICLR 2018, Vancouver, BC, Canada, April 30 - May 3, 2018, Conference Track Proceedings",,W2767414122,649,"We consider the problem of detecting out-of-distribution images in neural networks. We propose ODIN, a simple and effective method that does not require any change to a pre-trained neural network. Our method is based on the observation that using temperature scaling and adding small perturbations to the input can separate the softmax score distributions between in- and out-of-distribution images, allowing for more effective detection. We show in a series of experiments that ODIN is compatible with diverse network architectures and datasets. It consistently outperforms the baseline approach by a large margin, establishing a new state-of-the-art performance on this task. For example, ODIN reduces the false positive rate from the baseline 34.7% to 4.3% on the DenseNet (applied to CIFAR-10) when the true positive rate is 95%.",Softmax function; Margin (machine learning); Computer science; Reliability (semiconductor); Artificial neural network; Baseline (sea); Artificial intelligence; Pattern recognition (psychology); Image (mathematics); Task (project management); Scaling; Simple (philosophy); Machine learning; Data mining,Adversarial Robustness in Machine Learning; Advanced Neural Network Applications; Anomaly Detection Techniques and Applications,Perception-related,Probability and Confidence Scores,0.4304,0.1792,0.2512,True
katz2022training,Training ood detectors in their natural habitats,2022,inproceedings,International Conference on Machine Learning,,W4226207566,15,"Out-of-distribution (OOD) detection is important for machine learning models deployed in the wild. Recent methods use auxiliary outlier data to regularize the model for improved OOD detection. However, these approaches make a strong distributional assumption that the auxiliary outlier data is completely separable from the in-distribution (ID) data. In this paper, we propose a novel framework that leverages wild mixture data, which naturally consists of both ID and OOD samples. Such wild data is abundant and arises freely upon deploying a machine learning classifier in their natural habitats. Our key idea is to formulate a constrained optimization problem and to show how to tractably solve it. Our learning objective maximizes the OOD detection rate, subject to constraints on the classification error of ID data and on the OOD error rate of ID examples. We extensively evaluate our approach on common OOD detection tasks and demonstrate superior performance.",Computer science; Outlier; Classifier (UML); Artificial intelligence; Machine learning; Training set; Labeled data; Anomaly detection; Key (lock); Data mining,Anomaly Detection Techniques and Applications; Machine Learning and Data Classification; Domain Adaptation and Few-Shot Learning,Perception-related,Feature and Activation Extraction,0.382,0.2953,0.0867,True
Bai2023FeedDetection,Feed Two Birds with One Scone: Exploiting Wild Data for Both Out-of-Distribution Generalization and Detection,2023,inproceedings,ICML 2023,,W4380994347,7,"Modern machine learning models deployed in the wild can encounter both covariate and semantic shifts, giving rise to the problems of out-of-distribution (OOD) generalization and OOD detection respectively. While both problems have received significant research attention lately, they have been pursued independently. This may not be surprising, since the two tasks have seemingly conflicting goals. This paper provides a new unified approach that is capable of simultaneously generalizing to covariate shifts while robustly detecting semantic shifts. We propose a margin-based learning framework that exploits freely available unlabeled data in the wild that captures the environmental test-time OOD distributions under both covariate and semantic shifts. We show both empirically and theoretically that the proposed margin constraint is the key to achieving both OOD generalization and detection. Extensive experiments show the superiority of our framework, outperforming competitive baselines that specialize in either OOD generalization or OOD detection. Code is publicly available at https://github.com/deeplearning-wisc/scone.",Generalization; Margin (machine learning); Computer science; Covariate; Constraint (computer-aided design); Exploit; Artificial intelligence; Key (lock); Machine learning; Code (set theory),Anomaly Detection Techniques and Applications; Time Series Analysis and Forecasting; Hydrological Forecasting Using AI,Perception-related,Foundation Model and Adaptive Learning,0.3102,0.3068,0.0034,True
gtsrb,Man vs. computer: Benchmarking machine learning algorithms for traffic sign recognition,2012,article,Neural Networks,10.1016/j.neunet.2012.02.016,W2067713319,1514,,Benchmarking; Computer science; Traffic sign recognition; Artificial intelligence; Machine learning; Algorithm; Sign (mathematics); Pattern recognition (psychology); Traffic sign,Video Surveillance and Tracking Methods; Vehicle License Plate Recognition; Advanced Neural Network Applications,Trajectory-related,Machine Learning (trajectory),0.3062,0.3913,-0.085,False
Chipengo2018FromSimulation,"From antenna design to high fidelity, full physics automotive radar sensor corner case simulation",2018,article,Modelling and Simulation in Engineering,,W2907377465,30,"Advanced driver assistance systems (ADAS) have recently been thrust into the spotlight in the automotive industry as carmakers and technology companies pursue effective active safety systems and fully autonomous vehicles. Various sensors such as lidar (light detection and ranging), radar (radio detection and ranging), ultrasonic, and optical cameras are employed to provide situational awareness to vehicles in a highly dynamic environment. Radar has emerged as a primary sensor technology for both active/passive safety and comfort-advanced driver-assistance systems. Physically building and testing radar systems to demonstrate reliability is an expensive and time-consuming process. Simulation emerges as the most practical solution to designing and testing radar systems. This paper provides a complete, full physics simulation workflow for automotive radar using finite element method and asymptotic ray tracing electromagnetic solvers. The design and optimization of both transmitter and receiver antennas is presented. Antenna interaction with vehicle bumper and fascia is also investigated. A full physics-based radar scene corner case is modelled to obtain high-fidelity range-Doppler maps. Finally, this paper investigates the effects of inclined roads on late pedestrian detection and the effects of construction metal plate radar returns on false target identification. Possible solutions are suggested and validated. Results from this study show how pedestrian radar returns can be increased by over 16 dB for early detection along with a 27 dB reduction in road construction plate radar returns to suppress false target identification. Both solutions to the above corner cases can potentially save pedestrian lives and prevent future accidents.",Radar; Advanced driver assistance systems; Pedestrian detection; Automotive industry; Radar lock-on; Man-portable radar; Fire-control radar; Radar engineering details; Lidar; Engineering; Antenna (radio); Computer science; Continuous-wave radar; Real-time computing; Radar imaging,Radar Systems and Signal Processing; Electromagnetic Compatibility and Measurements; Advanced Optical Sensing Technologies,Perception-related,Other Perception Methods,0.3195,0.1847,0.1348,True
Liu2018FutureBaseline,Future frame prediction for anomaly detection–a new baseline,2018,inproceedings,Proceedings of the IEEE conference on computer vision and pattern recognition,,W2963610939,1437,"Anomaly detection in videos refers to the identification of events that do not conform to expected behavior. However, almost all existing methods tackle the problem by minimizing the reconstruction errors of training data, which cannot guarantee a larger reconstruction error for an abnormal event. In this paper, we propose to tackle the anomaly detection problem within a video prediction framework. To the best of our knowledge, this is the first work that leverages the difference between a predicted future frame and its ground truth to detect an abnormal event. To predict a future frame with higher quality for normal events, other than the commonly used appearance (spatial) constraints on intensity and gradient, we also introduce a motion (temporal) constraint in video prediction by enforcing the optical flow between predicted frames and ground truth frames to be consistent, and this is the first work that introduces a temporal constraint into the video prediction task. Such spatial and motion constraints facilitate the future frame prediction for normal events, and consequently facilitate to identify those abnormal events that do not conform the expectation. Extensive experiments on both a toy dataset and some publicly available datasets validate the effectiveness of our method in terms of robustness to the uncertainty in normal events and the sensitivity to abnormal events. All codes are released in https://github.com/StevenLiuWen/ano_pred_cvpr2018.",Computer science; Anomaly detection; Robustness (evolution); Ground truth; Frame (networking); Artificial intelligence; Optical flow; Anomaly (physics); Event (particle physics); Baseline (sea); Constraint (computer-aided design); Data mining; Computer vision; Task (project management); Identification (biology); Machine learning; Pattern recognition (psychology),Anomaly Detection Techniques and Applications; Human Pose and Action Recognition; Artificial Immune Systems Applications,Trajectory-related,Machine Learning (trajectory),0.4582,0.2876,0.1706,True
Hashemi2021Gaussian-BasedNetworks,Gaussian-Based Runtime Detection of Out-of-distribution Inputs for Neural Networks,2021,inproceedings,"Runtime Verification - 21st International Conference, RV 2021, Virtual Event, October 11-14, 2021, Proceedings",10.1007/978-3-030-88494-9_14,W3204351398,9,,Computer science; Gaussian; Artificial neural network; Simplicity; Simple (philosophy); Deep neural networks; Artificial intelligence; Interval (graph theory); Algorithm; Pattern recognition (psychology),Adversarial Robustness in Machine Learning; Anomaly Detection Techniques and Applications; Fault Detection and Control Systems,Perception-related,Feature and Activation Extraction,0.3212,0.3216,-0.0004,False
Hsu2020GeneralizedData,Generalized odin: Detecting out-of-distribution image without learning from out-of-distribution data,2020,inproceedings,Proceedings of the IEEE/CVF conference on computer vision and pattern recognition,,W3034230713,456,"Deep neural networks have attained remarkable performance when applied to data that comes from the same distribution as that of the training set, but can significantly degrade otherwise. Therefore, detecting whether an example is out-of-distribution (OoD) is crucial to enable a system that can reject such samples or alert users. Recent works have made significant progress on OoD benchmarks consisting of small image datasets. However, many recent methods based on neural networks rely on training or tuning with both in-distribution and out-of-distribution data. The latter is generally hard to define a-priori, and its selection can easily bias the learning. We base our work on a popular method ODIN, proposing two strategies for freeing it from the needs of tuning with OoD data, while improving its OoD detection performance. We specifically propose to decompose confidence scoring as well as a modified input pre-processing method. We show that both of these significantly help in detection performance. Our further analysis on a larger scale image dataset shows that the two types of distribution shifts, specifically semantic shift and non-semantic shift, present a significant difference in the difficulty of the problem, providing an analysis of when ODIN-like strategies do or do not work.",Computer science; A priori and a posteriori; Set (abstract data type); Artificial intelligence; Data mining; Machine learning; Artificial neural network; Data set; Training set; Selection (genetic algorithm); Pattern recognition (psychology),Anomaly Detection Techniques and Applications; Adversarial Robustness in Machine Learning; Advanced Neural Network Applications,Perception-related,Probability and Confidence Scores,0.4378,0.2255,0.2124,True
Yang2021GeneralizedSurvey,Generalized Out-of-Distribution Detection: A Survey,2021,article,CoRR,,W4399929809,399,,Pattern recognition (psychology); Artificial intelligence; Distribution (mathematics); Computer science; Mathematics; Statistics,Anomaly Detection Techniques and Applications; Water Systems and Optimization; Digital Media Forensic Detection,Perception-related,Feature and Activation Extraction,0.2741,0.2769,-0.0028,False
Chamseddine2021GhostNetwork,Ghost target detection in 3d radar data using point cloud based deep neural network,2021,inproceedings,2020 25th International Conference on Pattern Recognition (ICPR),,W3158378210,41,"Ghost targets are targets that appear at wrong locations in radar data and are caused by the presence of multiple indirect reflections between the target and the sensor. In this work, we introduce the first point based deep learning approach for ghost target detection in 3D radar point clouds. This is done by extending the PointNet network architecture by modifying its input to include radar point features beyond location and introducing skip connetions. We compare different input modalities and analyze the effects of the changes we introduced. We also propose an approach for automatic labeling of ghost targets 3D radar data using lidar as reference. The algorithm is trained and tested on real data in various driving scenarios and the tests show promising results in classifying real and ghost radar targets.",Computer science; Point cloud; Radar; Artificial intelligence; Lidar; Deep learning; Radar imaging; Computer vision; Object detection; Artificial neural network; Radar tracker; Radar engineering details; Point (geometry); Remote sensing,Microwave Imaging and Scattering Analysis; Geophysical Methods and Applications; Advanced Optical Sensing Technologies,Perception-related,Reconstructive and Generative,0.3815,0.2764,0.1051,True
Liang2022Gmmseg:Models,Gmmseg: Gaussian mixture based generative semantic segmentation models,2022,article,Advances in Neural Information Processing Systems,,,,,,,Perception-related,Reconstructive and Generative,0.4324,0.2228,0.2096,True
Wong2020IdentifyingDriving,Identifying unknown instances for autonomous driving,2020,inproceedings,Conference on Robot Learning,,W3031208025,57,"In the past few years, we have seen great progress in perception algorithms, particular through the use of deep learning. However, most existing approaches focus on a few categories of interest, which represent only a small fraction of the potential categories that robots need to handle in the real-world. Thus, identifying objects from unknown classes remains a challenging yet crucial task. In this paper, we develop a novel open-set instance segmentation algorithm for point clouds which can segment objects from both known and unknown classes in a holistic way. Our method uses a deep convolutional neural network to project points into a category-agnostic embedding space in which they can be clustered into instances irrespective of their semantics. Experiments on two large-scale self-driving datasets validate the effectiveness of our proposed method.",Computer science; Artificial intelligence; Convolutional neural network; Semantics (computer science); Focus (optics); Embedding; Task (project management); Set (abstract data type); Deep learning; Segmentation; Machine learning; Scale (ratio),Advanced Neural Network Applications; Robotic Path Planning Algorithms; Autonomous Vehicle Technology and Safety,Perception-related,Foundation Model and Adaptive Learning,0.4634,0.3869,0.0765,True
Wischnewski2022IndyLimits,Indy autonomous challenge-autonomous race cars at the handling limits,2022,inproceedings,12th International Munich Chassis Symposium 2021: chassis. tech plus,,W4225642194,52,,Software; Benchmark (surveying); Evasion (ethics); Engineering; Systems engineering; Workflow; Computer science; Control engineering; Simulation,Autonomous Vehicle Technology and Safety; Vehicle Dynamics and Control Systems; Real-time simulation and control systems,Trajectory-related,Challenging the System Under Test,0.4948,0.3599,0.135,True
Lukina2021IntoNetworks,Into the Unknown: Active Monitoring of Neural Networks,2021,inproceedings,"Runtime Verification - 21st International Conference, RV 2021, Virtual Event, October 11-14, 2021, Proceedings",10.1007/978-3-030-88494-9_3,W3085626879,26,,Computer science; Classifier (UML); Artificial neural network; Artificial intelligence; Machine learning; Set (abstract data type); Adaptation (eye); Data mining; Class (philosophy),Anomaly Detection Techniques and Applications; Data Stream Mining Techniques; Adversarial Robustness in Machine Learning,Perception-related,Feature and Activation Extraction,0.2811,0.2966,-0.0155,False
Xu2015LearningDetection,Learning deep representations of appearance and motion for anomalous event detection,2015,article,arXiv preprint arXiv:1510.01553,,W2962791923,540,"We present a novel unsupervised deep learning framework for anomalous event detection in complex video scenes. While most existing works merely use hand-crafted appearance and motion features, we propose Appearance and Motion DeepNet (AMDN) which utilizes deep neural networks to automatically learn feature representations. To exploit the complementary information of both appearance and motion patterns, we introduce a novel double fusion framework, combining both the benefits of traditional early fusion and late fusion strategies. Specifically, stacked denoising autoencoders are proposed to separately learn both appearance and motion features as well as a joint representation (early fusion). Based on the learned representations, multiple one-class SVM models are used to predict the anomaly scores of each input, which are then integrated with a late fusion strategy for final anomaly detection. We evaluate the proposed method on two publicly available video surveillance datasets, showing competitive performance with respect to state of the art approaches.",Artificial intelligence; Computer science; Motion (physics); Anomaly detection; Exploit; Event (particle physics); Representation (politics); Pattern recognition (psychology); Feature learning; Deep learning; Feature (linguistics); Fusion; Computer vision,Anomaly Detection Techniques and Applications; Video Surveillance and Tracking Methods; Human Pose and Action Recognition,Perception-related,Feature and Activation Extraction,0.5134,0.2511,0.2622,True
Lv2021LearningNetwork,Learning normal dynamics in videos with meta prototype network,2021,inproceedings,Proceedings of the IEEE CVF conference on computer vision and pattern recognition,,W3176309086,208,"Frame reconstruction (current or future frame) based on Auto-Encoder (AE) is a popular method for video anomaly detection. With models trained on the normal data, the reconstruction errors of anomalous scenes are usually much larger than those of normal ones. Previous methods introduced the memory bank into AE, for encoding diverse normal patterns across the training videos. However, they are memory-consuming and cannot cope with unseen new scenarios in the testing data. In this work, we propose a dynamic prototype unit (DPU) to encode the normal dynamics as prototypes in real time, free from extra memory cost. In addition, we introduce meta-learning to our DPU to form a novel few-shot normalcy learner, namely Meta-Prototype Unit (MPU). It enables the fast adaption capability on new scenes by only consuming a few iterations of update. Extensive experiments are conducted on various benchmarks. The superior performance over the state-of-the-art demonstrates the effectiveness of our method. Our code is available at https://github.com/ktr-hubrt/MPN/.",Computer science; ENCODE; Encoder; Encoding (memory); Frame (networking); Code (set theory); Artificial intelligence; Computer vision,Anomaly Detection Techniques and Applications; Human Pose and Action Recognition; Video Surveillance and Tracking Methods,Perception-related,Foundation Model and Adaptive Learning,0.4293,0.2454,0.1839,True
Cultrera2023LeveragingDetection,Leveraging Visual Attention for out-of-Distribution Detection,2023,inproceedings,Proceedings of the IEEE/CVF International Conference on Computer Vision (ICCV) Workshops,,W4390190101,6,"Out-of-Distribution (OOD) detection is a crucial challenge in computer vision, especially when deploying machine learning models in the real world. In this paper, we propose a novel OOD detection method leveraging Visual Attention Heatmaps from a Vision Transformer (ViT) classifier. Our approach involves training a Convolutional Autoencoder to reconstruct attention heatmaps produced by a ViT classifier, enabling accurate image reconstruction and effective OOD detection. Moreover, our method does not require additional labels during training, ensuring efficiency and ease of implementation. We validate our approach on a standard OOD benchmark using CIFAR10 and CIFAR100. To test OOD in a real-world setting we also collected a novel dataset: WildCapture. Our new dataset comprises more than 60k wild animal shots, from 15 different wildlife species, taken via phototraps in varying lighting conditions. The dataset is fully annotated with animal bounding boxes and species.",Computer science; Bounding overwatch; Artificial intelligence; Autoencoder; Classifier (UML); Machine learning; Benchmark (surveying); Object detection; Pattern recognition (psychology); Training set; Deep learning,Adversarial Robustness in Machine Learning; Domain Adaptation and Few-Shot Learning; Advanced Neural Network Applications,Perception-related,Foundation Model and Adaptive Learning,0.3625,0.1363,0.2262,True
Ren2019LikelihoodDetection,Likelihood Ratios for Out-of-Distribution Detection,2019,inproceedings,"Advances in Neural Information Processing Systems 32: Annual Conference on Neural Information Processing Systems 2019, NeurIPS 2019, December 8-14, 2019, Vancouver, BC, Canada",,W2948689753,8,"Discriminative neural networks offer little or no performance guarantees when deployed on data not generated by the same process as the training distribution. On such out-of-distribution (OOD) inputs, the prediction may not only be erroneous, but confidently so, limiting the safe deployment of classifiers in real-world applications. One such challenging application is bacteria identification based on genomic sequences, which holds the promise of early detection of diseases, but requires a model that can output low confidence predictions on OOD genomic sequences from new bacteria that were not present in the training data. We introduce a genomics dataset for OOD detection that allows other researchers to benchmark progress on this important problem. We investigate deep generative model based approaches for OOD detection and observe that the likelihood score is heavily affected by population level background statistics. We propose a likelihood ratio method for deep generative models which effectively corrects for these confounding background statistics. We benchmark the OOD detection performance of the proposed method against existing approaches on the genomics dataset and show that our method achieves state-of-the-art performance. We demonstrate the generality of the proposed method by showing that it significantly improves OOD detection when applied to deep generative models of images.",Benchmark (surveying); Computer science; Discriminative model; Generality; Artificial intelligence; Machine learning; Generative model; Deep learning; Data mining; Pattern recognition (psychology); Generative grammar,Generative Adversarial Networks and Image Synthesis; Genomics and Phylogenetic Studies; Machine Learning in Bioinformatics,Perception-related,Probability and Confidence Scores,0.3437,0.2144,0.1293,True
Gupta2018Mergenet:Discovery,Mergenet: A deep net architecture for small obstacle discovery,2018,inproceedings,2018 IEEE International Conference on Robotics and Automation (ICRA),,W2791898919,3,"We present here, a novel network architecture called MergeNet for discovering small obstacles for on-road scenes in the context of autonomous driving. The basis of the architecture rests on the central consideration of training with less amount of data since the physical setup and the annotation process for small obstacles is hard to scale. For making effective use of the limited data, we propose a multi-stage training procedure involving weight-sharing, separate learning of low and high level features from the RGBD input and a refining stage which learns to fuse the obtained complementary features. The model is trained and evaluated on the Lost and Found dataset and is able to achieve state-of-art results with just 135 images in comparison to the 1000 images used by the previous benchmark. Additionally, we also compare our results with recent methods trained on 6000 images and show that our method achieves comparable performance with only 1000 training samples.",Computer science; Benchmark (surveying); Artificial intelligence; Fuse (electrical); Context (archaeology); Architecture; Process (computing); Obstacle; Machine learning; Network architecture; Deep learning; Pattern recognition (psychology),Advanced Neural Network Applications; Autonomous Vehicle Technology and Safety; Video Surveillance and Tracking Methods,Perception-related,Foundation Model and Adaptive Learning,0.4698,0.3406,0.1293,True
Stocco2020MisbehaviourSystems,Misbehaviour prediction for autonomous driving systems,2020,inproceedings,Proceedings of the ACM/IEEE 42nd international conference on software engineering,,W3089756992,138,"Deep Neural Networks (DNNs) are the core component of modern autonomous driving systems. To date, it is still unrealistic that a DNN will generalize correctly to all driving conditions. Current testing techniques consist of offline solutions that identify adversarial or corner cases for improving the training phase.",Adversarial system; Computer science; Component (thermodynamics); Core (optical fiber); Artificial neural network; Artificial intelligence; Deep neural networks; Machine learning,Adversarial Robustness in Machine Learning; Anomaly Detection Techniques and Applications; Autonomous Vehicle Technology and Safety,Trajectory-related,Challenging the System Under Test,0.5602,0.5057,0.0545,True
Fridman2019MITAutomation,MIT advanced vehicle technology study: Large-scale naturalistic driving study of driver behavior and interaction with automation,2019,article,IEEE Access,,W2959716684,225,"Today, and possibly for a long time to come, the full driving task is too complex an activity to be fully formalized as a sensing-acting robotics system that can be explicitly solved through model-based and learning-based approaches in order to achieve full unconstrained vehicle autonomy. Localization, mapping, scene perception, vehicle control, trajectory optimization, and higher-level planning decisions associated with autonomous vehicle development remain full of open challenges. This is especially true for unconstrained, real-world operation where the margin of allowable error is extremely small and the number of edge-cases is extremely large. Until these problems are solved, human beings will remain an integral part of the driving task, monitoring the AI system as it performs anywhere from just over 0% to just under 100% of the driving. The governing objectives of the MIT Advanced Vehicle Technology (MIT-AVT) study are to 1) undertake large-scale real-world driving data collection that includes high-definition video to fuel the development of deep learning-based internal and external perception systems; 2) gain a holistic understanding of how human beings interact with vehicle automation technology by integrating video data with vehicle state data, driver characteristics, mental models, and self-reported experiences with technology; and 3) identify how technology and other factors related to automation adoption and use can be improved in ways that save lives. In pursuing these objectives, we have instrumented 23 Tesla Model S and Model X vehicles, 2 Volvo S90 vehicles, 2 Range Rover Evoque, and 2 Cadillac CT6 vehicles for both long-term (over a year per driver) and medium-term (one month per driver) naturalistic driving data collection. Furthermore, we are continually developing new methods for the analysis of the massive-scale dataset collected from the instrumented vehicle fleet. The recorded data streams include IMU, GPS, and CAN messages, and high-definition video streams of the driver's face, the driver cabin, the forward roadway, and the instrument cluster (on select vehicles). The study is on-going and growing. To date, we have 122 participants, 15610 days of participation, 511638 mi, and 7.1 billion video frames. This paper presents the design of the study, the data collection hardware, the processing of the data, and the computer vision algorithms currently being used to extract actionable knowledge from the data.",Automation; Computer science; Global Positioning System; Data collection; Advanced driver assistance systems; Scale (ratio); Inertial measurement unit,Autonomous Vehicle Technology and Safety; Human-Automation Interaction and Safety; Video Surveillance and Tracking Methods,Trajectory-related,Machine Learning (trajectory),0.5374,0.5098,0.0276,True
Ding2020Mit-avtScenarios,Mit-avt clustered driving scene dataset: Evaluating perception systems in real-world naturalistic driving scenarios,2020,inproceedings,2020 IEEE Intelligent Vehicles Symposium (IV),,W3120426221,10,"Solving the driving scene perception problem for driver-assistance systems and autonomous vehicles requires accurate and robust performance in both regularly-occurring driving scenarios (termed “common cases”) and rare outlier scenarios (termed “edge cases”). We propose an automated method for clustering common cases and detecting edge cases based on the visual characteristics of the external scene using deep learning. We apply this approach to develop a large-scale real-world video driving scene dataset of edge cases and common cases. This dataset consists of 1,156,592 10-second video clips, including 450 clusters of common cases, and 5,601 edge cases. We assign human-interpretable metadata labels (e.g., weather, lighting conditions) to the clusters through manual annotation. We further propose two automated methods for large-scale evaluation of scene segmentation models on naturalistic driving datasets that can capture potential system failures without human inspection. Video illustrations of select clusters will be made available to help with future research.",Perception; Computer science; Artificial intelligence,Video Surveillance and Tracking Methods; Advanced Neural Network Applications; Generative Adversarial Networks and Image Synthesis,Perception-related,Foundation Model and Adaptive Learning,0.5064,0.3621,0.1443,True
Lin2021Mood:Detection,Mood: Multi-level out-of-distribution detection,2021,inproceedings,Proceedings of the IEEE CVF Conference on Computer Vision and Pattern Recognition,,W3159616808,77,"Out-of-distribution (OOD) detection is essential to prevent anomalous inputs from causing a model to fail during deployment. While improved OOD detection methods have emerged, they often rely on the final layer outputs and require a full feedforward pass for any given input. In this paper, we propose a novel framework, multi-level out-of-distribution detection (MOOD), which exploits intermediate classifier outputs for dynamic and efficient OOD inference. We explore and establish a direct relationship between the OOD data complexity and optimal exit level, and show that easy OOD examples can be effectively detected early without propagating to deeper layers. At each exit, the OOD examples can be distinguished through our proposed adjusted energy score, which is both empirically and theoretically suitable for networks with multiple classifiers. We extensively evaluate MOOD across 10 OOD datasets spanning a wide range of complexities. Experiments demonstrate that MOOD achieves up to 71.05% computational reduction in inference, while maintaining competitive OOD detection performance.",Computer science; Inference; Exploit; Software deployment; Classifier (UML); Mood; Range (aeronautics); Artificial intelligence; Machine learning; Data mining,Anomaly Detection Techniques and Applications; Network Security and Intrusion Detection; Advanced Chemical Sensor Technologies,Perception-related,Reconstructive and Generative,0.2568,0.1791,0.0777,True
Ji2020Multi-modalEnvironments,Multi-modal anomaly detection for unstructured and uncertain environments,2020,article,arXiv preprint arXiv:2012.08637,,W3110913339,13,"To achieve high-levels of autonomy, modern robots require the ability to detect and recover from anomalies and failures with minimal human supervision. Multi-modal sensor signals could provide more information for such anomaly detection tasks; however, the fusion of high-dimensional and heterogeneous sensor modalities remains a challenging problem. We propose a deep learning neural network: supervised variational autoencoder (SVAE), for failure identification in unstructured and uncertain environments. Our model leverages the representational power of VAE to extract robust features from high-dimensional inputs for supervised learning tasks. The training objective unifies the generative model and the discriminative model, thus making the learning a one-stage procedure. Our experiments on real field robot data demonstrate superior failure identification performance than baseline methods, and that our model learns interpretable representations. Videos of our results are available on our website: https://sites.google.com/illinois.edu/supervised-vae .",Anomaly (physics); Anomaly detection; Modal; Computer science; Geology,Anomaly Detection Techniques and Applications; Fault Detection and Control Systems; Water Systems and Optimization,Perception-related,Reconstructive and Generative,0.4904,0.3279,0.1626,True
Liu2020MultipathRadars,Multipath propagation analysis and ghost target removal for FMCW automotive radars,2020,inproceedings,IET International Radar Conference (IET IRC 2020),,W3201093223,62,,Multipath propagation; Remote sensing; Continuous-wave radar; Computer science; Radar; Environmental science; Geology,Radar Systems and Signal Processing; Microwave Imaging and Scattering Analysis; Advanced SAR Imaging Techniques,Trajectory-related,Surrogate Safety Metrics,0.1597,0.1683,-0.0086,False
Tajwar2021NoDatasets,No True State-of-the-Art? OOD Detection Methods are Inconsistent across Datasets,2021,article,CoRR,,W3199830576,8,"Out-of-distribution detection is an important component of reliable ML systems. Prior literature has proposed various methods (e.g., MSP (Hendrycks &amp; Gimpel, 2017), ODIN (Liang et al., 2018), Mahalanobis (Lee et al., 2018)), claiming they are state-of-the-art by showing they outperform previous methods on a selected set of in-distribution (ID) and out-of-distribution (OOD) datasets. In this work, we show that none of these methods are inherently better at OOD detection than others on a standardized set of 16 (ID, OOD) pairs. We give possible explanations for these inconsistencies with simple toy datasets where whether one method outperforms another depends on the structure of the ID and OOD datasets in question. Finally, we show that a method outperforming another on a certain (ID, OOD) pair may not do so in a low-data regime. In the low-data regime, we propose a distance-based method, Pairwise OOD detection (POD), which is based on Siamese networks and improves over Mahalanobis by sidestepping the expensive covariance estimation step. Our results suggest that the OOD detection problem may be too broad, and we should consider more specific structures for leverage.",Mahalanobis distance; Pairwise comparison; Leverage (statistics); Computer science; Data mining; Set (abstract data type); Covariance; Artificial intelligence; Machine learning,Adversarial Robustness in Machine Learning; Machine Learning and Data Classification; Data Stream Mining Techniques,Perception-related,Other Perception Methods,0.2231,0.2091,0.014,True
Choi2020NoveltyBlurring,Novelty detection via blurring,2020,inproceedings,The International Conference on Learning Representations (ICLR) 2020,,W2991167084,13,"Conventional out-of-distribution (OOD) detection schemes based on variational autoencoder or Random Network Distillation (RND) have been observed to assign lower uncertainty to the OOD than the target distribution. In this work, we discover that such conventional novelty detection schemes are also vulnerable to the blurred images. Based on the observation, we construct a novel RND-based OOD detector, SVD-RND, that utilizes blurred images during training. Our detector is simple, efficient at test time, and outperforms baseline OOD detectors in various domains. Further results show that SVD-RND learns better target distribution representation than the baseline RND algorithm. Finally, SVD-RND combined with geometric transform achieves near-perfect detection accuracy on the CelebA dataset.",Novelty; Novelty detection; Computer science; Artificial intelligence,Anomaly Detection Techniques and Applications; Fault Detection and Control Systems; Time Series Analysis and Forecasting,Perception-related,Reconstructive and Generative,0.4594,0.1969,0.2624,True
Pfeil2022OnDriving,On Why the System Makes the Corner Case: AI-based Holistic Anomaly Detection for Autonomous Driving,2022,inproceedings,2022 IEEE Intelligent Vehicles Symposium (IV),10.1109/iv51971.2022.9827078,W4286285539,13,"One big challenge regarding the development of highly automated driving (HAD) functions is validation and, in particular, providing proof of the desired functionality in any given scenario. Especially, corner cases, representing atypical, rare scenarios such as unexpected object movements are of high interest and thus must be detected to treat them with special attention. First, this paper presents a taxonomy for corner cases (CC) with focus on HAD. Specifically, so-called systemic corner cases (SCC) are introduced. Next, a feasibility study is presented on how these SCCs can be detected using different Machine Learning (ML) approaches for anomaly detection. We propose to use a hybrid ensemble of a One-Class Support Vector Machine (OCSVM) and a Clustering-Based Local Outlier Factor (CBLOF) incorporating domain knowledge to account for the nature of corner cases in timely correlated scenarios. The underlying data are unlabeled multivariate time series of HAD-system internal variables. Our experiments on both, synthetically generated and representative real-world CC, show that the hybrid ensemble can detect a variety of real corner cases, which allows for promising validation support of HAD functions.",Anomaly detection; Computer science; Support vector machine; Artificial intelligence; Cluster analysis; Machine learning; Domain (mathematical analysis); Focus (optics); Object detection; Local outlier factor; Class (philosophy); Data mining; Outlier; Ensemble learning; Pattern recognition (psychology),Anomaly Detection Techniques and Applications; Time Series Analysis and Forecasting; Data-Driven Disease Surveillance,Trajectory-related,Machine Learning (trajectory),0.5023,0.4233,0.079,True
Gupta2020OnlineEstimation,Online Monitoring for Neural Network Based Monocular Pedestrian Pose Estimation,2020,inproceedings,"23rd IEEE International Conference on Intelligent Transportation Systems 2020, Rhodes, Greece, September 20-23, 2020",10.1109/itsc45102.2020.9294609,W3025364354,3,"Several autonomy pipelines now have core components that rely on deep learning approaches. While these approaches work well in nominal conditions, they tend to have unexpected and severe failure modes that create concerns when used in safety-critical applications, including self-driving cars. There are several works that aim to characterize the robustness of networks offline, but currently there is a lack of tools to monitor the correctness of network outputs online during operation. We investigate the problem of online output monitoring for neural networks that estimate 3D human shapes and poses from images. Our first contribution is to present and evaluate model-based and learning-based monitors for a human-pose-and-shape reconstruction network, and assess their ability to predict the output loss for a given test input. As a second contribution, we introduce an Adversarially-Trained Online Monitor (ATOM) that learns how to effectively predict losses from data. ATOM dominates model-based baselines and can detect bad outputs, leading to substantial improvements in human pose output quality. Our final contribution is an extensive experimental evaluation that shows that discarding outputs flagged as incorrect by ATOM improves the average error by 12.5%, and the worst-case error by 126.5%.",Computer science; Correctness; Robustness (evolution); Artificial intelligence; Artificial neural network; Machine learning; Pedestrian; Deep learning; Monocular; Pedestrian detection; Deep neural networks; Data mining; Real-time computing,Anomaly Detection Techniques and Applications; Advanced Optical Sensing Technologies; Advanced Neural Network Applications,Perception-related,Probability and Confidence Scores,0.3682,0.2852,0.0829,True
Gupta2020OnlineEstimationb,Online Monitoring for Neural Network Based Monocular Pedestrian Pose Estimation,2020,inproceedings,Intelligent Transportation Systems Conference 2020,10.1109/itsc45102.2020.9294609,W3025364354,3,"Several autonomy pipelines now have core components that rely on deep learning approaches. While these approaches work well in nominal conditions, they tend to have unexpected and severe failure modes that create concerns when used in safety-critical applications, including self-driving cars. There are several works that aim to characterize the robustness of networks offline, but currently there is a lack of tools to monitor the correctness of network outputs online during operation. We investigate the problem of online output monitoring for neural networks that estimate 3D human shapes and poses from images. Our first contribution is to present and evaluate model-based and learning-based monitors for a human-pose-and-shape reconstruction network, and assess their ability to predict the output loss for a given test input. As a second contribution, we introduce an Adversarially-Trained Online Monitor (ATOM) that learns how to effectively predict losses from data. ATOM dominates model-based baselines and can detect bad outputs, leading to substantial improvements in human pose output quality. Our final contribution is an extensive experimental evaluation that shows that discarding outputs flagged as incorrect by ATOM improves the average error by 12.5%, and the worst-case error by 126.5%.",Computer science; Correctness; Robustness (evolution); Artificial intelligence; Artificial neural network; Machine learning; Pedestrian; Deep learning; Monocular; Pedestrian detection; Deep neural networks; Data mining; Real-time computing,Anomaly Detection Techniques and Applications; Advanced Optical Sensing Technologies; Advanced Neural Network Applications,Perception-related,Probability and Confidence Scores,0.3682,0.2852,0.0829,True
Li2023Open-SetFramework,Open-Set Semantic Segmentation for Point Clouds via Adversarial Prototype Framework,2023,inproceedings,Proceedings of the IEEE CVF Conference on Computer Vision and Pattern Recognition,,W4386075841,15,"Recently, point cloud semantic segmentation has attracted much attention in computer vision. Most of the existing works in literature assume that the training and testing point clouds have the same object classes, but they are generally invalid in many real-world scenarios for identifying the 3D objects whose classes are not seen in the training set. To address this problem, we propose an Adversarial Prototype Framework (APF) for handling the open-set 3D semantic segmentation task, which aims to identify 3D unseen-class points while maintaining the segmentation performance on seen-class points. The proposed APF consists of a feature extraction module for extracting point features, a prototypical constraint module, and a feature adversarial module. The prototypical constraint module is designed to learn prototypes for each seen class from point features. The feature adversarial module utilizes generative adversarial networks to estimate the distribution of unseenclass features implicitly, and the synthetic unseen-class features are utilized to prompt the model to learn more effective point features and prototypes for discriminating unseen-class samples from the seen-class ones. Experimental results on two public datasets demonstrate that the proposed APF outperforms the comparative methods by a large margin in most cases.",Computer science; Point cloud; Margin (machine learning); Segmentation; Artificial intelligence; Adversarial system; Class (philosophy); Feature (linguistics); Point (geometry); Feature extraction; Constraint (computer-aided design); Set (abstract data type); Object (grammar); Semantics (computer science); Semantic feature; Pattern recognition (psychology); Task (project management); Machine learning,3D Shape Modeling and Analysis; 3D Surveying and Cultural Heritage; Remote Sensing and LiDAR Applications,Perception-related,Reconstructive and Generative,0.4332,0.2102,0.223,True
Nitsch2021Out-of-distributionPerception,Out-of-distribution detection for automotive perception,2021,inproceedings,2021 IEEE International Intelligent Transportation Systems Conference (ITSC),,W3094983298,4,"Neural networks (NNs) are widely used for object classification in autonomous driving. However, NNs can fail on input data not well represented by the training dataset, known as out-of-distribution (OOD) data. A mechanism to detect OOD samples is important for safety-critical applications, such as automotive perception, to trigger a safe fallback mode. NNs often rely on softmax normalization for confidence estimation, which can lead to high confidences being assigned to OOD samples, thus hindering the detection of failures. This paper presents a method for determining whether inputs are OOD, which does not require OOD data during training and does not increase the computational cost of inference. The latter property is especially important in automotive applications with limited computational resources and real-time constraints. Our proposed approach outperforms state-of-the-art methods on real-world automotive datasets.",Softmax function; Automotive industry; Computer science; Inference; Artificial intelligence; Normalization (sociology); Machine learning; Artificial neural network; Data mining,Adversarial Robustness in Machine Learning; Anomaly Detection Techniques and Applications; Advanced Neural Network Applications,Perception-related,Probability and Confidence Scores,0.4974,0.461,0.0364,True
Luan2021Out-of-DistributionFactor,Out-of-Distribution Detection for Deep Neural Networks With Isolation Forest and Local Outlier Factor,2021,article,IEEE Access,10.1109/access.2021.3108451,W3197264024,29,"Deep Neural Networks (DNNs) are extensively deployed in today’s safety-critical autonomous systems thanks to their high performance. However, they are known to make mistakes unpredictably, e.g., a DNN may misclassify an object if it is used for perception, or issue unsafe control commands if it is used for planning and control. One common cause for such unpredictable mistakes is Out-of-Distribution (OOD) inputs, i.e., test inputs that fall outside of the distribution of the training dataset. In this paper, we present a framework for OOD detection based on outlier detection in the hidden layers of a DNN by applying Isolation Forest (IF) and Local Outlier Factor (LOF) techniques. Extensive experimental evaluation indicates that LOF is a promising method in terms of both the Machine Learning metrics of precision, recall, F1 score and accuracy, and computational efficiency during testing.",Computer science; Outlier; Anomaly detection; Artificial intelligence; Local outlier factor; Artificial neural network; Deep learning; Machine learning; Isolation (microbiology); Deep neural networks; Object detection; Data mining; Pattern recognition (psychology),Anomaly Detection Techniques and Applications; Adversarial Robustness in Machine Learning; Fault Detection and Control Systems,Perception-related,Feature and Activation Extraction,0.4146,0.2306,0.184,True
Luan2021Out-of-distributionFactorb,Out-of-distribution detection for deep neural networks with isolation forest and local outlier factor,2021,article,IEEE Access,,W3197264024,29,"Deep Neural Networks (DNNs) are extensively deployed in today’s safety-critical autonomous systems thanks to their high performance. However, they are known to make mistakes unpredictably, e.g., a DNN may misclassify an object if it is used for perception, or issue unsafe control commands if it is used for planning and control. One common cause for such unpredictable mistakes is Out-of-Distribution (OOD) inputs, i.e., test inputs that fall outside of the distribution of the training dataset. In this paper, we present a framework for OOD detection based on outlier detection in the hidden layers of a DNN by applying Isolation Forest (IF) and Local Outlier Factor (LOF) techniques. Extensive experimental evaluation indicates that LOF is a promising method in terms of both the Machine Learning metrics of precision, recall, F1 score and accuracy, and computational efficiency during testing.",Computer science; Outlier; Anomaly detection; Artificial intelligence; Local outlier factor; Artificial neural network; Deep learning; Machine learning; Isolation (microbiology); Deep neural networks; Object detection; Data mining; Pattern recognition (psychology),Anomaly Detection Techniques and Applications; Adversarial Robustness in Machine Learning; Fault Detection and Control Systems,Perception-related,Feature and Activation Extraction,0.4146,0.2306,0.184,True
Sundar2020Out-of-distribution-vae,Out-of-distribution detection in multi-label datasets using latent space of $\beta$-vae,2020,inproceedings,2020 IEEE Security and Privacy Workshops (SPW),,W3011951316,4,"Learning Enabled Components (LECs) are widely being used in a variety of perception based autonomy tasks like image segmentation, object detection, end-to-end driving, etc. These components are trained with large image datasets with multimodal factors like weather conditions, time-of-day, traffic-density, etc. The LECs learn from these factors during training, and while testing if there is variation in any of these factors, the components get confused resulting in low confidence predictions. The images with factors not seen during training is commonly referred to as Out-of-Distribution (OOD). For safe autonomy it is important to identify the OOD images, so that a suitable mitigation strategy can be performed. Classical one-class classifiers like SVM and SVDD are used to perform OOD detection. However, the multiple labels attached to the images in these datasets, restricts the direct application of these techniques. We address this problem using the latent space of the $\beta$-Variational Autoencoder ($\beta$-VAE). We use the fact that compact latent space generated by an appropriately selected $\beta$-VAE will encode the information about these factors in a few latent variables, and that can be used for computationally inexpensive detection. We evaluate our approach on the nuScenes dataset, and our results shows the latent space of $\beta$-VAE is sensitive to encode changes in the values of the generative factor.",Artificial intelligence; Computer science; ENCODE; Autoencoder; Pattern recognition (psychology); Segmentation; Generative model; Support vector machine; Machine learning; Space (punctuation); Variation (astronomy); Object (grammar); Class (philosophy),Anomaly Detection Techniques and Applications; Machine Learning and Data Classification; Water Systems and Optimization,Perception-related,Foundation Model and Adaptive Learning,0.4358,0.3947,0.041,True
Guerin2023Out-of-DistributionNeed,Out-of-Distribution Detection Is Not All You Need,2023,inproceedings,AAAI 2023,10.1609/aaai.v37i12.26732,W4310440529,29,"The usage of deep neural networks in safety-critical systems is limited by our ability to guarantee their correct behavior. Runtime monitors are components aiming to identify unsafe predictions and discard them before they can lead to catastrophic consequences. Several recent works on runtime monitoring have focused on out-of-distribution (OOD) detection, i.e., identifying inputs that are different from the training data. In this work, we argue that OOD detection is not a well-suited framework to design efficient runtime monitors and that it is more relevant to evaluate monitors based on their ability to discard incorrect predictions. We call this setting out-of-model-scope detection and discuss the conceptual differences with OOD. We also conduct extensive experiments on popular datasets from the literature to show that studying monitors in the OOD setting can be misleading: 1. very good OOD results can give a false impression of safety, 2. comparison under the OOD setting does not allow identifying the best monitor to detect errors. Finally, we also show that removing erroneous training data samples helps to train better monitors.",Computer science; Scope (computer science); Machine learning; Data mining; Artificial intelligence,Adversarial Robustness in Machine Learning; Anomaly Detection Techniques and Applications; Risk and Safety Analysis,Trajectory-related,Challenging the System Under Test,0.4184,0.2724,0.146,True
Sun2022Out-of-DistributionNeighbors,Out-of-Distribution Detection with Deep Nearest Neighbors,2022,inproceedings,"International Conference on Machine Learning, ICML 2022, 17-23 July 2022, Baltimore, Maryland, USA",,W4223977507,61,"Out-of-distribution (OOD) detection is a critical task for deploying machine learning models in the open world. Distance-based methods have demonstrated promise, where testing samples are detected as OOD if they are relatively far away from in-distribution (ID) data. However, prior methods impose a strong distributional assumption of the underlying feature space, which may not always hold. In this paper, we explore the efficacy of non-parametric nearest-neighbor distance for OOD detection, which has been largely overlooked in the literature. Unlike prior works, our method does not impose any distributional assumption, hence providing stronger flexibility and generality. We demonstrate the effectiveness of nearest-neighbor-based OOD detection on several benchmarks and establish superior performance. Under the same model trained on ImageNet-1k, our method substantially reduces the false positive rate (FPR@TPR95) by 24.77% compared to a strong baseline SSD+, which uses a parametric approach Mahalanobis distance in detection. Code is available: https://github.com/deeplearning-wisc/knn-ood.",Mahalanobis distance; Generality; Computer science; k-nearest neighbors algorithm; Artificial intelligence; Parametric statistics; Feature (linguistics); Feature vector; Pattern recognition (psychology); Machine learning; Task (project management); Data mining,Anomaly Detection Techniques and Applications; Machine Learning and Data Classification; Adversarial Robustness in Machine Learning,Perception-related,Feature and Activation Extraction,0.3856,0.2453,0.1403,True
Sun2022Out-of-DistributionNeighborsb,Out-of-Distribution Detection with Deep Nearest Neighbors,2022,inproceedings,ICML 2022,,W4223977507,61,"Out-of-distribution (OOD) detection is a critical task for deploying machine learning models in the open world. Distance-based methods have demonstrated promise, where testing samples are detected as OOD if they are relatively far away from in-distribution (ID) data. However, prior methods impose a strong distributional assumption of the underlying feature space, which may not always hold. In this paper, we explore the efficacy of non-parametric nearest-neighbor distance for OOD detection, which has been largely overlooked in the literature. Unlike prior works, our method does not impose any distributional assumption, hence providing stronger flexibility and generality. We demonstrate the effectiveness of nearest-neighbor-based OOD detection on several benchmarks and establish superior performance. Under the same model trained on ImageNet-1k, our method substantially reduces the false positive rate (FPR@TPR95) by 24.77% compared to a strong baseline SSD+, which uses a parametric approach Mahalanobis distance in detection. Code is available: https://github.com/deeplearning-wisc/knn-ood.",Mahalanobis distance; Generality; Computer science; k-nearest neighbors algorithm; Artificial intelligence; Parametric statistics; Feature (linguistics); Feature vector; Pattern recognition (psychology); Machine learning; Task (project management); Data mining,Anomaly Detection Techniques and Applications; Machine Learning and Data Classification; Adversarial Robustness in Machine Learning,Perception-related,Feature and Activation Extraction,0.3856,0.2453,0.1403,True
Henzinger2020OutsideNetworks,Outside the Box: Abstraction-Based Monitoring of Neural Networks,2020,inproceedings,"ECAI 2020 - 24th European Conference on Artificial Intelligence, 29 August-8 September 2020, Santiago de Compostela, Spain",10.3233/faia200375,W2990866385,24,"Neural networks have demonstrated unmatched performance in a range of classification tasks. Despite numerous efforts of the research community, novelty detection remains one of the significant limitations of neural networks. The ability to identify previously unseen inputs as novel is crucial for our understanding of the decisions made by neural networks. At runtime, inputs not falling into any of the categories learned during training cannot be classified correctly by the neural network. Existing approaches treat the neural network as a black box and try to detect novel inputs based on the confidence of the output predictions. However, neural networks are not trained to reduce their confidence for novel inputs, which limits the effectiveness of these approaches. We propose a framework to monitor a neural network by observing the hidden layers. We employ a common abstraction from program analysis - boxes - to identify novel behaviors in the monitored layers, i.e., inputs that cause behaviors outside the box. For each neuron, the boxes range over the values seen in training. The framework is efficient and flexible to achieve a desired trade-off between raising false warnings and detecting novel inputs. We illustrate the performance and the robustness to variability in the unknown classes on popular image-classification benchmarks.",Abstraction; Computer science; Artificial neural network,Anomaly Detection Techniques and Applications; Adversarial Robustness in Machine Learning; Explainable Artificial Intelligence (XAI),Perception-related,Feature and Activation Extraction,0.4027,0.2379,0.1648,True
Balakrishnan2021PerceMon:Systems,PerceMon: Online Monitoring for Perception Systems,2021,inproceedings,"Runtime Verification - 21st International Conference, RV 2021, Virtual Event, October 11-14, 2021, Proceedings",10.1007/978-3-030-88494-9_18,W3196228097,1,,Computer science; Middleware (distributed applications); Perception; Semantics (computer science); Real-time computing; State (computer science); Collision avoidance; Distributed computing; Embedded system,"Formal Methods in Verification; Semantic Web and Ontologies; Logic, Reasoning, and Knowledge",Perception-related,Other Perception Methods,0.3912,0.2345,0.1566,True
DiBiase2021Pixel-wiseScenes,Pixel-wise anomaly detection in complex driving scenes,2021,inproceedings,Proceedings of the IEEE CVF conference on computer vision and pattern recognition,,W3135329277,15,"The inability of state-of-the-art semantic segmentation methods to detect anomaly instances hinders them from being deployed in safety-critical and complex applications, such as autonomous driving. Recent approaches have focused on either leveraging segmentation uncertainty to identify anomalous areas or re-synthesizing the image from the semantic label map to find dissimilarities with the input image. In this work, we demonstrate that these two methodologies contain complementary information and can be combined to produce robust predictions for anomaly segmentation. We present a pixel-wise anomaly detection framework that uses uncertainty maps to improve over existing re-synthesis methods in finding dissimilarities between the input and generated images. Our approach works as a general framework around already trained segmentation networks, which ensures anomaly detection without compromising segmentation accuracy, while significantly out performing all similar methods. Top-2 performance across a range of different anomaly datasets shows the robustness of our approach to handling different anomaly instances.",Anomaly detection; Segmentation; Computer science; Robustness (evolution); Artificial intelligence; Pixel; Anomaly (physics); Image segmentation; Pattern recognition (psychology); Computer vision; Data mining,Anomaly Detection Techniques and Applications; Adversarial Robustness in Machine Learning; Digital Media Forensic Detection,Perception-related,Feature and Activation Extraction,0.4717,0.2903,0.1814,True
NilsLubbe2018PredictedDriving,Predicted road traffic fatalities in Germany: the potential and limitations of  vehicle safety technologies from passive safety to highly automated driving,2018,inproceedings,,,W2936698298,18,"It has been proposed that automated vehicles will greatly increase road traffic safety. However, few attempts have been made to quantify this thesis and to compare the expected benefits with more traditional safety systems. This study was carried out in five steps, adding systems in each step (from passive safety, standard Advances Driver Assistance Systems (ADAS), advanced ADAS, safety-minded driving, to cautious driving) in order to capture the benefit of increasing levels of automation. Conservative and optimistic rules based on the expected performance of each safety system were developed and applied to the German In-Depth Accident Study database. Adding safety systems was effective in preventing fatalities, ranging from 12-13% (step 1, passive safety, no automation, conservative-optimistic estimate) to 45-63% (step 5, cautious driving). The highest automation level, in step 5, achieved a reduction of Vulnerable Road User (VRU) fatalities of 33-41%. Thus, passive and active safety systems contribute substantially to preventing fatalities and their further development and deployment should not be abandoned. Even the safest foreseeable, highly automated passenger cars are not likely to avoid all crashes and all road traffic fatalities. While increased market penetration across safety systems will make road traffic substantially safer, more efforts are needed to protect VRUs.",SAFER; Automation; Advanced driver assistance systems; Transport engineering; Active safety; System safety; Software deployment; Vehicle safety; Engineering; Poison control; Risk analysis (engineering); Computer security; Occupational safety and health; Computer science,Traffic and Road Safety; Autonomous Vehicle Technology and Safety; Human-Automation Interaction and Safety,Trajectory-related,Challenging the System Under Test,0.4829,0.3374,0.1456,True
Mohseni2019PredictingSystems,Predicting Model Failure using Saliency Maps in Autonomous Driving Systems,2019,article,arXiv e-prints,,W2945526826,15,"While machine learning systems show high success rate in many complex tasks, research shows they can also fail in very unexpected situations. Rise of machine learning products in safety-critical industries cause an increase in attention in evaluating model robustness and estimating failure probability in machine learning systems. In this work, we propose a design to train a student model -- a failure predictor -- to predict the main model's error for input instances based on their saliency map. We implement and review the preliminary results of our failure predictor model on an autonomous vehicle steering control system as an example of safety-critical applications.",Robustness (evolution); Computer science; Failure rate; Artificial intelligence; Machine learning,Adversarial Robustness in Machine Learning; Explainable Artificial Intelligence (XAI); Machine Learning and Data Classification,Trajectory-related,Challenging the System Under Test,0.513,0.3712,0.1418,True
Morteza2022ProvableDetection,Provable Guarantees for Understanding Out-of-Distribution Detection,2022,inproceedings,AAAI 2022,10.1609/aaai.v36i7.20752,W3214903388,47,"Out-of-distribution (OOD) detection is important for deploying machine learning models in the real world, where test data from shifted distributions can naturally arise. While a plethora of algorithmic approaches have recently emerged for OOD detection, a critical gap remains in theoretical understanding. In this work, we develop an analytical framework that characterizes and unifies the theoretical understanding for OOD detection. Our analytical framework motivates a novel OOD detection method for neural networks, GEM, which demonstrates both theoretical and empirical superiority. In particular, on CIFAR-100 as in-distribution data, our method outperforms a competitive baseline by 16.57% (FPR95). Lastly, we formally provide provable guarantees and comprehensive analysis of our method, underpinning how various properties of data distribution affect the performance of OOD detection.",Computer science; Underpinning; Artificial intelligence; Machine learning; Baseline (sea); Data mining,Adversarial Robustness in Machine Learning; Anomaly Detection Techniques and Applications; Advanced Neural Network Applications,Perception-related,Probability and Confidence Scores,0.3282,0.3081,0.0202,True
Cheng2021Provably-robustPatterns,Provably-robust runtime monitoring of neuron activation patterns,2021,inproceedings,"2021 Design, Automation {\&} Test in Europe Conference {\&} Exhibition (DATE)",,W3183338929,13,"For deep neural networks (DNNs) to be used in safety-critical autonomous driving tasks, it is desirable to monitor in operation time if the input for the DNN is similar to the data used in DNN training. While recent results in monitoring DNN activation patterns provide a sound guarantee due to building an abstraction out of the training data set, reducing false positives due to slight input perturbation has been an issue towards successfully adapting the techniques. We address this challenge by integrating formal symbolic reasoning inside the monitor construction process. The algorithm performs a sound worst-case estimate of neuron values with inputs (or features) subject to perturbation, before the abstraction function is applied to build the monitor. The provable robustness is further generalized to cases where monitoring a single neuron can use more than one bit, implying that one can record activation patterns with a fine-grained decision on the neuron value interval.",Computer science; False positive paradox; Robustness (evolution); Abstraction; Artificial neural network; Deep neural networks; Activation function; Artificial intelligence; Machine learning,Adversarial Robustness in Machine Learning; Advanced Neural Network Applications; Explainable Artificial Intelligence (XAI),Trajectory-related,Challenging the System Under Test,0.454,0.3684,0.0856,True
Wang2021RadarTransformers,Radar ghost target detection via multimodal transformers,2021,article,IEEE Robotics and Automation Letters,,W3184202105,26,"Ghost targets caused by inter-reflections are by design unavoidable in radar measurements, and it is challenging to distinguish these artifact detections from real ones. In this letter, we propose a novel approach to detect radar ghost targets by using LiDAR data as a reference. For this, we adopt a multimodal transformer network to learn interactions between points. We employ self-attention to exchange information between radar points, and local crossmodal attention to infuse information from surrounding LiDAR points. The key idea is that a ghost target should have higher semantic affinity with the reflected real target than the other ones. Extensive experiments on nuScenes [1] show that our method outperforms the baseline method on radar ghost target detection by a large margin.",Lidar; Computer science; Radar; Artificial intelligence; Transformer; Computer vision; Margin (machine learning); Radar imaging; Remote sensing,Geophysical Methods and Applications; Advanced SAR Imaging Techniques; Microwave Imaging and Scattering Analysis,Perception-related,Reconstructive and Generative,0.4274,0.1944,0.233,True
Sun2021ReAct:Activations,ReAct: Out-of-distribution Detection With Rectified Activations,2021,inproceedings,"Advances in Neural Information Processing Systems 34: Annual Conference on Neural Information Processing Systems 2021, NeurIPS 2021, December 6-14, 2021, virtual",,W3213465214,46,"Out-of-distribution (OOD) detection has received much attention lately due to its practical importance in enhancing the safe deployment of neural networks. One of the primary challenges is that models often produce highly confident predictions on OOD data, which undermines the driving principle in OOD detection that the model should only be confident about in-distribution samples. In this work, we propose ReAct--a simple and effective technique for reducing model overconfidence on OOD data. Our method is motivated by novel analysis on internal activations of neural networks, which displays highly distinctive signature patterns for OOD distributions. Our method can generalize effectively to different network architectures and different OOD detection scores. We empirically demonstrate that ReAct achieves competitive detection performance on a comprehensive suite of benchmark datasets, and give theoretical explication for our method's efficacy. On the ImageNet benchmark, ReAct reduces the false positive rate (FPR95) by 25.05% compared to the previous best method.",Benchmark (surveying); Computer science; Overconfidence effect; Suite; Artificial intelligence; Artificial neural network; Machine learning; Signature (topology); Explication; Data mining; Software deployment,Adversarial Robustness in Machine Learning; Anomaly Detection Techniques and Applications; Advanced Neural Network Applications,Perception-related,Probability and Confidence Scores,0.2946,0.2163,0.0783,True
Sun2020Real-timeImages,Real-time fusion network for RGB-D semantic segmentation incorporating unexpected obstacle detection for road-driving images,2020,article,IEEE robotics and automation letters,,W3042173136,165,"Semantic segmentation has made striking progress due to the success of deep convolutional neural networks. Considering the demands of autonomous driving, real-time semantic segmentation has become a research hotspot these years. However, few real-time RGB-D fusion semantic segmentation studies are carried out despite readily accessible depth information nowadays. In this letter, we propose a real-time fusion semantic segmentation network termed RFNet that effectively exploits complementary cross-modal information. Building on an efficient network architecture, RFNet is capable of running swiftly, which satisfies autonomous vehicles applications. Multi-dataset training is leveraged to incorporate unexpected small obstacle detection, enriching the recognizable classes required to face unforeseen hazards in the real world. A comprehensive set of experiments demonstrates the effectiveness of our framework. On Cityscapes, Our method outperforms previous state-of-the-art semantic segmenters, with excellent accuracy and 22 Hz inference speed at the full 2048 × 1024 resolution, outperforming most existing RGB-D networks.",Computer science; Segmentation; Artificial intelligence; Obstacle; Convolutional neural network; Inference; RGB color model; Computer vision; Deep learning; Semantics (computer science); Pattern recognition (psychology); Machine learning,Advanced Neural Network Applications; Autonomous Vehicle Technology and Safety; Video Surveillance and Tracking Methods,Perception-related,Foundation Model and Adaptive Learning,0.4164,0.2874,0.1291,True
Cai2020Real-timeSystems,Real-time Out-of-distribution Detection in Learning-Enabled Cyber-Physical Systems,2020,inproceedings,"11th ACM/IEEE International Conference on Cyber-Physical Systems, ICCPS 2020, Sydney, Australia, April 21-25, 2020",10.1109/iccps48487.2020.00024,W3027099759,62,"Cyber-physical systems (CPS) greatly benefit by using machine learning components that can handle the uncertainty and variability of the real-world. Typical components such as deep neural networks, however, introduce new types of hazards that may impact system safety. The system behavior depends on data that are available only during runtime and may be different than the data used for training. Out-of-distribution data may lead to a large error and compromise safety. The paper considers the problem of efficiently detecting out-of-distribution data in CPS control systems. Detection must be robust and limit the number of false alarms while being computational efficient for real-time monitoring. The proposed approach leverages inductive conformal prediction and anomaly detection for developing a method that has a well-calibrated false alarm rate. We use variational autoencoders and deep support vector data description to learn models that can be used efficiently compute the nonconformity of new inputs relative to the training set and enable realtime detection of out-of-distribution high-dimensional inputs. We demonstrate the method using an advanced emergency braking system and a self-driving end-to-end controller implemented in an open source simulator for self-driving cars. The simulation results show very small number of false positives and detection delay while the execution time is comparable to the execution time of the original machine learning components.",Computer science; Cyber-physical system; Anomaly detection; False positive paradox; Constant false alarm rate; Deep learning; Artificial intelligence; Support vector machine; False alarm; Real-time computing; Controller (irrigation); Machine learning; Data mining,Anomaly Detection Techniques and Applications; Fault Detection and Control Systems; Adversarial Robustness in Machine Learning,Trajectory-related,Machine Learning (trajectory),0.3925,0.3594,0.0331,True
Vojir2021RoadCoupling,Road anomaly detection by partial image reconstruction with segmentation coupling,2021,inproceedings,Proceedings of the IEEE/CVF International Conference on Computer Vision,,W3201876338,83,"We present a novel approach to the detection of unknown objects in the context of autonomous driving. The problem is formulated as anomaly detection, since we assume that the unknown stuff or object appearance cannot be learned. To that end, we propose a reconstruction module that can be used with many existing semantic segmentation networks, and that is trained to recognize and reconstruct road (drivable) surface from a small bottleneck. We postulate that poor reconstruction of the road surface is due to areas that are outside of the training distribution, which is a strong indicator of an anomaly. The road structural similarity error is coupled with the semantic segmentation to incorporate information from known classes and produce final per-pixel anomaly scores. The proposed JSR-Net was evaluated on four datasets, Lost-and-found, Road Anomaly, Road Obstacles, and FishyScapes, achieving state-of-art performance on all, reducing the false positives significantly, while typically having the highest average precision for wide range of operation points.",Anomaly detection; Computer science; Segmentation; Artificial intelligence; Anomaly (physics); Context (archaeology); Pixel; Computer vision; Bottleneck; Image segmentation; Pattern recognition (psychology); Object detection; False positive paradox; Object (grammar); Range (aeronautics); Data mining,Anomaly Detection Techniques and Applications; Adversarial Robustness in Machine Learning; Advanced Neural Network Applications,Perception-related,Feature and Activation Extraction,0.4518,0.3785,0.0733,True
ChengChih-HongandLuttenberger2023RuntimePerception,Runtime Monitoring DNN-Based Perception,2023,inproceedings,Runtime Verification,,W4387225824,5,,Computer science; Perception; Domain (mathematical analysis); Artificial intelligence; Deep neural networks; Harm; Machine learning; Artificial neural network; Human–computer interaction; Software engineering,Adversarial Robustness in Machine Learning; Formal Methods in Verification; Radiation Effects in Electronics,Perception-related,Foundation Model and Adaptive Learning,0.3653,0.2586,0.1066,True
Hashemi2023RuntimeNetworks,Runtime Monitoring for Out-of-Distribution Detection in Object Detection Neural Networks,2023,inproceedings,"Formal Methods - 25th International Symposium, FM 2023, L{\""{u}}beck, Germany, March 6-10, 2023, Proceedings",10.1007/978-3-031-27481-7_36,W4323026694,9,,Computer science; Artificial neural network; Object detection; Artificial intelligence; Identification (biology); Object (grammar); Machine learning; Real-time computing; Pattern recognition (psychology),Adversarial Robustness in Machine Learning; Advanced Neural Network Applications; Anomaly Detection Techniques and Applications,Perception-related,Probability and Confidence Scores,0.4023,0.2586,0.1438,True
Cheng2018RuntimePatterns,Runtime Monitoring Neuron Activation Patterns,2018,inproceedings,,,W2963668975,77,"For using neural networks in safety critical domains, it is important to know if a decision made by a neural network is supported by prior similarities in training. We propose runtime neuron activation pattern monitoring - after the standard training process, one creates a monitor by feeding the training data to the network again in order to store the neuron activation patterns in abstract form. In operation, a classification decision over an input is further supplemented by examining if a pattern similar (measured by Hamming distance) to the generated pattern is contained in the monitor. If the monitor does not contain any pattern similar to the generated pattern, it raises a warning that the decision is not based on the training data. Our experiments show that, by adjusting the similarity-threshold for activation patterns, the monitors can report a significant portion of misclassfications to be not supported by training with a small false-positive rate, when evaluated on a test set.",Computer science; Artificial neural network; Similarity (geometry); Set (abstract data type); Hamming distance; Pattern recognition (psychology); Process (computing); Hamming code; Artificial intelligence; False positive rate; Data mining,Adversarial Robustness in Machine Learning; Anomaly Detection Techniques and Applications; Fault Detection and Control Systems,Perception-related,Feature and Activation Extraction,0.3523,0.2712,0.0811,True
Cheng2019RuntimePatterns,Runtime monitoring neuron activation patterns,2019,inproceedings,"2019 Design, Automation {\&} Test in Europe Conference {\&} Exhibition (DATE)",,W2963668975,77,"For using neural networks in safety critical domains, it is important to know if a decision made by a neural network is supported by prior similarities in training. We propose runtime neuron activation pattern monitoring - after the standard training process, one creates a monitor by feeding the training data to the network again in order to store the neuron activation patterns in abstract form. In operation, a classification decision over an input is further supplemented by examining if a pattern similar (measured by Hamming distance) to the generated pattern is contained in the monitor. If the monitor does not contain any pattern similar to the generated pattern, it raises a warning that the decision is not based on the training data. Our experiments show that, by adjusting the similarity-threshold for activation patterns, the monitors can report a significant portion of misclassfications to be not supported by training with a small false-positive rate, when evaluated on a test set.",Computer science; Artificial neural network; Similarity (geometry); Set (abstract data type); Hamming distance; Pattern recognition (psychology); Process (computing); Hamming code; Artificial intelligence; False positive rate; Data mining,Adversarial Robustness in Machine Learning; Anomaly Detection Techniques and Applications; Fault Detection and Control Systems,Perception-related,Feature and Activation Extraction,0.3523,0.2712,0.0811,True
Wilson2023SAFE:Detection,SAFE: Sensitivity-Aware Features for Out-of-Distribution Object Detection,2023,inproceedings,Proceedings of the IEEE/CVF International Conference on Computer Vision (ICCV),,W4390872222,30,"We address the problem of out-of-distribution (OOD) detection for the task of object detection. We show that residual convolutional layers with batch normalisation produce Sensitivity-Aware FEatures (SAFE) that are consistently powerful for distinguishing in-distribution from out-of-distribution detections. We extract SAFE vectors for every detected object, and train a multilayer perceptron on the surrogate task of distinguishing adversarially perturbed from clean in-distribution examples. This circumvents the need for realistic OOD training data, computationally expensive generative models, or retraining of the base object detector. SAFE outperforms the state-of-the-art OOD object detectors on multiple benchmarks by large margins, e.g. reducing the FPR95 by an absolute 30.6% from 48.3% to 17.7% on the OpenImages dataset.",Computer science; Object (grammar); Object detection; Sensitivity (control systems); Artificial intelligence; Task (project management); Pattern recognition (psychology); Residual; Convolutional neural network; Detector; Generative model; Perceptron; Computer vision; Data mining; Machine learning,Adversarial Robustness in Machine Learning; Advanced Neural Network Applications; Anomaly Detection Techniques and Applications,Perception-related,Foundation Model and Adaptive Learning,0.4139,0.1742,0.2397,True
Ryerson2020SafetyVehicles,Safety at the edge: A safety framework to identify edge conditions in the future transportation system with highly automated vehicles,2020,article,Injury Prevention,10.1136/injuryprev-2019-043134,W2960571241,5,"Automated driving systems (ADS) have the potential for improving safety but also pose the risk of extending the transportation system beyond its edge conditions , beyond the operating conditions (operational design domain (ODD)) under which a given ADS or feature thereof is specifically designed to function. The ODD itself is a function of the known bounds and the unknown bounds of operation. The known bounds are those defined by vehicle designers; the unknown bounds arise based on a person operating the system outside the assumptions on which the vehicle was built. The process of identifying and mitigating risk of possible failures at the edge conditions is a cornerstone of systems safety engineering (SSE); however, SSE practitioners may not always account for the assumptions on which their risk mitigation resolutions are based. This is a particularly critical issue with the algorithms developed for highly automated vehicles (HAVs). The injury prevention community, engineers and designers must recognise that automation has introduced a fundamental shift in transportation safety and requires a new paradigm for transportation epidemiology and safety science that incorporates what edge conditions exist and how they may incite failure. Towards providing a foundational organising framework for the injury prevention community to engage with HAV development, we propose a blending of two classic safety models: the Swiss Cheese Model, which is focused on safety layers and redundancy, and the Haddon Matrix, which identifies actors and their responsibilities before, during and after an event.",Risk analysis (engineering); Function (biology); Redundancy (engineering); Safety engineering; Enhanced Data Rates for GSM Evolution; Automation; System safety; Transport engineering; Poison control; Process (computing); Interoperability; Computer science; Engineering; Computer security,Human-Automation Interaction and Safety; Traffic and Road Safety; Autonomous Vehicle Technology and Safety,Trajectory-related,Surrogate Safety Metrics,0.5988,0.3736,0.2252,True
Hendrycks2019ScalingSettings,Scaling Out-of-Distribution Detection for Real-World Settings,2019,article,arXiv preprint arXiv:1911.11132,10.48550/arxiv.1911.11132,W3113089224,179,"Detecting out-of-distribution examples is important for safety-critical machine learning applications such as detecting novel biological phenomena and self-driving cars. However, existing research mainly focuses on simple small-scale settings. To set the stage for more realistic out-of-distribution detection, we depart from small-scale settings and explore large-scale multiclass and multi-label settings with high-resolution images and thousands of classes. To make future work in real-world settings possible, we create new benchmarks for three large-scale settings. To test ImageNet multiclass anomaly detectors, we introduce the Species dataset containing over 700,000 images and over a thousand anomalous species. We leverage ImageNet-21K to evaluate PASCAL VOC and COCO multilabel anomaly detectors. Third, we introduce a new benchmark for anomaly segmentation by introducing a segmentation benchmark with road anomalies. We conduct extensive experiments in these more realistic settings for out-of-distribution detection and find that a surprisingly simple detector based on the maximum logit outperforms prior methods in all the large-scale multi-class, multi-label, and segmentation tasks, establishing a simple new baseline for future work.",Segmentation; Anomaly detection; Computer science; Benchmark (surveying); Leverage (statistics); Artificial intelligence; Detector; Machine learning; Classifier (UML); Scale (ratio); Scaling; Pascal (unit); Anomaly (physics); Pattern recognition (psychology); Data mining,Anomaly Detection Techniques and Applications; Adversarial Robustness in Machine Learning; Advanced Neural Network Applications,Perception-related,Feature and Activation Extraction,0.451,0.2815,0.1696,True
Lohdefink2020Self-supervisedPerception,Self-supervised domain mismatch estimation for autonomous perception,2020,inproceedings,Proceedings of the IEEE CVF Conference on Computer Vision and Pattern Recognition Workshops,,W3035370831,1,"Autonomous driving requires self awareness of its perception functions. Technically spoken, this can be realized by observers, which monitor the performance indicators of various perception modules. In this work we choose, exemplarily, a semantic segmentation to be monitored, and propose an autoencoder, trained in a self-supervised fashion on the very same training data as the semantic segmentation to be monitored. While the autoencoder's image reconstruction performance (PSNR) during online inference shows already a good predictive power w.r.t. semantic segmentation performance, we propose a novel domain mismatch metric DM as the earth mover's distance between a pre-stored PSNR distribution on training (source) data, and an online-acquired PSNR distribution on any inference (target) data. We are able to show by experiments that the DM metric has a strong rank order correlation with the semantic segmentation within its functional scope. We also propose a training domain-dependent threshold for the DM metric to define this functional scope.",Segmentation; Computer science; Autoencoder; Artificial intelligence; Metric (unit); Inference; Domain (mathematical analysis); Machine learning; Scope (computer science); Semantics (computer science); Encoder; Perception; Pattern recognition (psychology),Domain Adaptation and Few-Shot Learning; Anomaly Detection Techniques and Applications; Advanced Neural Network Applications,Perception-related,Foundation Model and Adaptive Learning,0.4351,0.3604,0.0747,True
Zhou2022Spatio-temporalEnvironment,Spatio-temporal feature encoding for traffic accident detection in VANET environment,2022,article,IEEE Transactions on Intelligent Transportation Systems,,W4212876679,134,"In the Vehicular Ad hoc Networks (VANET) environment, recognizing traffic accident events in the driving videos captured by vehicle-mounted cameras is an essential task. Generally, traffic accidents have a short duration in driving videos, and the backgrounds of driving videos are dynamic and complex. These make traffic accident detection quite challenging. To effectively and efficiently detect accidents from the driving videos, we propose an accident detection approach based on spatio–temporal feature encoding with a multilayer neural network. Specifically, the multilayer neural network is used to encode the temporal features of video for clustering the video frames. From the obtained frame clusters, we detect the border frames as the potential accident frames. Then, we capture and encode the spatial relationships of the objects detected from these potential accident frames to confirm whether these frames are accident frames. The extensive experiments demonstrate that the proposed approach achieves promising detection accuracy and efficiency for traffic accident detection, and meets the real-time detection requirement in the VANET environment.",Computer science; ENCODE; Vehicular ad hoc network; Encoding (memory); Frame (networking); Feature (linguistics); Cluster analysis; Artificial intelligence; Intelligent transportation system; Computer vision; Real-time computing; Task (project management),Anomaly Detection Techniques and Applications; Video Surveillance and Tracking Methods; Autonomous Vehicle Technology and Safety,Perception-related,Feature and Activation Extraction,0.3901,0.2708,0.1193,True
Hao2022SpatiotemporalDetection,Spatiotemporal consistency-enhanced network for video anomaly detection,2022,article,Pattern Recognition,,W3190308053,154,,Discriminator; Computer science; Consistency (knowledge bases); Benchmark (surveying); Anomaly detection; Artificial intelligence; Data consistency; Generator (circuit theory); Pattern recognition (psychology); Encoder; Key (lock); Frame (networking); Resampling; Computer vision,Anomaly Detection Techniques and Applications; Network Security and Intrusion Detection; Data-Driven Disease Surveillance,Perception-related,Feature and Activation Extraction,0.4356,0.2171,0.2185,True
Jung2021StandardizedSegmentation,Standardized max logits: A simple yet effective approach for identifying unexpected road obstacles in urban-scene segmentation,2021,inproceedings,Proceedings of the IEEE/CVF International Conference on Computer Vision,,W3183613752,5,"Identifying unexpected objects on roads in semantic segmentation (e.g., identifying dogs on roads) is crucial in safetycritical applications. Existing approaches use images of unexpected objects from external datasets or require additional training (e.g., retraining segmentation networks or training an extra network), which necessitate a non-trivial amount of labor intensity or lengthy inference time. One possible alternative is to use prediction scores of a pretrained network such as the max logits (i.e., maximum values among classes before the final softmax layer) for detecting such objects. However, the distribution of max logits of each predicted class is significantly different from each other, which degrades the performance of identifying unexpected objects in urban-scene segmentation. To address this issue, we propose a simple yet effective approach that standardizes the max logits in order to align the different distributions and reflect the relative meanings of max logits within each predicted class. Moreover, we consider the local regions from two different perspectives based on the intuition that neighboring pixels share similar semantic information. In contrast to previous approaches, our method does not utilize any external datasets or require additional training, which makes our method widely applicable to existing pretrained segmentation models. Such a straightforward approach achieves a new state-of-the-art performance on the publicly available Fishyscapes Lost & Found leader-board with a large margin. Our code is publicly available at this link <sup xmlns:mml=""http://www.w3.org/1998/Math/MathML"" xmlns:xlink=""http://www.w3.org/1999/xlink"">1</sup> .",Softmax function; Segmentation; Computer science; Inference; Artificial intelligence; Margin (machine learning); Machine learning; Pattern recognition (psychology),Infrastructure Maintenance and Monitoring; Anomaly Detection Techniques and Applications; Advanced Neural Network Applications,Perception-related,Probability and Confidence Scores,0.5013,0.3285,0.1728,True
Breitenstein2020SystematizationDriving,Systematization of Corner Cases for Visual Perception in Automated Driving,2020,article,"IEEE Intelligent Vehicles Symposium, Proceedings",10.1109/iv47402.2020.9304789,W3120841571,63,"One major task in automated driving is the development of robust and safe visual perception modules. It is of utmost importance that visual perception reacts adequately to so-called corner cases, which range from overexposure of the image sensor to unexpected and potentially dangerous traffic situations. Their detection thus has high significance both as an online system in the intelligent vehicle, but also in the extraction of relevant training and test data for perception modules. In this paper, we provide a systematization of corner cases for visual perception in automated driving, with the categories being structured by detection complexity. Furthermore, we discuss existing metrics and datasets which can be used for the evaluation of corner case detection methods depending on their suitability to provide beneficial information for the various categories.",Perception; Computer science; Task (project management); Artificial intelligence; Computer vision; Visual perception; Feature extraction,Video Surveillance and Tracking Methods; Autonomous Vehicle Technology and Safety; Advanced Neural Network Applications,Perception-related,Other Perception Methods,0.6759,0.4214,0.2546,True
Kopp2023TacklingPointnet++,Tackling clutter in radar data-label generation and detection using pointnet++,2023,inproceedings,2023 IEEE International Conference on Robotics and Automation (ICRA),,W4383097602,14,"Radar sensors employed for environment perception, e.g. in autonomous vehicles, output a lot of unwanted clutter. These points, for which no corresponding real objects exist, are a major source of errors in following processing steps like object detection or tracking. We therefore present two novel neural network setups for identifying clutter. The input data, network architectures and training configuration are adjusted specifically for this task. Special attention is paid to the downsampling of point clouds composed of multiple sensor scans. In an extensive evaluation, the new setups display substantially better performance than existing approaches. Because there is no suitable public data set in which clutter is annotated, we design a method to automatically generate the respective labels. By applying it to existing data with object annotations and releasing its code, we effectively create the first freely available radar clutter data set representing realworld driving scenarios. Code and instructions are accessible at www.github.com/kopp-j/clutter-ds.",Clutter; Computer science; Upsampling; Radar; Artificial intelligence; Code (set theory); Set (abstract data type); Computer vision; Object detection; Object (grammar); Data set; Point (geometry),Remote Sensing and LiDAR Applications; Advanced SAR Imaging Techniques; Target Tracking and Data Fusion in Sensor Networks,Perception-related,Reconstructive and Generative,0.3203,0.2958,0.0244,True
KoopmanTowardValidation,Toward a Framework for Highly Automated Vehicle Safety Validation,2018,article,,,W2795800960,118,"&lt;div class=""section abstract""&gt;&lt;div class=""htmlview paragraph""&gt;Validating the safety of Highly Automated Vehicles (HAVs) is a significant autonomy challenge. HAV safety validation strategies based solely on brute force on-road testing campaigns are unlikely to be viable. While simulations and exercising edge case scenarios can help reduce validation cost, those techniques alone are unlikely to provide a sufficient level of assurance for full-scale deployment without adopting a more nuanced view of validation data collection and safety analysis. Validation approaches can be improved by using higher fidelity testing to explicitly validate the assumptions and simplifications of lower fidelity testing rather than just obtaining sampled replication of lower fidelity results. Disentangling multiple testing goals can help by separating validation processes for requirements, environmental model sufficiency, autonomy correctness, autonomy robustness, and test scenario sufficiency. For autonomy approaches with implicit designs and requirements, such as machine learning training data sets, establishing observability points in the architecture can help ensure that vehicles pass the right tests for the right reason. These principles could improve both efficiency and effectiveness for demonstrating HAV safety as part of a phased validation plan that includes both a “driver test” and lifecycle monitoring as well as explicitly managing validation uncertainty.&lt;/div&gt;&lt;/div&gt;",Computer science; Vehicle safety,Autonomous Vehicle Technology and Safety; Safety Systems Engineering in Autonomy; Real-time simulation and control systems,Trajectory-related,Challenging the System Under Test,0.6412,0.3861,0.2551,True
Masuda2021TowardAutoencoder,Toward unsupervised 3d point cloud anomaly detection using variational autoencoder,2021,inproceedings,2021 IEEE International Conference on Image Processing (ICIP),,W3194885736,23,"In this paper, we present an end-to-end unsupervised anomaly detection framework for 3D point clouds. To the best of our knowledge, this is the first work to tackle the anomaly detection task on a general object represented by a 3D point cloud. We propose a deep variational autoencoder based unsupervised anomaly detection network adapted to the 3D point cloud and an anomaly score specifically for 3D point clouds. To verify the effectiveness of the model, we conducted extensive experiments on ShapeNet dataset. Through quantitative and qualitative evaluation, we demonstrate that the proposed method outperforms the baseline method.",Autoencoder; Point cloud; Anomaly detection; Computer science; Anomaly (physics); Artificial intelligence; Point (geometry); Cluster analysis; Pattern recognition (psychology); Task (project management); Artificial neural network,Anomaly Detection Techniques and Applications; 3D Shape Modeling and Analysis; Human Pose and Action Recognition,Perception-related,Reconstructive and Generative,0.5319,0.2313,0.3006,True
Bolte2019TowardsDriving,Towards corner case detection for autonomous driving,2019,article,"IEEE Intelligent Vehicles Symposium, Proceedings",10.1109/ivs.2019.8813817,W2916408197,8,"The progress in autonomous driving is also due to the increased availability of vast amounts of training data for the underlying machine learning approaches. Machine learning systems are generally known to lack robustness, e.g., if the training data did rarely or not at all cover critical situations. The challenging task of corner case detection in video, which is also somehow related to unusual event or anomaly detection, aims at detecting these unusual situations, which could become critical, and to communicate this to the autonomous driving system (online use case). Such a system, however, could be also used in offline mode to screen vast amounts of data and select only the relevant situations for storing and (re)training machine learning algorithms. So far, the approaches for corner case detection have been limited to videos recorded from a fixed camera, mostly for security surveillance. In this paper, we provide a formal definition of a corner case and propose a system framework for both the online and the offline use case that can handle video signals from front cameras of a naturally moving vehicle and can output a corner case score.",Computer science; Robustness (evolution); Anomaly detection; Artificial intelligence; Machine learning; Task (project management); Cover (algebra); Training set; Computer vision; Real-time computing,Anomaly Detection Techniques and Applications; Video Surveillance and Tracking Methods; Human Pose and Action Recognition,Perception-related,Other Perception Methods,0.5421,0.4323,0.1099,True
Bolte2019TowardsDrivingb,Towards corner case detection for autonomous driving,2019,inproceedings,2019 IEEE Intelligent vehicles symposium (IV),,W2916408197,8,"The progress in autonomous driving is also due to the increased availability of vast amounts of training data for the underlying machine learning approaches. Machine learning systems are generally known to lack robustness, e.g., if the training data did rarely or not at all cover critical situations. The challenging task of corner case detection in video, which is also somehow related to unusual event or anomaly detection, aims at detecting these unusual situations, which could become critical, and to communicate this to the autonomous driving system (online use case). Such a system, however, could be also used in offline mode to screen vast amounts of data and select only the relevant situations for storing and (re)training machine learning algorithms. So far, the approaches for corner case detection have been limited to videos recorded from a fixed camera, mostly for security surveillance. In this paper, we provide a formal definition of a corner case and propose a system framework for both the online and the offline use case that can handle video signals from front cameras of a naturally moving vehicle and can output a corner case score.",Computer science; Robustness (evolution); Anomaly detection; Artificial intelligence; Machine learning; Task (project management); Cover (algebra); Training set; Computer vision; Real-time computing,Anomaly Detection Techniques and Applications; Video Surveillance and Tracking Methods; Human Pose and Action Recognition,Perception-related,Other Perception Methods,0.5421,0.4323,0.1099,True
Roth2022TowardsDetection,Towards total recall in industrial anomaly detection,2022,inproceedings,Proceedings of the IEEE CVF Conference on Computer Vision and Pattern Recognition,,W3169651898,1332,"Being able to spot defective parts is a critical component in large-scale industrial manufacturing. A particular challenge that we address in this work is the cold-start problem: fit a model using nominal (non-defective) example images only. While handcrafted solutions per class are possible, the goal is to build systems that work well simultaneously on many different tasks automatically. The best peforming approaches combine embeddings from ImageNet models with an outlier detection model. In this paper, we extend on this line of work and propose PatchCore, which uses a maximally representative memory bank of nominal patch-features. PatchCore offers competitive inference times while achieving state-of-the-art performance for both detection and localization. On the challenging, widely used MVTec AD benchmark PatchCore achieves an image-level anomaly detection AUROC score of up to 99.6%, more than halving the error compared to the next best competitor. We further report competitive results on two additional datasets and also find competitive results in the few samples regime. Code: github.com/amazon-research/patchcore-inspection.",Anomaly detection; Benchmark (surveying); Computer science; Inference; Outlier; Code (set theory); Artificial intelligence; Precision and recall; Machine learning; Data mining; Pattern recognition (psychology),Anomaly Detection Techniques and Applications; Domain Adaptation and Few-Shot Learning; Adversarial Robustness in Machine Learning,Perception-related,Feature and Activation Extraction,0.4727,0.1884,0.2843,True
Katz-Samuels2022TrainingHabitats,Training OOD Detectors in their Natural Habitats,2022,inproceedings,"International Conference on Machine Learning, ICML 2022, 17-23 July 2022, Baltimore, Maryland, USA",,W4226207566,15,"Out-of-distribution (OOD) detection is important for machine learning models deployed in the wild. Recent methods use auxiliary outlier data to regularize the model for improved OOD detection. However, these approaches make a strong distributional assumption that the auxiliary outlier data is completely separable from the in-distribution (ID) data. In this paper, we propose a novel framework that leverages wild mixture data, which naturally consists of both ID and OOD samples. Such wild data is abundant and arises freely upon deploying a machine learning classifier in their natural habitats. Our key idea is to formulate a constrained optimization problem and to show how to tractably solve it. Our learning objective maximizes the OOD detection rate, subject to constraints on the classification error of ID data and on the OOD error rate of ID examples. We extensively evaluate our approach on common OOD detection tasks and demonstrate superior performance.",Computer science; Outlier; Classifier (UML); Artificial intelligence; Machine learning; Training set; Labeled data; Anomaly detection; Key (lock); Data mining,Anomaly Detection Techniques and Applications; Machine Learning and Data Classification; Domain Adaptation and Few-Shot Learning,Perception-related,Feature and Activation Extraction,0.382,0.2953,0.0867,True
Park2023UnderstandingDetection,Understanding the Feature Norm for Out-of-Distribution Detection,2023,inproceedings,Proceedings of the IEEE/CVF International Conference on Computer Vision (ICCV),,W4390873342,11,"A neural network trained on a classification dataset often exhibits a higher vector norm of hidden layer features for in-distribution (ID) samples, while producing relatively lower norm values on unseen instances from out-of-distribution (OOD). Despite this intriguing phenomenon being utilized in many applications, the underlying cause has not been thoroughly investigated. In this study, we demystify this very phenomenon by scrutinizing the discriminative structures concealed in the intermediate layers of a neural network. Our analysis leads to the following discoveries: (1) The feature norm is a confidence value of a classifier hidden in the network layer, specifically its maximum logit. Hence, the feature norm distinguishes OOD from ID in the same manner that a classifier confidence does. (2) The feature norm is class-agnostic, thus it can detect OOD samples across diverse discriminative models. (3) The conventional feature norm fails to capture the deactivation tendency of hidden layer neurons, which may lead to misidentification of ID samples as OOD instances. To resolve this drawback, we propose a novel negative-aware norm (NAN) that can capture both the activation and deactivation tendencies of hidden layer neurons. We conduct extensive experiments on NAN, demonstrating its efficacy and compatibility with existing OOD detectors, as well as its capability in label-free environments.",Discriminative model; Classifier (UML); Norm (philosophy); Computer science; Artificial intelligence; Pattern recognition (psychology); Phenomenon; Artificial neural network; Feature vector; Machine learning,Anomaly Detection Techniques and Applications; Adversarial Robustness in Machine Learning; Machine Learning and Data Classification,Perception-related,Feature and Activation Extraction,0.4404,0.2812,0.1592,True
Du2022Unknown-AwareWild,Unknown-Aware Object Detection: Learning What You Don't Know from Videos in the Wild,2022,inproceedings,"IEEE CVF Conference on Computer Vision and Pattern Recognition, CVPR 2022, New Orleans, LA, USA, June 18-24, 2022",10.1109/cvpr52688.2022.01331,W4312640451,70,"Building reliable object detectors that can detect out-of-distribution (OOD) objects is critical yet underexplored. One of the key challenges is that models lack supervision signals from unknown data, producing over-confident predictions on OOD objects. We propose a new unknown-aware object detection framework through Spatial-Temporal Unknown Distillation (STUD), which dis-tills unknown objects from videos in the wild and meaningfully regularizes the model's decision boundary. STUD first identifies the unknown candidate object proposals in the spatial dimension, and then aggregates the candidates across multiple video frames to form a diverse set of unknown objects near the decision boundary. Along-side, we employ an energy-based uncertainty regularization loss, which contrastively shapes the uncertainty space between the in-distribution and distilled unknown objects. STUD establishes the state-of-the-art performance on OOD detection tasks for object detection, reducing the FPR95 score by over 10% compared to the previous best method. Code is available at https://github.com/deep/earning-wisc/stud.",Computer science; Artificial intelligence; Regularization (linguistics); Object detection; Object (grammar); Computer vision; Boundary (topology); Code (set theory); Decision boundary; Key (lock); Dimension (graph theory); Set (abstract data type); Machine learning; Pattern recognition (psychology),Adversarial Robustness in Machine Learning; Advanced Neural Network Applications; Anomaly Detection Techniques and Applications,Perception-related,Foundation Model and Adaptive Learning,0.5313,0.2031,0.3282,True
Du2022Unknown-AwareWildb,Unknown-Aware Object Detection: Learning What You Don't Know from Videos in the Wild,2022,inproceedings,Proceedings of the IEEE CVF Conference on Computer Vision and Pattern Recognition,,W4312640451,70,"Building reliable object detectors that can detect out-of-distribution (OOD) objects is critical yet underexplored. One of the key challenges is that models lack supervision signals from unknown data, producing over-confident predictions on OOD objects. We propose a new unknown-aware object detection framework through Spatial-Temporal Unknown Distillation (STUD), which dis-tills unknown objects from videos in the wild and meaningfully regularizes the model's decision boundary. STUD first identifies the unknown candidate object proposals in the spatial dimension, and then aggregates the candidates across multiple video frames to form a diverse set of unknown objects near the decision boundary. Along-side, we employ an energy-based uncertainty regularization loss, which contrastively shapes the uncertainty space between the in-distribution and distilled unknown objects. STUD establishes the state-of-the-art performance on OOD detection tasks for object detection, reducing the FPR95 score by over 10% compared to the previous best method. Code is available at https://github.com/deep/earning-wisc/stud.",Computer science; Artificial intelligence; Regularization (linguistics); Object detection; Object (grammar); Computer vision; Boundary (topology); Code (set theory); Decision boundary; Key (lock); Dimension (graph theory); Set (abstract data type); Machine learning; Pattern recognition (psychology),Adversarial Robustness in Machine Learning; Advanced Neural Network Applications; Anomaly Detection Techniques and Applications,Perception-related,Foundation Model and Adaptive Learning,0.5313,0.2031,0.3282,True
Bolte2019UnsupervisedDomain,Unsupervised domain adaptation to improve image segmentation quality both in the source and target domain,2019,inproceedings,proceedings of the IEEE CVF conference on computer vision and pattern recognition workshops,,W2970140852,52,"Domain adaptation is becoming more and more important with the advancing development of machine learning and the ever-increasing diversity of available data. The advancement of autonomous driving depends very much on progress in machine learning, which relies heavily on vast amounts of training data. It is well known that the performance of such models drops, as soon as the data used during inference stems from a different domain as the training data. To avoid the need to label a separate dataset for each new domain, e.g., each new camera sensor, methods for domain adaptation are necessary. Most interesting are unsupervised domain adaptation approaches since they do not require costly labels for the target domain. In this paper we adapt a known domain adaptation approach to work in an unsupervised fashion for semantic segmentation on high resolution data and provide some analysis of the learned representations. With our domain-adapted semantic segmentation we were able to achieve a significant 15 % absolute increase in mean intersection over union (mIoU), securing a surprisingly good 5th rank on the target domain KITTI test set without having used any KITTI labels during training. In addition to that, we even improved quality on the source domain data.",Computer science; Domain (mathematical analysis); Artificial intelligence; Segmentation; Inference; Intersection (aeronautics); Machine learning; Adaptation (eye); Domain adaptation; Set (abstract data type); Pattern recognition (psychology); Rank (graph theory),Domain Adaptation and Few-Shot Learning; Multimodal Machine Learning Applications; COVID-19 diagnosis using AI,Perception-related,Foundation Model and Adaptive Learning,0.4724,0.3027,0.1697,True
Kraus2020UsingRadar,Using machine learning to detect ghost images in automotive radar,2020,inproceedings,2020 IEEE 23rd International Conference on Intelligent Transportation Systems (ITSC),,W3040834102,42,"Radar sensors are an important part of driver assistance systems and intelligent vehicles due to their robustness against all kinds of adverse conditions, e.g., fog, snow, rain, or even direct sunlight. This robustness is achieved by a substantially larger wavelength compared to light-based sensors such as cameras or lidars. As a side effect, many surfaces act like mirrors at this wavelength, resulting in unwanted ghost detections. In this article, we present a novel approach to detect these ghost objects by applying data-driven machine learning algorithms. For this purpose, we use a large-scale automotive data set with annotated ghost objects. We show that we can use a state-of-the-art automotive radar classifier in order to detect ghost objects alongside real objects. Furthermore, we are able to reduce the amount of false positive detections caused by ghost images in some settings.",Robustness (evolution); Artificial intelligence; Automotive industry; Computer vision; Computer science; Radar; Support vector machine; Classifier (UML); Radar imaging; Machine learning; Radar systems; Engineering,Advanced Optical Sensing Technologies; Random lasers and scattering media; Ocular and Laser Science Research,Perception-related,Reconstructive and Generative,0.3733,0.398,-0.0247,False
Du2022VOS:Synthesis,VOS: Learning What You Don't Know by Virtual Outlier Synthesis,2022,inproceedings,"The Tenth International Conference on Learning Representations, ICLR 2022, Virtual Event, April 25-29, 2022",,W4221167530,77,"Out-of-distribution (OOD) detection has received much attention lately due to its importance in the safe deployment of neural networks. One of the key challenges is that models lack supervision signals from unknown data, and as a result, can produce overconfident predictions on OOD data. Previous approaches rely on real outlier datasets for model regularization, which can be costly and sometimes infeasible to obtain in practice. In this paper, we present VOS, a novel framework for OOD detection by adaptively synthesizing virtual outliers that can meaningfully regularize the model's decision boundary during training. Specifically, VOS samples virtual outliers from the low-likelihood region of the class-conditional distribution estimated in the feature space. Alongside, we introduce a novel unknown-aware training objective, which contrastively shapes the uncertainty space between the ID data and synthesized outlier data. VOS achieves competitive performance on both object detection and image classification models, reducing the FPR95 by up to 9.36% compared to the previous best method on object detectors. Code is available at https://github.com/deeplearning-wisc/vos.",Outlier; Computer science; Anomaly detection; Decision boundary; Regularization (linguistics); Artificial intelligence; Data mining; Code (set theory); Object (grammar); Key (lock); Machine learning; Pattern recognition (psychology),Anomaly Detection Techniques and Applications; Adversarial Robustness in Machine Learning; Machine Learning and Data Classification,Perception-related,Feature and Activation Extraction,0.4219,0.2551,0.1667,True
Du2021VOS:Synthesis,VOS: Learning What You Don't Know by Virtual Outlier Synthesis,2021,inproceedings,International Conference on Learning Representations,,W4221167530,77,"Out-of-distribution (OOD) detection has received much attention lately due to its importance in the safe deployment of neural networks. One of the key challenges is that models lack supervision signals from unknown data, and as a result, can produce overconfident predictions on OOD data. Previous approaches rely on real outlier datasets for model regularization, which can be costly and sometimes infeasible to obtain in practice. In this paper, we present VOS, a novel framework for OOD detection by adaptively synthesizing virtual outliers that can meaningfully regularize the model's decision boundary during training. Specifically, VOS samples virtual outliers from the low-likelihood region of the class-conditional distribution estimated in the feature space. Alongside, we introduce a novel unknown-aware training objective, which contrastively shapes the uncertainty space between the ID data and synthesized outlier data. VOS achieves competitive performance on both object detection and image classification models, reducing the FPR95 by up to 9.36% compared to the previous best method on object detectors. Code is available at https://github.com/deeplearning-wisc/vos.",Outlier; Computer science; Anomaly detection; Decision boundary; Regularization (linguistics); Artificial intelligence; Data mining; Code (set theory); Object (grammar); Key (lock); Machine learning; Pattern recognition (psychology),Anomaly Detection Techniques and Applications; Adversarial Robustness in Machine Learning; Machine Learning and Data Classification,Perception-related,Feature and Activation Extraction,0.4219,0.2551,0.1667,True
Tian2021Weakly-supervisedLearning,Weakly-supervised video anomaly detection with robust temporal feature magnitude learning,2021,inproceedings,Proceedings of the IEEE/CVF international conference on computer vision,,W3136793533,481,"Anomaly detection with weakly supervised video-level labels is typically formulated as a multiple instance learning (MIL) problem, in which we aim to identify snippets containing abnormal events, with each video represented as a bag of video snippets. Although current methods show effective detection performance, their recognition of the positive instances, i.e., rare abnormal snippets in the abnormal videos, is largely biased by the dominant negative instances, especially when the abnormal events are subtle anomalies that exhibit only small differences compared with normal events. This issue is exacerbated in many methods that ignore important video temporal dependencies. To address this issue, we introduce a novel and theoretically sound method, named Robust Temporal Feature Magnitude learning (RTFM), which trains a feature magnitude learning function to effectively recognise the positive instances, substantially improving the robustness of the MIL approach to the negative instances from abnormal videos. RTFM also adapts dilated convolutions and self-attention mechanisms to capture long- and short-range temporal dependencies to learn the feature magnitude more faithfully. Extensive experiments show that the RTFM-enabled MIL model (i) outperforms several state-of-the-art methods by a large margin on four benchmark data sets (ShanghaiTech, UCF-Crime, XD-Violence and UCSD-Peds) and (ii) achieves significantly improved subtle anomaly discriminability and sample efficiency.",Robustness (evolution); Computer science; Anomaly detection; Artificial intelligence; Benchmark (surveying); Pattern recognition (psychology); Margin (machine learning); Feature (linguistics); Magnitude (astronomy); Feature extraction; Machine learning,Anomaly Detection Techniques and Applications; Network Security and Intrusion Detection; Artificial Immune Systems Applications,Perception-related,Feature and Activation Extraction,0.4561,0.1961,0.26,True
Breitenstein2023WhatDriving,What Does Really Count? Estimating Relevance of Corner Cases for Semantic Segmentation in Automated Driving,2023,inproceedings,IEEE/CVF International Conference on Computer Vision,,W4390190791,3,"In safety-critical applications such as automated driving, perception errors may create an imminent risk to vulnerable road users (VRU). To mitigate the occurrence of unexpected and potentially dangerous situations, so-called corner cases, perception models are trained on a huge amount of data. However, the models are typically evaluated using task-agnostic metrics, which do not reflect the severity of safety-critical misdetections. Consequently, mis-detections with particular relevance for the safe driving task should entail a more severe penalty during evaluation to pinpoint corner cases in large-scale datasets. In this work, we propose a novel metric IoU <inf xmlns:mml=""http://www.w3.org/1998/Math/MathML"" xmlns:xlink=""http://www.w3.org/1999/xlink"">w</inf> that exploits relevance on the pixel level of the semantic segmentation output to extend the notion of the intersection over union (IoU) by emphasizing small areas of an image affected by corner cases. We (i) employ IoU <inf xmlns:mml=""http://www.w3.org/1998/Math/MathML"" xmlns:xlink=""http://www.w3.org/1999/xlink"">w</inf> to measure the effect of pre-defined relevance criteria on the segmentation evaluation, and (ii) use the relevance-adapted IoU <inf xmlns:mml=""http://www.w3.org/1998/Math/MathML"" xmlns:xlink=""http://www.w3.org/1999/xlink"">w</inf> to refine the identification of corner cases. In our experiments, we investigate vision-based relevance criteria and physical attributes as per-pixel criticality to factor in the imminent risk, showing that IoU <inf xmlns:mml=""http://www.w3.org/1998/Math/MathML"" xmlns:xlink=""http://www.w3.org/1999/xlink"">w</inf> precisely accentuates the relevance of corner cases.",Relevance (law); Computer science; Metric (unit); Task (project management); Segmentation; Artificial intelligence; Pixel; Information retrieval; Data mining,Advanced Neural Network Applications; Autonomous Vehicle Technology and Safety; Traffic and Road Safety,Perception-related,Foundation Model and Adaptive Learning,0.5371,0.3869,0.1502,True
Azizmalayeri2022YourRobust,Your Out-of-Distribution Detection Method is Not Robust!,2022,article,NeurIPS 2022,,W4300978711,2,"Out-of-distribution (OOD) detection has recently gained substantial attention due to the importance of identifying out-of-domain samples in reliability and safety. Although OOD detection methods have advanced by a great deal, they are still susceptible to adversarial examples, which is a violation of their purpose. To mitigate this issue, several defenses have recently been proposed. Nevertheless, these efforts remained ineffective, as their evaluations are based on either small perturbation sizes, or weak attacks. In this work, we re-examine these defenses against an end-to-end PGD attack on in/out data with larger perturbation sizes, e.g. up to commonly used $ε=8/255$ for the CIFAR-10 dataset. Surprisingly, almost all of these defenses perform worse than a random detection under the adversarial setting. Next, we aim to provide a robust OOD detection method. In an ideal defense, the training should expose the model to almost all possible adversarial perturbations, which can be achieved through adversarial training. That is, such training perturbations should based on both in- and out-of-distribution samples. Therefore, unlike OOD detection in the standard setting, access to OOD, as well as in-distribution, samples sounds necessary in the adversarial training setup. These tips lead us to adopt generative OOD detection methods, such as OpenGAN, as a baseline. We subsequently propose the Adversarially Trained Discriminator (ATD), which utilizes a pre-trained robust model to extract robust features, and a generator model to create OOD samples. Using ATD with CIFAR-10 and CIFAR-100 as the in-distribution data, we could significantly outperform all previous methods in the robust AUROC while maintaining high standard AUROC and classification accuracy. The code repository is available at https://github.com/rohban-lab/ATD .",Discriminator; Adversarial system; Computer science; Artificial intelligence; Generative grammar; Machine learning; Generator (circuit theory); Reliability (semiconductor),Adversarial Robustness in Machine Learning; Anomaly Detection Techniques and Applications; Electrostatic Discharge in Electronics,Trajectory-related,Challenging the System Under Test,0.3065,0.2462,0.0603,True
santoni2021four,Four responsibility gaps with artificial intelligence: Why they matter and how to address them,2021,article,Philosophy \& Technology,,W3160005967,374,"Abstract The notion of “responsibility gap” with artificial intelligence (AI) was originally introduced in the philosophical debate to indicate the concern that “learning automata” may make more difficult or impossible to attribute moral culpability to persons for untoward events. Building on literature in moral and legal philosophy, and ethics of technology, the paper proposes a broader and more comprehensive analysis of the responsibility gap. The responsibility gap, it is argued, is not one problem but a set of at least four interconnected problems – gaps in culpability, moral and public accountability, active responsibility—caused by different sources, some technical, other organisational, legal, ethical, and societal. Responsibility gaps may also happen with non-learning systems. The paper clarifies which aspect of AI may cause which gap in which form of responsibility, and why each of these gaps matter. It proposes a critical review of partial and non-satisfactory attempts to address the responsibility gap: those which present it as a new and intractable problem (“fatalism”), those which dismiss it as a false problem (“deflationism”), and those which reduce it to only one of its dimensions or sources and/or present it as a problem that can be solved by simply introducing new technical and/or legal tools (“solutionism”). The paper also outlines a more comprehensive approach to address the responsibility gaps with AI in their entirety, based on the idea of designing socio-technical systems for “meaningful human control"", that is systems aligned with the relevant human reasons and capacities.",Culpability; Accountability; Fatalism; Philosophy of technology; Social responsibility; Moral responsibility; Engineering ethics; Skepticism; Set (abstract data type); Epistemology; Sociology; Law and economics; Philosophy of science,"Ethics and Social Impacts of AI; Neuroethics, Human Enhancement, Biomedical Innovations; Free Will and Agency",Trajectory-related,Challenging the System Under Test,0.3046,0.3219,-0.0174,False
santoni2018meaningful,Meaningful human control over autonomous systems: A philosophical account,2018,article,Frontiers in Robotics and AI,,W2792435043,458,"Debates on lethal autonomous weapon systems have proliferated in the past 5 years. Ethical concerns have been voiced about a possible raise in the number of wrongs and crimes in military operations and about the creation of a ""responsibility gap"" for harms caused by these systems. To address these concerns, the principle of ""meaningful human control"" has been introduced in the legal-political debate; according to this principle, humans not computers and their algorithms should ultimately remain in control of, and thus morally responsible for, relevant decisions about (lethal) military operations. However, policy-makers and technical designers lack a detailed theory of what ""meaningful human control"" exactly means. In this paper, we lay the foundation of a philosophical account of meaningful human control, based on the concept of ""guidance control"" as elaborated in the philosophical debate on free will and moral responsibility. Following the ideals of ""Responsible Innovation"" and ""Value-sensitive Design,"" our account of meaningful human control is cast in the form of design requirements. We identify two general necessary conditions to be satisfied for an autonomous system to remain under meaningful human control: first, a ""tracking"" condition, according to which the system should be able to respond to both the relevant moral reasons of the humans designing and deploying the system and the relevant facts in the environment in which the system operates; second, a ""tracing"" condition, according to which the system should be designed in such a way as to grant the possibility to always trace back the outcome of its operations to at least one human along the chain of design and operation. As we think that meaningful human control can be one of the central notions in ethics of robotics and AI, in the last part of the paper, we start exploring the implications of our account for the design and use of non-military autonomous systems, for instance, self-driving cars.",Control (management); Computer science; Value (mathematics); TRACE (psycholinguistics); Tracing; Human values; Politics; Foundation (evidence); Moral responsibility; Engineering ethics; Epistemology; Risk analysis (engineering); Sociology; Law and economics; Law,"Ethics and Social Impacts of AI; Neuroethics, Human Enhancement, Biomedical Innovations; Free Will and Agency",Trajectory-related,Challenging the System Under Test,0.3524,0.3819,-0.0296,False
zendel2017analyzing,"Analyzing computer vision data-the good, the bad and the ugly",2017,inproceedings,Proceedings of the IEEE Conference on Computer Vision and Pattern Recognition,,W2738290714,25,"In recent years, a great number of datasets were published to train and evaluate computer vision (CV) algorithms. These valuable contributions helped to push CV solutions to a level where they can be used for safety-relevant applications, such as autonomous driving. However, major questions concerning quality and usefulness of test data for CV evaluation are still unanswered. Researchers and engineers try to cover all test cases by using as much test data as possible. In this paper, we propose a different solution for this challenge. We introduce a method for dataset analysis which builds upon an improved version of the CV-HAZOP checklist, a list of potential hazards within the CV domain. Picking stereo vision as an example, we provide an extensive survey of 28 datasets covering the last two decades. We create a tailored checklist and apply it to the datasets Middlebury, KITTI, Sintel, Freiburg, and HCI to present a thorough characterization and quantitative comparison. We confirm the usability of our checklist for identification of challenging stereo situations by applying nine state-of-the-art stereo matching algorithms on the analyzed datasets, showing that hazard frames correlate with difficult frames. We show that challenging datasets still allow a meaningful algorithm evaluation even for small subsets. Finally, we provide a list of missing test cases that are still not covered by current datasets as inspiration for researchers who want to participate in future dataset creation.",Computer science; Checklist; Usability; Domain (mathematical analysis); Artificial intelligence; Test (biology); Hazard; Matching (statistics); Machine learning; Data mining; Data science; Information retrieval,Advanced Vision and Imaging; Advanced Neural Network Applications; Advanced Image and Video Retrieval Techniques,Perception-related,Other Perception Methods,0.4252,0.2435,0.1817,True
derbyshire2014preparing,Preparing for the future: development of an ‘antifragile’methodology that complements scenario planning by omitting causation,2014,article,Technological Forecasting and Social Change,,W2028705955,112,,Indeterminism; Causation; Complement (music); Computer science; Management science; Risk analysis (engineering),Complex Systems and Decision Making; Cognitive Science and Mapping; Bayesian Modeling and Causal Inference,Trajectory-related,Challenging the System Under Test,0.4123,0.1988,0.2136,True
leveson2016engineering,Engineering a safer world: Systems thinking applied to safety,2016,book,,,W642120166,1589,"A new approach to safety, based on systems thinking, that is more effective, less costly, and easier to use than current techniques.Engineering has experienced a technological revolution, but the basic engineering techniques applied in safety and reliability engineering, created in a simpler, analog world, have changed very little over the years. In this groundbreaking book, Nancy Leveson proposes a new approach to safety—more suited to today's complex, sociotechnical, software-intensive world—based on modern systems thinking and systems theory. Revisiting and updating ideas pioneered by 1950s aerospace engineers in their System Safety concept, and testing her new model extensively on real-world examples, Leveson has created a new approach to safety that is more effective, less expensive, and easier to use than current techniques.Arguing that traditional models of causality are inadequate, Leveson presents a new, extended model of causation (Systems-Theoretic Accident Model and Processes, or STAMP), then shows how the new model can be used to create techniques for system safety engineering, including accident analysis, hazard analysis, system design, safety in operations, and management of safety-critical systems. She applies the new techniques to real-world events including the friendly-fire loss of a U.S. Blackhawk helicopter in the first Gulf War; the Vioxx recall; the U.S. Navy SUBSAFE program; and the bacterial contamination of a public water supply in a Canadian town. Leveson's approach is relevant even beyond safety engineering, offering techniques for “reengineering” any large sociotechnical system to improve safety and manage risk.",SAFER; Computer science,Systems Engineering Methodologies and Applications; Occupational Health and Safety Research,Trajectory-related,Challenging the System Under Test,0.4496,0.2476,0.2019,True
guarino1995ontologies,Ontologies and knowledge bases,1995,article,Towards very large knowledge bases,,,,,,,Knowledge-driven,Formalisation of Description,0.447,0.2115,0.2355,True
yannis2009cadas,CADaS-A common road accident data framework in Europe,2009,inproceedings,IRTAD conference,,,,,,,Trajectory-related,Surrogate Safety Metrics,0.4577,0.287,0.1707,True
ramakrishna2022efficient,Efficient out-of-distribution detection using latent space of $\beta$-vae for cyber-physical systems,2022,article,ACM Transactions on Cyber-Physical Systems (TCPS),,W3195576835,3,"Deep Neural Networks are actively being used in the design of autonomous Cyber-Physical Systems (CPSs). The advantage of these models is their ability to handle high-dimensional state-space and learn compact surrogate representations of the operational state spaces. However, the problem is that the sampled observations used for training the model may never cover the entire state space of the physical environment, and as a result, the system will likely operate in conditions that do not belong to the training distribution. These conditions that do not belong to training distribution are referred to as Out-of-Distribution (OOD). Detecting OOD conditions at runtime is critical for the safety of CPS. In addition, it is also desirable to identify the context or the feature(s) that are the source of OOD to select an appropriate control action to mitigate the consequences that may arise because of the OOD condition. In this paper, we study this problem as a multi-labeled time series OOD detection problem over images, where the OOD is defined both sequentially across short time windows (change points) as well as across the training data distribution. A common approach to solving this problem is the use of multi-chained one-class classifiers. However, this approach is expensive for CPSs that have limited computational resources and require short inference times. Our contribution is an approach to design and train a single $\beta$-Variational Autoencoder detector with a partially disentangled latent space sensitive to variations in image features. We use the feature sensitive latent variables in the latent space to detect OOD images and identify the most likely feature(s) responsible for the OOD. We demonstrate our approach using an Autonomous Vehicle in the CARLA simulator and a real-world automotive dataset called nuImages.",Computer science; Autoencoder; Inference; Artificial intelligence; Feature (linguistics); Context (archaeology); Machine learning; Feature vector; State space; Space (punctuation); Data mining; Artificial neural network,Anomaly Detection Techniques and Applications; Fault Detection and Control Systems; Adversarial Robustness in Machine Learning,Perception-related,Feature and Activation Extraction,0.385,0.3271,0.0579,True
aas2009paircopula,Pair-Copula Constructions of Multiple Dependence,2009,article,Insurance: Mathematics and Economics,10.1016/j.insmatheco.2007.02.001,W1992105816,2031,,Copula (linguistics); Multivariate statistics; Inference; Cascade; Multivariate normal distribution; Computer science; Mathematics; Data mining; Algorithm; Econometrics,Financial Risk and Volatility Modeling; Complex Systems and Time Series Analysis; Probability and Statistical Research,Trajectory-related,Probability Estimation,0.1363,0.1586,-0.0223,False
nagler2016evading,"Evading the Curse of Dimensionality in Nonparametric Density Estimation
with Simplified Vine Copulas",2016,article,Journal of Multivariate Analysis,10.1016/j.jmva.2016.07.003,W2467760016,143,,Mathematics; Nonparametric statistics; Curse of dimensionality; Vine copula; Density estimation; Econometrics; Nonparametric regression; Estimation; Applied mathematics; Statistical physics; Statistics,Spatial and Panel Data Analysis; Financial Risk and Volatility Modeling; Statistical Methods and Inference,Perception-related,Probability and Confidence Scores,0.2846,0.1236,0.161,True
sae2021j3016,SAE J3016: Taxonomy and Definitions for Terms Related to Driving Automation Systems for On-Road Motor Vehicles,2021,standard,,,W3161692923,67,"The article describes the main changes made to the updated version of the standard SAE J3016 2018, dedicated to the standardization of the levels of driving automation in on-road motor vehicles. The changes affected the list of terms and definitions, certain sections, as well as a graphical representation of the levels of automation. Information may be useful to engineers, scientists, students and anyone involved in research in the field of vehicle automation. В статье рассмотрены основные изменения, внесённые в обновлённую версию стандарта SAE J3016 2018, посвящённого стандартизации уровней автоматизации вождения на дорожных транспортных средствах. Изменения коснулись перечня терминов и определений, некоторых разделов, а также графического представления уровней автоматизации. Информация может быть полезна инженерам, научным работникам, студентам и всем, кто занимается исследованиями в области автоматизации транспортных средств.",Automation; Standardization; Taxonomy (biology); Field (mathematics); Engineering; Systems engineering; Computer science; Software engineering; Transport engineering,Transportation Systems and Logistics; Economic and Technological Systems Analysis,Trajectory-related,Novel Scenario Generation,0.3648,0.3858,-0.021,False
dosovitskiy2017carla,CARLA: An open urban driving simulator,2017,inproceedings,Conference on Robot Learning,,W2767621168,291,"We introduce CARLA, an open-source simulator for autonomous driving research. CARLA has been developed from the ground up to support development, training, and validation of autonomous urban driving systems. In addition to open-source code and protocols, CARLA provides open digital assets (urban layouts, buildings, vehicles) that were created for this purpose and can be used freely. The simulation platform supports flexible specification of sensor suites and environmental conditions. We use CARLA to study the performance of three approaches to autonomous driving: a classic modular pipeline, an end-to-end model trained via imitation learning, and an end-to-end model trained via reinforcement learning. The approaches are evaluated in controlled scenarios of increasing difficulty, and their performance is examined via metrics provided by CARLA, illustrating the platform's utility for autonomous driving research. The supplementary video can be viewed at https://youtu.be/Hp8Dz-Zek2E",Modular design; Computer science; Pipeline (software); Reinforcement learning; Open source; Driving simulator; Simulation; Open platform; Imitation; Human–computer interaction; Source code; Code (set theory),Autonomous Vehicle Technology and Safety; Reinforcement Learning in Robotics; Traffic control and management,Trajectory-related,Challenging the System Under Test,0.5663,0.4478,0.1185,True
Sonntag2024Detecting,Detecting Edge Cases from Trajectory Datasets Using Deep Learning Based Outlier Detection,2024,inproceedings,Proceedings of the 10th International Conference on Vehicle Technology and Intelligent Transport Systems (VEHITS 2024),,W4396681041,2,,Anomaly detection; Computer science; Trajectory; Artificial intelligence; Outlier; Deep learning; Enhanced Data Rates for GSM Evolution; Pattern recognition (psychology); Machine learning,Autonomous Vehicle Technology and Safety; Anomaly Detection Techniques and Applications,Perception-related,Feature and Activation Extraction,0.6405,0.3312,0.3093,True
elhafsi2023semantic,Semantic anomaly detection with large language models,2023,article,Autonomous Robots,,W4387876242,85,,Computer science; Anomaly detection; Enhanced Data Rates for GSM Evolution; Anomaly (physics); Semantic data model; Artificial intelligence; Component (thermodynamics); Human–computer interaction,Anomaly Detection Techniques and Applications; Network Security and Intrusion Detection; Software System Performance and Reliability,Perception-related,Feature and Activation Extraction,0.2933,0.3474,-0.0541,False
taleb2014antifragile,Antifragile: Things that gain from disorder,2014,book,,,W2093217276,902,"By nature of my profession, Nassim Taleb thinks that I’m a scam artist, a charlatan and a turkey. But do not feel bad for me, because if you are reading this publication you likely either carry out...",Economics; Psychology,Adolescent and Pediatric Healthcare,Trajectory-related,Challenging the System Under Test,0.0769,0.1687,-0.0918,False
boloor2020attacking,Attacking vision-based perception in end-to-end autonomous driving models,2020,article,Journal of Systems Architecture,,W3015176854,95,,Computer science; End-to-end principle; Deep learning; Artificial intelligence; Traverse; Perception; Focus (optics); Code (set theory); Artificial neural network; Deep neural networks; Human–computer interaction; Machine learning; Computer vision,Adversarial Robustness in Machine Learning; Anomaly Detection Techniques and Applications; Generative Adversarial Networks and Image Synthesis,Trajectory-related,Challenging the System Under Test,0.4586,0.4918,-0.0333,False
amini2022vista,"Vista 2.0: An open, data-driven simulator for multimodal sensing and policy learning for autonomous vehicles",2022,inproceedings,2022 International Conference on Robotics and Automation (ICRA),,,,,,,Trajectory-related,Machine Learning (trajectory),0.4579,0.4325,0.0253,True
cai2022survey,A survey on data-driven scenario generation for automated vehicle testing,2022,article,Machines,,W4309711132,59,"Automated driving is a promising tool for reducing traffic accidents. While some companies claim that many cutting-edge automated driving functions have been developed, how to evaluate the safety of automated vehicles remains an open question, which has become a crucial bottleneck. Scenario-based testing has been introduced to test automated vehicles, and much progress has been achieved. While data-driven and knowledge-based approaches are hot research topics, this survey is mainly about Data-Driven Scenario Generation (DDSG) for automated vehicle testing. Rather than describe the contributions of every study respectively, in this survey, methodologies from various studies are anatomized as solutions for several significant problems and compared with each other. This way, scholars and engineers can quickly find state-of-the-art approaches to the issues they might encounter. Furthermore, several critical challenges that might hinder DDSG are described, and responding solutions are presented at the end of this survey.",Bottleneck; Computer science; Enhanced Data Rates for GSM Evolution; Data science; Systems engineering,Autonomous Vehicle Technology and Safety; Safety Systems Engineering in Autonomy; Real-time simulation and control systems,Trajectory-related,Novel Scenario Generation,0.7394,0.3637,0.3757,True
hogan2020knowledge,Knowledge graphs: Research directions,2020,article,"Reasoning Web. Declarative Artificial Intelligence: 16th International Summer School 2020, Oslo, Norway, June 24--26, 2020, Tutorial Lectures 16",,W3093877078,7,,Computer science; Knowledge graph; Data science; Context (archaeology); Graph; Theoretical computer science; Artificial intelligence,Advanced Graph Neural Networks; Semantic Web and Ontologies; Graph Theory and Algorithms,Knowledge-driven,Formalisation of Description,0.4793,0.2266,0.2527,True
bechhofer2004parsing,Parsing owl dl: trees or triples?,2004,inproceedings,Proceedings of the 13th international conference on World Wide Web,,,,,,,Knowledge-driven,Formalisation of Description,0.3099,0.1902,0.1198,True
otte2012injury,Injury protection and accident causation parameters for vulnerable road users based on German In-Depth Accident Study GIDAS,2012,article,Accident Analysis \& Prevention,,W2001731782,140,,Causation; Poison control; Accident (philosophy); Injury prevention; Occupational safety and health; Engineering; Human factors and ergonomics; Transport engineering; Accident analysis; Forensic engineering; Representativeness heuristic; Computer security,Traffic and Road Safety; Automotive and Human Injury Biomechanics; Injury Epidemiology and Prevention,Trajectory-related,Surrogate Safety Metrics,0.4838,0.1977,0.2861,True
pinggera2016lost,Lost and found: detecting small road hazards for self-driving vehicles,2016,inproceedings,2016 IEEE/RSJ International Conference on Intelligent Robots and Systems (IROS),,W2521444719,13,"Detecting small obstacles on the road ahead is a critical part of the driving task which has to be mastered by fully autonomous cars. In this paper, we present a method based on stereo vision to reliably detect such obstacles from a moving vehicle.",Obstacle; Artificial intelligence; Computer science; Computer vision; Pixel; Task (project management); Frame (networking); Baseline (sea); Image (mathematics); Stereopsis; Object (grammar); Sequence (biology); Self driving,Autonomous Vehicle Technology and Safety; Advanced Neural Network Applications; Video Surveillance and Tracking Methods,Perception-related,Other Perception Methods,0.4125,0.3522,0.0603,True
lis2019detecting,Detecting the unexpected via image resynthesis,2019,inproceedings,Proceedings of the IEEE/CVF International Conference on Computer Vision,,W2936458714,12,"Classical semantic segmentation methods, including the recent deep learning ones, assume that all classes observed at test time have been seen during training. In this paper, we tackle the more realistic scenario where unexpected objects of unknown classes can appear at test time. The main trends in this area either leverage the notion of prediction uncertainty to flag the regions with low confidence as unknown, or rely on autoencoders and highlight poorly-decoded regions. Having observed that, in both cases, the detected regions typically do not correspond to unexpected objects, in this paper, we introduce a drastically different strategy: It relies on the intuition that the network will produce spurious labels in regions depicting unexpected objects. Therefore, resynthesizing the image from the resulting semantic map will yield significant appearance differences with respect to the input image. In other words, we translate the problem of detecting unknown classes to one of identifying poorly-resynthesized image regions. We show that this outperforms both uncertainty- and autoencoder-based methods.",Computer science; Artificial intelligence; Autoencoder; Spurious relationship; Leverage (statistics); Intuition; Segmentation; Image (mathematics); Pattern recognition (psychology); Machine learning; Deep learning,Anomaly Detection Techniques and Applications; Adversarial Robustness in Machine Learning; Domain Adaptation and Few-Shot Learning,Perception-related,Foundation Model and Adaptive Learning,0.4851,0.2389,0.2462,True
blum2021fishyscapes,The fishyscapes benchmark: Measuring blind spots in semantic segmentation,2021,article,International Journal of Computer Vision,,W2933610837,142,"Abstract Deep learning has enabled impressive progress in the accuracy of semantic segmentation. Yet, the ability to estimate uncertainty and detect failure is key for safety-critical applications like autonomous driving. Existing uncertainty estimates have mostly been evaluated on simple tasks, and it is unclear whether these methods generalize to more complex scenarios. We present Fishyscapes, the first public benchmark for anomaly detection in a real-world task of semantic segmentation for urban driving. It evaluates pixel-wise uncertainty estimates towards the detection of anomalous objects. We adapt state-of-the-art methods to recent semantic segmentation models and compare uncertainty estimation approaches based on softmax confidence, Bayesian learning, density estimation, image resynthesis, as well as supervised anomaly detection methods. Our results show that anomaly detection is far from solved even for ordinary situations, while our benchmark allows measuring advancements beyond the state-of-the-art. Results, data and submission information can be found at https://fishyscapes.com/ .",Benchmark (surveying); Computer science; Segmentation; Artificial intelligence; Anomaly detection; Softmax function; Pattern recognition (psychology); Machine learning; Pixel; Bayesian probability; Image segmentation; Anomaly (physics); Deep learning; Data mining,Anomaly Detection Techniques and Applications; Adversarial Robustness in Machine Learning; Advanced Neural Network Applications,Perception-related,Probability and Confidence Scores,0.5378,0.3126,0.2252,True
caesar2020nuscenes,nuscenes: A multimodal dataset for autonomous driving,2020,inproceedings,Proceedings of the IEEE/CVF conference on computer vision and pattern recognition,,W2925148167,379,"Robust detection and tracking of objects is crucial for the deployment of autonomous vehicle technology. Image based benchmark datasets have driven development in computer vision tasks such as object detection, tracking and segmentation of agents in the environment. Most autonomous vehicles, however, carry a combination of cameras and range sensors such as lidar and radar. As machine learning based methods for detection and tracking become more prevalent, there is a need to train and evaluate such methods on datasets containing range sensor data along with images. In this work we present nuTonomy scenes (nuScenes), the first dataset to carry the full autonomous vehicle sensor suite: 6 cameras, 5 radars and 1 lidar, all with full 360 degree field of view. nuScenes comprises 1000 scenes, each 20s long and fully annotated with 3D bounding boxes for 23 classes and 8 attributes. It has 7x as many annotations and 100x as many images as the pioneering KITTI dataset. We define novel 3D detection and tracking metrics. We also provide careful dataset analysis as well as baselines for lidar and image based detection and tracking. Data, development kit and more information are available online.",Computer science; Lidar; Artificial intelligence; Benchmark (surveying); Computer vision; Object detection; Segmentation; Bounding overwatch; Suite; Radar; Field (mathematics); Minimum bounding box; Software deployment; Tracking (education),Advanced Neural Network Applications; Video Surveillance and Tracking Methods; Autonomous Vehicle Technology and Safety,Perception-related,Foundation Model and Adaptive Learning,0.4539,0.3418,0.112,True
road-obstacle-dataset_dataset,Road obstacle dataset Dataset, 2023 ,misc, Roboflow Universe ,,,,,,,Trajectory-related,Machine Learning (trajectory),0.3941,0.3614,0.0326,True
cordts2016cityscapes,The cityscapes dataset for semantic urban scene understanding,2016,inproceedings,Proceedings of the IEEE conference on computer vision and pattern recognition,,W2340897893,11863,"Visual understanding of complex urban street scenes is an enabling factor for a wide range of applications. Object detection has benefited enormously from large-scale datasets, especially in the context of deep learning. For semantic urban scene understanding, however, no current dataset adequately captures the complexity of real-world urban scenes. To address this, we introduce Cityscapes, a benchmark suite and large-scale dataset to train and test approaches for pixel-level and instance-level semantic labeling. Cityscapes is comprised of a large, diverse set of stereo video sequences recorded in streets from 50 different cities. 5000 of these images have high quality pixel-level annotations, 20 000 additional images have coarse annotations to enable methods that leverage large volumes of weakly-labeled data. Crucially, our effort exceeds previous attempts in terms of dataset size, annotation richness, scene variability, and complexity. Our accompanying empirical study provides an in-depth analysis of the dataset characteristics, as well as a performance evaluation of several state-of-the-art approaches based on our benchmark.",Computer science; Leverage (statistics); Artificial intelligence; Suite; Benchmark (surveying); Context (archaeology); Scale (ratio); Set (abstract data type); Pixel; Semantics (computer science); Machine learning; Computer vision,Video Surveillance and Tracking Methods; Advanced Neural Network Applications; Advanced Image and Video Retrieval Techniques,Perception-related,Foundation Model and Adaptive Learning,0.4885,0.2475,0.2411,True
radar_scenes_dataset,"RadarScenes: A Real-World Radar Point Cloud Data 
Set for Automotive Applications",2021,dataset,,10.5281/zenodo.4559821,W3141652431,13,"The <strong>RadarScenes </strong>data set (“data set”) contains recordings from four automotive radar sensors, which were mounted on one measurement-vehicle. Images from one front-facing documentary camera are added. The data set has a length of over 4h and in addition to the point cloud data from the radar sensors, semantic annotations on a point-wise level from 12 different classes are provided. In addition to point-wise class labels, a track-id is attached to each individual detection of a dynamic object, so that individual objects can be tracked over time. <strong>Structure of the Data Set</strong> The data set consist of 158 individual sequences. For each sequence, the recorded data from radar and odometry sensors are stored in one hdf5 file. Each of these files is accompanied by a json file called “scenes.json” in which meta-information are stored. In a subfolder, the camera images are stored as jpg files. Two additional json files give further meta-information: in the ""sensor.json"" file, the sensor mounting position and rotation angles are defined. In the file ""sequences.json"", all recorded sequences are listed with additional information, e.g. about the recording duration. <strong><em>sensors.json</em></strong> This file describes the position and orientation of the four radar sensors. Each sensor is attributed with an integer id. The mounting position is given relative to the center of the rear axle of the vehicle. This allows for an easier calculation of the ego-motion at the position of the sensors. Only the x and y position is given, since no elevation information is provided by the sensors. Similarly, only the yaw-angle for the rotation is needed. <em><strong>sequences.json</strong></em> This file contains one entry for each recorded sequence. Each entry is built from the following information: the category (training or validation of machine learning algorithms), the number of individual scenes within the sequence, the duration in seconds and the names of the sensors which performed measurements within this sequence. <em><strong>scenes.json</strong></em> In this file, meta-information for a specific sequence and the scenes within this sequence are stored. The name of the sequence is listed within the top-level dictionary, the group of this sequence (training or validation) as well as the timestamps of the first and last time a radar sensor performed a measurement in this sequence. A scene is defined as one measurement of one of the four radar sensors. For each scene, the sensor id of the respective radar sensor is listed. Each scene has one unique timestamp, namely the time at which the radar sensor performed the measurement. Four timestamps of different radar measurement are given for each scene: the next and previous timestamp of a measurement of the same sensor and the next and previous timestamp of a measurement of any radar sensor. This allows to quickly iterate over measurements from all sensors or over all measurements of a single sensor. For the association with the odometry information, the timestamp of the closest odometry measurement and additionally the index in the odometry table in the hdf5 file where this measurement can be found are given. Furthermore, the filename of the camera image whose timestamp is closest to the radar measurement is given. Finally, the start and end indices of this scene’s radar detections in the hdf5 data set “radar_data” is given. The first index corresponds to the row in the hdf5 data set in which the first detection of this scene can be found. The second index corresponds to the row in the hdf5 data set in which the next scene starts. That is, the detection in this row is the first one that does not belong to the scene anymore. This convention allows to use the common python indexing into lists and arrays, where the second index is exclusive: arr[start:end]. <em><strong>radar_data.h5</strong></em> In this file, both the radar and the odometry data are stored. Two data sets exists within this file: “odometry” and “radar_data”. The “odometry” data has six columns: timestamp, x_seq, y_seq, yaw_seq, vx, yaw_rate. Each row corresponds to one measurement of the driving state. The columns x_seq, y_seq and yaw_seq describe the position and orientation of the ego-vehicle relative to some global origin. Hence, the pose in a global (sequence) coordinate system is defined. The column “vx” contains the velocity of the ego-vehicle in x-direction and the yaw_rate column contains the current yaw rate of the car. The hdf5 data set “radar_data” is composed of the individual detections. Each row in the data set corresponds to one detection. A detection is defined by the following signals, each being listed in one column: timestamp: in micro seconds relative to some arbitrary origin sensor_id: integer value, id of the sensor that recorded the detection range_sc: in meters, radial distance to the detection, sensor coordinate system azimuth_sc: in radians, azimuth angle to the detection, sensor coordinate system rcs: in dBsm, RCS value of the detection vr: in m/s. Radial velocity measured for this detection vr_compensated in m/s: Radial velocity for this detection but compensated for the ego-motion x_cc and y_cc: in m, position of the detection in the car-coordinate system (origin is at the center of the rear-axle) x_seq and y_seq in m, position of the detection in the global sequence-coordinate system (origin is at arbitrary start point) uuid: unique identifier for the detection. Can be used for association with predicted labels and debugging track_id: id of the dynamic object this detection belongs to. Empty, if it does not belong to any. label_id: semantic class id of the object to which this detection belongs. passenger cars (0), large vehicles (like agricultural or construction vehicles) (1), trucks (2), busses (3), trains (4), bicycles (5), motorized two-wheeler (6), pedestrians (7), groups of pedestrian (8), animals (9), all other dynamic objects encountered while driving (10), and the static environment (11) <strong>Camera Images</strong> The images of the documentary camera are located in the subfolder “camera” of each sequence. The filename of each image corresponds to the timestamp at which the image was recorded. The data set is a radar data set. Camera images are only included so that users of the data set get a better understanding of the recorded scenes. However, due to GDPR requirements, personal information was removed from these images via re-painting of regions proposed by a semantic instance segmentation network and manual correction. The networks were optimized for high recall values so that false-negatives were suppressed at the cost of having false positive markings. As the camera images are only meant to be used as guidance to the recorded radar scenes, this shortcoming has no negative effect on the actual data. <strong>Tools</strong> Some helper tools - including a viewer - can be found in the python package <em>radar_scenes</em>. Details can be found here: https://github.com/oleschum/radar_scenes <strong>Publications</strong> Previous publications related to classification algorithms on radar data already used this data set: Scene Understanding With Automotive Radar; https://ieeexplore.ieee.org/document/8911477 Semantic Segmentation on Radar Point Clouds, https://ieeexplore.ieee.org/document/8455344 Off-the-shelf sensor vs. experimental radar - How much resolution is necessary in automotive radar classification?, https://ieeexplore.ieee.org/document/9190338 Detection and Tracking on Automotive Radar Data with Deep Learning, https://ieeexplore.ieee.org/document/9190261 Comparison of random forest and long short-term memory network performances in classification tasks using radar, https://ieeexplore.ieee.org/document/8126350 <strong>License</strong> The data set is licensed under Creative Commons Attribution Non Commercial Share Alike 4.0 International (https://creativecommons.org/licenses/by-nc-sa/4.0/legalcode). Hence, the data set must not be used for any commercial use cases. <strong>Disclaimer</strong> That the data set comes ""AS IS"", without express or implied warranty and/or any liability exceeding mandatory statutory obligations. This especially applies to any obligations of care or indemnification in connection with the data set. The annotations were created for our research purposes only and no quality assessment was done for the usage in products of any kind. We can therefore not guarantee for the correctness, completeness or reliability of the provided data set.",Cloud computing; Radar; Point cloud; Automotive industry; Set (abstract data type); Data set; Computer science; Real world data; Point (geometry),Autonomous Vehicle Technology and Safety; Transportation Safety and Impact Analysis; Automotive and Human Injury Biomechanics,Perception-related,Other Perception Methods,0.2823,0.2446,0.0377,True
krizhevsky2009learning,Learning multiple layers of features from tiny images,2009,article,,,W3118608800,25472,"April 8, 2009Groups at MIT and NYU have collected a dataset of millions of tiny colour images from the web. It is, in principle, an excellent dataset for unsupervised training of deep generative models, but previous researchers who have tried this have found it di cult to learn a good set of lters from the images. We show how to train a multi-layer generative model that learns to extract meaningful features which resemble those found in the human visual cortex. Using a novel parallelization algorithm to distribute the work among multiple machines connected on a network, we show how training such a model can be done in reasonable time. A second problematic aspect of the tiny images dataset is that there are no reliable class labels which makes it hard to use for object recognition experiments. We created two sets of reliable labels. The CIFAR-10 set has 6000 examples of each of 10 classes and the CIFAR-100 set has 600 examples of each of 100 non-overlapping classes. Using these labels, we show that object recognition is signi cantly",Boltzmann machine; Artificial intelligence; Classifier (UML); Computer science; Generative grammar; Deep learning; Pattern recognition (psychology); Pixel; Deep belief network; Focus (optics); Machine learning; Generative model; Restricted Boltzmann machine; Computer vision,Generative Adversarial Networks and Image Synthesis; Image Retrieval and Classification Techniques; Advanced Image and Video Retrieval Techniques,Perception-related,Foundation Model and Adaptive Learning,0.453,0.2298,0.2232,True
lin2014microsoft,Microsoft coco: Common objects in context,2014,inproceedings,Computer Vision--ECCV 2014: 13th European Conference,,W1861492603,41985,,Computer science; Pascal (unit); Spotting; Artificial intelligence; Segmentation; Minimum bounding box; Bounding overwatch; Object detection; Object (grammar); Context (archaeology); Computer vision; Image segmentation; Baseline (sea); Pattern recognition (psychology),Advanced Neural Network Applications; Advanced Image and Video Retrieval Techniques; Multimodal Machine Learning Applications,Perception-related,Foundation Model and Adaptive Learning,0.5487,0.2412,0.3075,True
cultrera2023leveraging,Leveraging Visual Attention for out-of-distribution Detection,2023,inproceedings,IEEE/CVF International Conference on Computer Vision,,W4390190101,6,"Out-of-Distribution (OOD) detection is a crucial challenge in computer vision, especially when deploying machine learning models in the real world. In this paper, we propose a novel OOD detection method leveraging Visual Attention Heatmaps from a Vision Transformer (ViT) classifier. Our approach involves training a Convolutional Autoencoder to reconstruct attention heatmaps produced by a ViT classifier, enabling accurate image reconstruction and effective OOD detection. Moreover, our method does not require additional labels during training, ensuring efficiency and ease of implementation. We validate our approach on a standard OOD benchmark using CIFAR10 and CIFAR100. To test OOD in a real-world setting we also collected a novel dataset: WildCapture. Our new dataset comprises more than 60k wild animal shots, from 15 different wildlife species, taken via phototraps in varying lighting conditions. The dataset is fully annotated with animal bounding boxes and species.",Computer science; Bounding overwatch; Artificial intelligence; Autoencoder; Classifier (UML); Machine learning; Benchmark (surveying); Object detection; Pattern recognition (psychology); Training set; Deep learning,Adversarial Robustness in Machine Learning; Domain Adaptation and Few-Shot Learning; Advanced Neural Network Applications,Perception-related,Foundation Model and Adaptive Learning,0.3625,0.1363,0.2262,True
hu2023simulation,"How simulation helps autonomous driving: A survey of sim2real, digital twins, and parallel intelligence",2023,article,IEEE Transactions on Intelligent Vehicles,,W4386494508,106,"Developing autonomous driving technologies necessitates addressing safety and cost concerns. Both academic research and commercial applications of autonomous driving vehicles require extensive simulation and real-world testing. The challenge lies in effectively transferring driving knowledge from the virtual simulation world to the reality world, known as the reality gap (RG). This gap arises due to differences in lighting, textures, vehicle dynamics, and agents' behaviors between the two environments. To address this issue, researchers have explored three main approaches: sim2real, digital twins (DTs), and parallel intelligence (PI) technologies. This paper reviews these solutions and examines their applications and innovations in autonomous driving. Furthermore, we delve into the state-of-the-art algorithms, models, and involved simulators, and discuss the developmental process from sim2real to DTs and PI. The presentation also sheds light on the challenges and future perspectives in the development of sim2real, DTs, and PI in the field of autonomous driving.",Computer science; Field (mathematics); Process (computing); Presentation (obstetrics); Driving simulation; Virtual reality; Human–computer interaction; Simulation,Autonomous Vehicle Technology and Safety; Augmented Reality Applications; Virtual Reality Applications and Impacts,Trajectory-related,Novel Scenario Generation,0.5425,0.3879,0.1546,True
de2023realising,Realising meaningful human control over automated driving systems: a multidisciplinary approach,2023,article,Minds and machines,,W4288096333,25,"The paper presents a framework to realise ""meaningful human control"" over Automated Driving Systems. The framework is based on an original synthesis of the results of the multidisciplinary research project ""Meaningful Human Control over Automated Driving Systems"" lead by a team of engineers, philosophers, and psychologists at Delft University of the Technology from 2017 to 2021. Meaningful human control aims at protecting safety and reducing responsibility gaps. The framework is based on the core assumption that human persons and institutions, not hardware and software and their algorithms, should remain ultimately-though not necessarily directly-in control of, and thus morally responsible for, the potentially dangerous operation of driving in mixed traffic. We propose an Automated Driving System to be under meaningful human control if it behaves according to the relevant reasons of the relevant human actors (tracking), and that any potentially dangerous event can be related to a human actor (tracing). We operationalise the requirements for meaningful human control through multidisciplinary work in philosophy, behavioural psychology and traffic engineering. The tracking condition is operationalised via a proximal scale of reasons and the tracing condition via an evaluation cascade table. We review the implications and requirements for the behaviour and skills of human actors, in particular related to supervisory control and driver education. We show how the evaluation cascade table can be applied in concrete engineering use cases in combination with the definition of core components to expose deficiencies in traceability, thereby avoiding so-called responsibility gaps. Future research directions are proposed to expand the philosophical framework and use cases, supervisory control and driver education, real-world pilots and institutional embedding.",Multidisciplinary approach; Control (management); Table (database); Computer science; Event (particle physics); Cognitive ergonomics; Tracing; Supervisory control; Risk analysis (engineering); Traceability,Human-Automation Interaction and Safety; Ethics and Social Impacts of AI; Autonomous Vehicle Technology and Safety,Trajectory-related,Challenging the System Under Test,0.554,0.3969,0.1571,True
quigley2009ros,ROS: an open-source Robot Operating System,2009,inproceedings,ICRA workshop on open source software,,W2901136733,7182,,Open source; Computer science; Robot,Robotics and Automated Systems; Robotic Path Planning Algorithms; Social Robot Interaction and HRI,Trajectory-related,Challenging the System Under Test,0.2703,0.4111,-0.1408,False
rahmani2023bi,A Bi-Level Real-Time Microsimulation Framework for Modeling Two-Dimensional Vehicular Maneuvers at Intersections,2023,inproceedings,2023 IEEE 26th International Conference on Intelligent Transportation Systems (ITSC),,W4391768850,2,"Intersections are critical bottlenecks within urban transportation networks. Current models for simulating two-dimensional (2D) vehicular movements at intersections are met with limitations in accurately representing complex interactions and capturing vehicle dynamics. Accordingly, this paper proposes a novel microsimulation framework for trajectory planning and vehicular control at intersections. The model considers vehicle dynamics and control variables, such as acceleration and steering angle, and releases the popular assumption that there is full knowledge sharing or cooperation among vehicles at intersections. These features make the proposed framework more realistic compared to previous microsimulation attempts and applicable to traffic flow and environmental impact assessment studies. In addition, it efficiently operates in realtime for multiple vehicles, overcoming the limitations of offline methods. Moreover, the model is capable of accounting for driver/vehicle detection range, reaction time, and perception and prediction inaccuracies, which enhances its suitability for safety assessments. The evaluation in several scenarios indicates the ability of the proposed framework in realtime planning and following realistic and consistent 2D paths while avoiding collisions with other vehicles.",Microsimulation; Computer science; Real-time computing,Traffic control and management; Vehicle Dynamics and Control Systems; Vehicle emissions and performance,Trajectory-related,Surrogate Safety Metrics,0.5567,0.3251,0.2316,True
SAEJ3016_2021,Taxonomy and Definitions for Terms Related to Driving Automation Systems for On-Road Motor Vehicles,2021,misc,,,W4225555528,975,,Automation; Taxonomy (biology); Computer science; Automotive engineering; Engineering,Autonomous Vehicle Technology and Safety; Real-time simulation and control systems; Real-Time Systems Scheduling,Knowledge-driven,Influencing Factors,0.4733,0.4308,0.0426,True
otovic2022intra,Intra-domain and cross-domain transfer learning for time series data—How transferable are the features?,2022,article,Knowledge-Based Systems,,W4200114345,62,,Series (stratigraphy); Domain (mathematical analysis); Computer science; Transfer of learning; Transfer (computing),Seismology and Earthquake Studies; Domain Adaptation and Few-Shot Learning; Anomaly Detection Techniques and Applications,Perception-related,Foundation Model and Adaptive Learning,0.2419,0.304,-0.0622,False
weber2021transfer,Transfer learning with time series data: a systematic mapping study,2021,article,Ieee Access,,W4206564475,60,"Transfer Learning is a well-studied concept in machine learning, that relaxes the assumption that training and testing data need to be drawn from the same distribution. Recent success in applying transfer learning in the area of computer vision has motivated research on transfer learning also in context of time series data. This benefits learning in various time series domains, including a variety of domains based on sensor values. In this paper, we conduct a systematic mapping study of literature on transfer learning with time series data. Following the review guidelines of Kitchenham and Charters, we identify and analyze 223 relevant publications. We describe the pursued approaches and point out trends. Especially during the last two years, there has been a vast increase in the number of publications on the topic. This paper’s findings can help researchers as well as practitioners getting into the field and can help identify research gaps.",Computer science; Transfer of learning; Context (archaeology); Field (mathematics); Variety (cybernetics); Data science; Machine learning; Time series; Point (geometry); Series (stratigraphy); Artificial intelligence,Domain Adaptation and Few-Shot Learning; Machine Learning and ELM; Data Stream Mining Techniques,Perception-related,Foundation Model and Adaptive Learning,0.333,0.4051,-0.0721,False
blazquez2021review,A review on outlier/anomaly detection in time series data,2021,article,ACM computing surveys (CSUR),,W3005893373,202,"Recent advances in technology have brought major breakthroughs in data collection, enabling a large amount of data to be gathered over time and thus generating time series. Mining this data has become an important task for researchers and practitioners in the past few years, including the detection of outliers or anomalies that may represent errors or events of interest. This review aims to provide a structured and comprehensive state-of-the-art on unsupervised outlier detection techniques in the context of time series. To this end, a taxonomy is presented based on the main aspects that characterize an outlier detection technique.",Anomaly detection; Outlier; Computer science; Data mining; Time series; Context (archaeology); Series (stratigraphy); Data science; Task (project management); Artificial intelligence,Anomaly Detection Techniques and Applications; Time Series Analysis and Forecasting; Network Security and Intrusion Detection,Perception-related,Feature and Activation Extraction,0.3073,0.2545,0.0528,True
lim2021time,Time-series forecasting with deep learning: a survey,2021,article,Philosophical Transactions of the Royal Society A,,W3022643593,1594,"Numerous deep learning architectures have been developed to accommodate the diversity of time-series datasets across different domains. In this article, we survey common encoder and decoder designs used in both one-step-ahead and multi-horizon time-series forecasting-describing how temporal information is incorporated into predictions by each model. Next, we highlight recent developments in hybrid deep learning models, which combine well-studied statistical models with neural network components to improve pure methods in either category. Lastly, we outline some ways in which deep learning can also facilitate decision support with time-series data. This article is part of the theme issue 'Machine learning for weather and climate modelling'.",Series (stratigraphy); Artificial intelligence; Computer science; Time series; Machine learning; Econometrics,Time Series Analysis and Forecasting; Forecasting Techniques and Applications; Stock Market Forecasting Methods,Perception-related,Reconstructive and Generative,0.2748,0.3421,-0.0672,False
ece2021natm,New Assessment/Test Method for Automated Driving (NATM) Guidelines for Validating Automated Driving System (ADS),2021,techreport,,,,,,,,Trajectory-related,Novel Scenario Generation,0.5067,0.4089,0.0978,True
dona2022recent,Recent advancements in automated vehicle certification: How the experience from the nuclear sector contributed to making them a reality,2022,article,Energies,,W4306742302,14,"The current paper discusses the most recent advancements in automated vehicle (AV) certification and how existing regulations/best practices from the nuclear field helped make AVs a reality. In particular, three main pillars differentiate the newly devised certification frameworks from previous automotive regulations: the introduction of a safety management system, the adoption of in-service monitoring and reporting data logging systems, and the use of virtual testing to demonstrate the safety of the AV; a set of pillars that are also found in the nuclear practice. The argumentation is informed by relevant literature and shared experiences from the nuclear power plant and transportation fields where there are established safety practices to manage safety-critical cyber-physical systems. Although the nuclear and transportation fields might seem unrelated, strong synergies were found, including risk management approaches and operational data collection procedures, which supported the timely drafting of the new regulation for AVs. Nonetheless, some open challenges remain due to peculiar aspects of AVs that will need to be addressed in the near future. Namely, practical methodologies for the residual-risk calculation for the various Operational Design Domains (ODDs), the design of scalable monitoring techniques, and the definition of detailed procedures for the virtual testing tool qualification.",Certification; Risk analysis (engineering); Nuclear power; Computer science; Scope (computer science); Service (business); Engineering management; Systems engineering; Engineering; Computer security,Safety Systems Engineering in Autonomy; Risk and Safety Analysis; Human-Automation Interaction and Safety,Trajectory-related,Challenging the System Under Test,0.4216,0.2158,0.2057,True
sharma2019history,"The history, present and future with IoT",2019,article,Internet of things and big data analytics for smart generation,,W2907165140,141,,Internet of Things; The Internet; Computer science; Transformational leadership; Smart objects; Computer security; Telecommunications; Internet privacy; Engineering; World Wide Web; Data science,IoT and Edge/Fog Computing; Context-Aware Activity Recognition Systems; IoT Networks and Protocols,Trajectory-related,Machine Learning (trajectory),0.0742,0.1411,-0.0669,False
an2015variational,Variational autoencoder based anomaly detection using reconstruction probability,2015,article,Special lecture on IE,,W3153872861,1206,,Autoencoder; Anomaly detection; Anomaly (physics); Artificial intelligence; Computer science; Pattern recognition (psychology); Mathematics; Algorithm,Anomaly Detection Techniques and Applications; Network Security and Intrusion Detection,Perception-related,Reconstructive and Generative,0.5134,0.2893,0.2241,True
torabi2023practical,Practical autoencoder based anomaly detection by using vector reconstruction error,2023,article,Cybersecurity,,W4313590336,139,"Abstract Nowadays, cloud computing provides easy access to a set of variable and configurable computing resources based on user demand through the network. Cloud computing services are available through common internet protocols and network standards. In addition to the unique benefits of cloud computing, insecure communication and attacks on cloud networks cannot be ignored. There are several techniques for dealing with network attacks. To this end, network anomaly detection systems are widely used as an effective countermeasure against network anomalies. The anomaly-based approach generally learns normal traffic patterns in various ways and identifies patterns of anomalies. Network anomaly detection systems have gained much attention in intelligently monitoring network traffic using machine learning methods. This paper presents an efficient model based on autoencoders for anomaly detection in cloud computing networks. The autoencoder learns a basic representation of the normal data and its reconstruction with minimum error. Therefore, the reconstruction error is used as an anomaly or classification metric. In addition, to detecting anomaly data from normal data, the classification of anomaly types has also been investigated. We have proposed a new approach by examining an autoencoder’s anomaly detection method based on data reconstruction error. Unlike the existing autoencoder-based anomaly detection techniques that consider the reconstruction error of all input features as a single value, we assume that the reconstruction error is a vector. This enables our model to use the reconstruction error of every input feature as an anomaly or classification metric. We further propose a multi-class classification structure to classify the anomalies. We use the CIDDS-001 dataset as a commonly accepted dataset in the literature. Our evaluations show that the performance of the proposed method has improved considerably compared to the existing ones in terms of accuracy, recall, false-positive rate, and F1-score metrics.",Autoencoder; Anomaly detection; Computer science; Anomaly (physics); Cloud computing; Data mining; Metric (unit); Artificial intelligence; Pattern recognition (psychology); Machine learning,Network Security and Intrusion Detection; Anomaly Detection Techniques and Applications; Software System Performance and Reliability,Perception-related,Reconstructive and Generative,0.3523,0.3545,-0.0023,False
wang2018generative,Generative neural networks for anomaly detection in crowded scenes,2018,article,IEEE Transactions on Information Forensics and Security,,W2899116516,158,"Security surveillance is critical to social harmony and people's peaceful life. It has a great impact on strengthening social stability and life safeguarding. Detecting anomaly timely, effectively and efficiently in video surveillance remains challenging. This paper proposes a new approach, called S <sup xmlns:mml=""http://www.w3.org/1998/Math/MathML"" xmlns:xlink=""http://www.w3.org/1999/xlink"">2</sup> -VAE, for anomaly detection from video data. The S <sup xmlns:mml=""http://www.w3.org/1998/Math/MathML"" xmlns:xlink=""http://www.w3.org/1999/xlink"">2</sup> -VAE consists of two proposed neural networks: a Stacked Fully Connected Variational AutoEncoder (S <sub xmlns:mml=""http://www.w3.org/1998/Math/MathML"" xmlns:xlink=""http://www.w3.org/1999/xlink"">F</sub> -VAE) and a Skip Convolutional VAE (S <sub xmlns:mml=""http://www.w3.org/1998/Math/MathML"" xmlns:xlink=""http://www.w3.org/1999/xlink"">C</sub> -VAE). The S <sub xmlns:mml=""http://www.w3.org/1998/Math/MathML"" xmlns:xlink=""http://www.w3.org/1999/xlink"">F</sub> -VAE is a shallow generative network to obtain a model like Gaussian mixture to fit the distribution of the actual data. The S <sub xmlns:mml=""http://www.w3.org/1998/Math/MathML"" xmlns:xlink=""http://www.w3.org/1999/xlink"">C</sub> -VAE, as a key component of S <sup xmlns:mml=""http://www.w3.org/1998/Math/MathML"" xmlns:xlink=""http://www.w3.org/1999/xlink"">2</sup> -VAE, is a deep generative network to take advantages of CNN, VAE and skip connections. Both S <sub xmlns:mml=""http://www.w3.org/1998/Math/MathML"" xmlns:xlink=""http://www.w3.org/1999/xlink"">F</sub> -VAE and S <sub xmlns:mml=""http://www.w3.org/1998/Math/MathML"" xmlns:xlink=""http://www.w3.org/1999/xlink"">C</sub> -VAE are efficient and effective generative networks and they can achieve better performance for detecting both local abnormal events and global abnormal events. The proposed S <sup xmlns:mml=""http://www.w3.org/1998/Math/MathML"" xmlns:xlink=""http://www.w3.org/1999/xlink"">2</sup> -VAE is evaluated using four public datasets. The experimental results show that the S <sup xmlns:mml=""http://www.w3.org/1998/Math/MathML"" xmlns:xlink=""http://www.w3.org/1999/xlink"">2</sup> -VAE outperforms the state-of-the-art algorithms. The code is available publicly at https://github.com/tianwangbuaa/.",Computer science; Artificial intelligence; Autoencoder; Artificial neural network,Anomaly Detection Techniques and Applications; Video Surveillance and Tracking Methods; Human Pose and Action Recognition,Perception-related,Feature and Activation Extraction,0.4702,0.2346,0.2356,True
shrp2_nds_2013,The 2nd Strategic Highway Research Program Naturalistic Driving Study Dataset,2013,misc,,,,,,,,Trajectory-related,Novel Scenario Generation,0.6234,0.4443,0.1791,True
ha2018world,World models,2018,article,arXiv preprint arXiv:1803.10122,,,,,,,Perception-related,Foundation Model and Adaptive Learning,0.3332,0.3203,0.0129,True
michau2021unsupervised,Unsupervised transfer learning for anomaly detection: Application to complementary operating condition transfer,2021,article,Knowledge-Based Systems,,W3109541357,130,"In industrial applications, anomaly detectors are trained to raise alarms when measured samples deviate from the training data distribution. The samples used to train the model should, therefore, be sufficient in quantity and representative of all healthy operating conditions. However, for systems subject to changing operating conditions, acquiring such comprehensive datasets requires a long collection period. To train more robust anomaly detectors, we propose a new framework to perform unsupervised transfer learning (UTL) for one-class classification problems. It differs, thereby, from other applications of UTL in the literature which usually aim at finding a common structure between the datasets to perform either clustering or dimensionality reduction. The task of transferring and combining complementary training data in a completely unsupervised way has not been studied yet. The proposed methodology detects anomalies in operating conditions only experienced by other units in a fleet. We propose the use of adversarial deep learning to ensure the alignment of the different units’ distributions and introduce a new loss, inspired by a dimensionality reduction tool, to enforce the conservation of the inherent variability of each dataset. We use a state-of-the-art once-class approach to detect the anomalies. We demonstrate the benefit of the proposed framework using three open source datasets.",Anomaly detection; Transfer of learning; Computer science; Anomaly (physics); Transfer (computing); Artificial intelligence,Anomaly Detection Techniques and Applications; Fault Detection and Control Systems; Machine Fault Diagnosis Techniques,Perception-related,Feature and Activation Extraction,0.4518,0.3027,0.1491,True
angelov2021explainable,Explainable artificial intelligence: an analytical review,2021,article,Wiley Interdisciplinary Reviews: Data Mining and Knowledge Discovery,,W3182546273,781,"Abstract This paper provides a brief analytical review of the current state‐of‐the‐art in relation to the explainability of artificial intelligence in the context of recent advances in machine learning and deep learning. The paper starts with a brief historical introduction and a taxonomy, and formulates the main challenges in terms of explainability building on the recently formulated National Institute of Standards four principles of explainability. Recently published methods related to the topic are then critically reviewed and analyzed. Finally, future directions for research are suggested. This article is categorized under: Technologies &gt; Artificial Intelligence Fundamental Concepts of Data and Knowledge &gt; Explainable AI",Artificial intelligence; Computer science; Context (archaeology); Taxonomy (biology); Relation (database); Applications of artificial intelligence; Management science,Explainable Artificial Intelligence (XAI); Adversarial Robustness in Machine Learning; Machine Learning and Data Classification,Trajectory-related,Challenging the System Under Test,0.3207,0.3832,-0.0625,False
molnar2020interpretable,Interpretable machine learning,2020,book,,,,,,,,Perception-related,Probability and Confidence Scores,0.3543,0.4011,-0.0468,False
de2021risk,Risk quantification for automated driving systems in real-world driving scenarios,2021,article,Ieee Access,,W4205806550,49,"The development of safety validation methods is essential for the safe deployment and operation of Automated Driving Systems (ADSs). One of the goals of safety validation is to prospectively evaluate the risk of an ADS dealing with real-world traffic. ISO 26262 and ISO/DIS 21448, the leading standards in automotive safety, provide an approach to estimate the risk where the former focuses on risks due to potential malfunctioning of components and the latter focuses on risks due to possible functional insufficiencies. The main shortcomings of the approach provided in ISO 26262 are that it depends on subjective judgments of safety experts and that only a qualitative risk estimation is performed. ISO/DIS 21448 addresses these shortcomings partially by providing statistical methods to guide the safety validation, but no complete method is provided to quantify the risk. The first objective of this article is to propose a method to estimate the risk of an ADS in a more quantitative and objective manner. A data-driven approach is used to rely less on subjective judgments of safety experts. The output of the method is the expected number of injuries in a potential collision. Thus, the method is quantitative, the result is easily interpretable, and the result can be compared with road crash statistics. The second objective is to provide a method that supports the risk assessment as stipulated by the ISO 26262 and ISO/DIS 21448 standards by decomposing the quantified risk into the 3 aspects of risk as mentioned in these standards: exposure, severity, and controllability. The proposed methods are illustrated by means of a case study in which the risk is quantified for a longitudinal controller in 3 different types of scenarios. The code of the case study is publicly available.",Computer science; Risk analysis (engineering); Crash; Risk assessment; Automotive industry; Collision; Reliability engineering,Autonomous Vehicle Technology and Safety; Safety Systems Engineering in Autonomy; Traffic and Road Safety,Trajectory-related,Probability Estimation,0.5986,0.3853,0.2133,True
luettin2022survey,A survey on knowledge graph-based methods for automated driving,2022,inproceedings,Iberoamerican Knowledge Graphs and Semantic Web Conference,,W4313041116,21,,Computer science; Categorization; Graph; Knowledge graph; Artificial intelligence; Machine learning; Data science,Advanced Graph Neural Networks; Data Quality and Management; Graph Theory and Algorithms,Knowledge-driven,Influencing Factors,0.6229,0.4044,0.2185,True
iso21448,Road Vehicles --- Safety of the Intended Functionality,2022,standard,,,W4240672450,166,43.040.10,Transport engineering; Computer science,Transportation Systems and Logistics; Transportation Safety and Impact Analysis,Trajectory-related,Surrogate Safety Metrics,0.4196,0.3489,0.0707,True
khastgir2017towards,Towards increased reliability by objectification of Hazard Analysis and Risk Assessment (HARA) of automated automotive systems,2017,article,Safety Science,,W2607127338,60,,Automotive industry; Reliability (semiconductor); Risk analysis (engineering); Process (computing); Set (abstract data type); Domain (mathematical analysis); Reliability engineering; Computer science; Hazard; Functional safety; Poison control; Objectification; Engineering,Risk and Safety Analysis; Occupational Health and Safety Research; Safety Systems Engineering in Autonomy,Trajectory-related,Probability Estimation,0.4628,0.3186,0.1442,True
chia2022risk,Risk assessment methodologies for autonomous driving: A survey,2022,article,IEEE transactions on intelligent transportation systems,,W4226316432,70,"Autonomous driving systems (ADS) in recent years have been the subject of focus, evolving as one of the major mobility disruptors and being a potential candidate for deployment in urban cities due to urbanization. ADS is the system within the Autonomous Vehicle (AV) that enables automation. The different ADS technologies that enable autonomous vehicles have reached a certain maturity that no longer focus on technological deployment, but rather on the safe deployment on public roads. However, existing standards that validate functional safety and Risk Assessment (RA) may not be sufficient to tackle the increased complexity of ADS compared to traditional vehicles. This demand in ADS safety is exponentially increasing in tandem with the increase of AV automation levels. ADS are exposed to diverse environmental conditions and therefore subjected to operational risks while attempting to mimic the human driver responses. Moreover, the recent use of artificial intelligence and machine learning in the industry further shapes the way how ADS development will become in the future. This paper explains the importance of RA coverage for AV and provides a comparison and summary of existing RA methodologies. Thereafter, a recommendation of RAs for AV as potential solutions in meeting ISO 26262 and ISO/PAS 21448 standards.",Software deployment; Automation; Risk analysis (engineering); Transport engineering; Maturity (psychological); Engineering; Intelligent transportation system; Focus (optics); Computer science; Systems engineering; Computer security,Autonomous Vehicle Technology and Safety; Human-Automation Interaction and Safety; Traffic and Road Safety,Trajectory-related,Challenging the System Under Test,0.5791,0.498,0.0811,True
moradloo2024safety,Safety in higher level automated vehicles: Investigating edge cases in crashes of vehicles equipped with automated driving systems,2024,article,Accident Analysis \& Prevention,,W4396718590,33,,Enhanced Data Rates for GSM Evolution; Crash; Automotive industry; Population; Transport engineering; Cluster analysis; Computer science; Engineering; Computer security,Traffic and Road Safety; Autonomous Vehicle Technology and Safety; Human-Automation Interaction and Safety,Trajectory-related,Challenging the System Under Test,0.5619,0.4073,0.1546,True
gong2024sdac,SDAC: A Multimodal Synthetic Dataset for Anomaly and Corner Case Detection in Autonomous Driving,2024,inproceedings,Proceedings of the AAAI Conference on Artificial Intelligence,,W4393149271,5,"Nowadays, closed-set perception methods for autonomous driving perform well on datasets containing normal scenes. However, they still struggle to handle anomalies in the real world, such as unknown objects that have never been seen while training. The lack of public datasets to evaluate the model performance on anomaly and corner cases has hindered the development of reliable autonomous driving systems. Therefore, we propose a multimodal Synthetic Dataset for Anomaly and Corner case detection, called SDAC, which encompasses anomalies captured from multi-view cameras and the LiDAR sensor, providing a rich set of annotations for multiple mainstream perception tasks. SDAC is the first public dataset for autonomous driving that categorizes anomalies into object, scene, and scenario levels, allowing the evaluation under different anomalous conditions. Experiments show that closed-set models suffer significant performance drops on anomaly subsets in SDAC. Existing anomaly detection methods fail to achieve satisfactory performance, suggesting that anomaly detection remains a challenging problem. We anticipate that our SDAC dataset could foster the development of safe and reliable systems for autonomous driving.",Anomaly detection; Anomaly (physics); Computer science; Artificial intelligence; Pattern recognition (psychology),Anomaly Detection Techniques and Applications,Perception-related,Reconstructive and Generative,0.5189,0.3838,0.1351,True
sun2024interpreting,Interpreting Autonomous Driving Corner Cases: A Visual Analytics Approach,2024,inproceedings,2024 IEEE 17th Pacific Visualization Conference (PacificVis),,W4399307645,0,"With the progression of artificial intelligence, there has been substantial advancement in autonomous driving technology. However, even the most advanced systems may confront failures in certain corner cases, necessitating enhanced analytical approaches. Traditional approaches focused on the numerical analysis of isolated sensor data, are often insufficient for deriving meaningful insights in such situations. To address this inadequacy, we propose a visual analytics approach, crafted to aid domain experts in performing analyses and extracting system improvements from cases with unexpected behaviors. This approach intricately integrates extensive driving scenarios and low-level module behaviors into the autonomous driving decision-making process, utilizing rich visualizations and an interface for interactive exploration and systematic synthesis of findings. Uniquely, our system opens the ""black box"" of modules in the decision-making pipeline during corner cases, taking into account both the overall decision-making pipeline and the fine-grained behaviors of the modules in the pipeline, setting our approach apart from previous works. To validate our system’s effectiveness, we perform two case studies, inviting domain experts for evaluation, and the results confirm our system’s efficacy in allowing experts to obtain crucial insights into autonomous driving systems.",Pipeline (software); Visual analytics; Computer science; Domain (mathematical analysis); Analytics; Process (computing); Human–computer interaction; Black box; Artificial intelligence; Data science; Visualization; Intelligence analysis; Machine learning,Data Visualization and Analytics; Video Analysis and Summarization; Anomaly Detection Techniques and Applications,Trajectory-related,Novel Scenario Generation,0.5127,0.3779,0.1349,True
li2024choose,Choose your simulator wisely: A review on open-source simulators for autonomous driving,2024,article,IEEE Transactions on Intelligent Vehicles,,W4392523567,62,"Simulators play a crucial role in autonomous driving, offering significant time, cost, and labor savings. Over the past few years, the number of simulators for autonomous driving has grown substantially. However, there is a growing concern about the validity of algorithms developed and evaluated in simulators, indicating a need for a thorough analysis of the development status of the simulators. To address existing gaps in research, this paper undertakes a comprehensive review of the history of simulators, proposes a utility-based taxonomy, and investigates the critical issues within open-source simulators. Analysis of the past thirty years' development trajectory reveals a trend characterized by an increase in open-source simulators and an expansion of their functionality scope. The categorization of simulators based on feature functionalities delineates five primary classes: traffic flow, sensory data, driving policy, vehicle dynamics, and comprehensive simulators. Furthermore, the paper identifies critical unresolved issues in open-source simulators, including concerns regarding the fidelity of sensory data, representation of traffic scenarios, and accuracy in vehicle dynamics simulation, all of which have the potential to undermine experimental confidence. Additionally, challenges in data format inconsistency, labor-intensive map construction processes, sluggish step updating, and insufficient support for Hardware-In-the-Loop testing are discussed as hindrances to experimental efficiency. In light of these findings, the survey furnishes task-oriented recommendations to aid in the selection of simulators, taking into account factors such as accessibility, maintenance status, and quality, while highlighting the inherent limitations of existing open-source simulators in validating algorithms and facilitating real-world experimentation.",Computer science; Open source; Simulation; Human–computer interaction,Human-Automation Interaction and Safety; Autonomous Vehicle Technology and Safety,Trajectory-related,Novel Scenario Generation,0.6171,0.3811,0.2361,True
fernandez2024attribute,Attribute annotation and bias evaluation in visual datasets for autonomous driving,2024,article,Journal of Big Data,,W4402923182,5,"This paper addresses the often overlooked issue of fairness in the autonomous driving domain, particularly in vision-based perception and prediction systems, which play a pivotal role in the overall functioning of Autonomous Vehicles (AVs). We focus our analysis on biases present in some of the most commonly used visual datasets for training person and vehicle detection systems. We introduce an annotation methodology and a specialised annotation tool, both designed to annotate protected attributes of agents in visual datasets. We validate our methodology through an inter-rater agreement analysis and provide the distribution of attributes across all datasets. These include annotations for the attributes age, sex, skin tone, group, and means of transport for more than 90K people, as well as vehicle type, colour, and car type for over 50K vehicles. Generally, diversity is very low for most attributes, with some groups, such as children, wheelchair users, or personal mobility vehicle users, being extremely underrepresented in the analysed datasets. The study contributes significantly to efforts to consider fairness in the evaluation of perception and prediction systems for AVs. This paper follows reproducibility principles. The annotation tool, scripts and the annotated attributes can be accessed publicly at https://github.com/ec-jrc/humaint_annotator .",Computer science; Annotation; Artificial intelligence; Computational Science and Engineering; Machine learning; Data science,Video Surveillance and Tracking Methods; Visual Attention and Saliency Detection; Advanced Neural Network Applications,Trajectory-related,Challenging the System Under Test,0.3909,0.4175,-0.0266,False
hu2022processing,"Processing, assessing, and enhancing the Waymo autonomous vehicle open dataset for driving behavior research",2022,article,Transportation Research Part C: Emerging Technologies,,W4200170951,126,,Outlier; Jerk; Trajectory; Computer science; Consistency (knowledge bases); Data mining; Acceleration; Noise (video); Anomaly detection; Process (computing); Data quality; Simulation,Traffic control and management; Traffic and Road Safety; Traffic Prediction and Management Techniques,Trajectory-related,Novel Scenario Generation,0.4893,0.4152,0.0741,True
zhang2025review,A review of scenario cases for autonomous transportation system: Insights from CAV safety testing and scenario generation,2025,article,Accident Analysis \& Prevention,,W4408308558,8,,Engineering; Transport engineering; Poison control; Occupational safety and health; Risk analysis (engineering); Systems engineering; Computer science; Forensic engineering; Aeronautics,Autonomous Vehicle Technology and Safety; Human-Automation Interaction and Safety; Traffic control and management,Trajectory-related,Challenging the System Under Test,0.6742,0.3001,0.3741,True
ISO5083_2022,"Road vehicles -- Safety for automated driving systems -- Design, verification and validation",2022,techreport,,,W4236643515,15,,Computer security; Computer science,Vehicular Ad Hoc Networks (VANETs); Safety Systems Engineering in Autonomy; Autonomous Vehicle Technology and Safety,Trajectory-related,Challenging the System Under Test,0.5689,0.4281,0.1408,True
kim2021cybersecurity,Cybersecurity for autonomous vehicles: Review of attacks and defense,2021,article,Computers \& security,,W3119621753,389,,Computer security; Computer science; Intrusion detection system; Anomaly detection; Intrusion; Architecture; Autonomous system (mathematics),Vehicular Ad Hoc Networks (VANETs); Autonomous Vehicle Technology and Safety; Advanced Malware Detection Techniques,Trajectory-related,Challenging the System Under Test,0.3837,0.4076,-0.0239,False
girdhar2023cybersecurity,Cybersecurity of autonomous vehicles: A systematic literature review of adversarial attacks and defense models,2023,article,IEEE Open Journal of Vehicular Technology,,W4362714293,109,"Autonomous driving (AD) has developed tremendously in parallel with the ongoing development and improvement of deep learning (DL) technology. However, the uptake of artificial intelligence (AI) in AD as the core enabling technology raises serious cybersecurity issues. An enhanced attack surface has been spurred on by the rising digitization of vehicles and the integration of AI features. The performance of the autonomous vehicle (AV)-based applications is constrained by the DL models' susceptibility to adversarial attacks despite their great potential. Hence, AI-enabled AVs face numerous security threats, which prevent the large-scale adoption of AVs. Therefore, it becomes crucial to evolve existing cybersecurity practices to deal with risks associated with the increased uptake of AI. Furthermore, putting defense models into practice against adversarial attacks has grown in importance as a field of study amongst researchers. Therefore, this study seeks to provide an overview of the most recent adversarial defensive and attack models developed in the domain of AD.",Adversarial system; Computer security; Attack surface; Computer science; Digitization; Domain (mathematical analysis); Field (mathematics); Deep learning; Artificial intelligence; Data science,Adversarial Robustness in Machine Learning; Advanced Malware Detection Techniques; Autonomous Vehicle Technology and Safety,Trajectory-related,Challenging the System Under Test,0.5174,0.4679,0.0496,True
yousseef2024autonomous,Autonomous Vehicle Security: A Deep Dive into Threat Modeling,2024,article,arXiv preprint arXiv:2412.15348,,W4405713946,2,"Autonomous vehicles (AVs) are poised to revolutionize modern transportation, offering enhanced safety, efficiency, and convenience. However, the increasing complexity and connectivity of AV systems introduce significant cybersecurity challenges. This paper provides a comprehensive survey of AV security with a focus on threat modeling frameworks, including STRIDE, DREAD, and MITRE ATT\&amp;CK, to systematically identify and mitigate potential risks. The survey examines key components of AV architectures, such as sensors, communication modules, and electronic control units (ECUs), and explores common attack vectors like wireless communication exploits, sensor spoofing, and firmware vulnerabilities. Through case studies of real-world incidents, such as the Jeep Cherokee and Tesla Model S exploits, the paper highlights the critical need for robust security measures. Emerging technologies, including blockchain for secure Vehicle-to-Everything (V2X) communication, AI-driven threat detection, and secure Over-The-Air (OTA) updates, are discussed as potential solutions to mitigate evolving threats. The paper also addresses legal and ethical considerations, emphasizing data privacy, user safety, and regulatory compliance. By combining threat modeling frameworks, multi-layered security strategies, and proactive defenses, this survey offers insights and recommendations for enhancing the cybersecurity of autonomous vehicles.",Computer security; Computer science,Autonomous Vehicle Technology and Safety; Adversarial Robustness in Machine Learning; Advanced Malware Detection Techniques,Trajectory-related,Challenging the System Under Test,0.4062,0.2896,0.1166,True
wang2019multi,Multi-sensor fusion in automated driving: A survey,2019,article,Ieee Access,,W2996945478,503,"With the significant development of practicability in deep learning and the ultra-high-speed information transmission rate of 5G communication technology will overcome the barrier of data transmission on the Internet of Vehicles, automated driving is becoming a pivotal technology affecting the future industry. Sensors are the key to the perception of the outside world in the automated driving system and whose cooperation performance directly determines the safety of automated driving vehicles. In this survey, we mainly discuss the different strategies of multi-sensor fusion in automated driving in recent years. The performance of conventional sensors and the necessity of multi-sensor fusion are analyzed, including radar, LiDAR, camera, ultrasonic, GPS, IMU, and V2X. According to the differences in the latest studies, we divide the fusion strategies into four categories and point out some shortcomings. Sensor fusion is mainly applied for multi-target tracking and environment reconstruction. We discuss the method of establishing a motion model and data association in multi-target tracking. At the end of the paper, we analyzed the deficiencies in the current studies and put forward some suggestions for further improvement in the future. Through this investigation, we hope to analyze the current situation of multi-sensor fusion in the automated driving process and provide more efficient and reliable fusion strategies.",Computer science; Sensor fusion; Global Positioning System; Inertial measurement unit; Process (computing); Real-time computing; Artificial intelligence; Lidar; Radar,Robotics and Sensor-Based Localization; Advanced Optical Sensing Technologies; Infrared Target Detection Methodologies,Perception-related,Reconstructive and Generative,0.3517,0.4399,-0.0882,False
marti2019review,A review of sensor technologies for perception in automated driving,2019,article,IEEE intelligent transportation systems magazine,,W2976534600,312,"After more than 20 years of research, ADAS are common in modern vehicles available in the market. Automated Driving systems, still in research phase and limited in their capabilities, are starting early commercial tests in public roads. These systems rely on the information provided by on-board sensors, which allow to describe the state of the vehicle, its environment and other actors. Selection and arrangement of sensors represent a key factor in the design of the system. This survey reviews existing, novel and upcoming sensor technologies, applied to common perception tasks for ADAS and Automated Driving. They are put in context making a historical review of the most relevant demonstrations on Automated Driving, focused on their sensing setup. Finally, the article presents a snapshot of the future challenges for sensing technologies and perception, finishing with an overview of the commercial initiatives and manufacturers alliances that will show the intention of the market in sensors technologies for Automated Vehicles.",Snapshot (computer storage); Perception; Advanced driver assistance systems; Emerging technologies; Systems engineering; Context (archaeology); Engineering; Computer science; Risk analysis (engineering),Autonomous Vehicle Technology and Safety; Advanced Neural Network Applications; Video Surveillance and Tracking Methods,Trajectory-related,Novel Scenario Generation,0.4266,0.4535,-0.0268,False
loukas2025evaluation,Evaluation of Large Language Models for Anomaly Detection in Autonomous Vehicles,2025,article,arXiv preprint arXiv:2509.05315,,W7147344069,0,,Computer science; Vocabulary; Anomaly detection; Artificial intelligence; Enhanced Data Rates for GSM Evolution; Perception; Software; Anomaly (physics); Object (grammar); Architecture; Ground truth; Object detection; Work (physics); Machine learning; Language model; Detector; Data modeling; Hidden Markov model; Visualization; Natural language; Data mining; Computer vision,Anomaly Detection Techniques and Applications; Autonomous Vehicle Technology and Safety; Multimodal Machine Learning Applications,Trajectory-related,Challenging the System Under Test,0.3891,0.3322,0.0569,True
zou2025few,Few-Shot Learning With Manifold-Enhanced LLM for Handling Anomalous Perception Inputs in Autonomous Driving,2025,article,IEEE Transactions on Intelligent Transportation Systems,,W4411232161,16,"With the widespread adoption of advanced driving systems (ADS), these systems must cope with increasingly complex driving scenarios. However, data-driven deep learning models heavily rely on large amounts of training data and may perform inadequately when faced with novel situations. Consequently, few-shot learning has become a key topic in the field of autonomous driving. Yet, few-shot learning demands models with strong generalization and extrapolation abilities and tends to be vulnerable to anomalous inputs. The perception modules in current ADS systems are not infallible, and there remains a small chance of inaccurate information being generated, which could potentially affect the decision-making process. To address this issue, we propose an innovative few-shot learning framework based on large language models (LLMs) that can comprehend context and make correct decisions despite the presence of anomalous inputs. This framework decouples the high-dimensional textual space of LLMs into a low-dimensional space tailored for autonomous driving, enabling commonsense reasoning within this space. By integrating this space with the textual space, we create a decision manifold that enables effective reasoning and decision-making processes. The framework also maintains an external self-correction database that continually updates experiences to guide manifold construction, facilitating continual Learning. Experimental results demonstrate our framework reduces collision rates by 14% compared to GPT-Driver when tested with anomalous data. This confirms enhanced safety in complex driving environments with perceptual irregularities.",Perception; Shot (pellet); Manifold (fluid mechanics); One shot; Computer science; Artificial intelligence; Computer vision,Anomaly Detection Techniques and Applications; Domain Adaptation and Few-Shot Learning; Brain Tumor Detection and Classification,Trajectory-related,Machine Learning (trajectory),0.4439,0.4717,-0.0278,False
chen2025insight,Insight: Enhancing autonomous driving safety through vision-language models on context-aware hazard detection and edge case evaluation,2025,article,arXiv preprint arXiv:2502.00262,,W4407123402,0,"Autonomous driving systems face significant challenges in handling unpredictable edge-case scenarios, such as adversarial pedestrian movements, dangerous vehicle maneuvers, and sudden environmental changes. Current end-to-end driving models struggle with generalization to these rare events due to limitations in traditional detection and prediction approaches. To address this, we propose INSIGHT (Integration of Semantic and Visual Inputs for Generalized Hazard Tracking), a hierarchical vision-language model (VLM) framework designed to enhance hazard detection and edge-case evaluation. By using multimodal data fusion, our approach integrates semantic and visual representations, enabling precise interpretation of driving scenarios and accurate forecasting of potential dangers. Through supervised fine-tuning of VLMs, we optimize spatial hazard localization using attention-based mechanisms and coordinate regression techniques. Experimental results on the BDD100K dataset demonstrate a substantial improvement in hazard prediction straightforwardness and accuracy over existing models, achieving a notable increase in generalization performance. This advancement enhances the robustness and safety of autonomous driving systems, ensuring improved situational awareness and potential decision-making in complex real-world scenarios.",Computer science; Database,Autonomous Vehicle Technology and Safety; Advanced Neural Network Applications; Multimodal Machine Learning Applications,Trajectory-related,Challenging the System Under Test,0.5039,0.3685,0.1354,True
fernandez2025wip,$\$WIP$\$: From Detection to Explanation: Using $\$LLMs$\$ for Adversarial Scenario Analysis in Vehicles,2025,inproceedings,3rd USENIX Symposium on Vehicle Security and Privacy (VehicleSec 25),,,,,,,Trajectory-related,Challenging the System Under Test,0.3933,0.3797,0.0136,True
li2024few,Few-shot testing of autonomous vehicles with scenario similarity learning,2024,article,arXiv preprint arXiv:2409.14369,,W4403783017,1,"Testing and evaluation are critical to the development and deployment of autonomous vehicles (AVs). Given the rarity of safety-critical events such as crashes, millions of tests are typically needed to accurately assess AV safety performance. Although techniques like importance sampling can accelerate this process, it usually still requires too many numbers of tests for field testing. This severely hinders the testing and evaluation process, especially for third-party testers and governmental bodies with very limited testing budgets. The rapid development cycles of AV technology further exacerbate this challenge. To fill this research gap, this paper introduces the few-shot testing (FST) problem and proposes a methodological framework to tackle it. As the testing budget is very limited, usually smaller than 100, the FST method transforms the testing scenario generation problem from probabilistic sampling to deterministic optimization, reducing the uncertainty of testing results. To optimize the selection of testing scenarios, a cross-attention similarity mechanism is proposed to learn to extract the information of AV's testing scenario space. This allows iterative searches for scenarios with the smallest evaluation error, ensuring precise testing within budget constraints. Experimental results in cut-in scenarios demonstrate the effectiveness of the FST method, significantly enhancing accuracy and enabling efficient, precise AV testing.",Shot (pellet); Similarity (geometry); Computer science; One shot; Artificial intelligence; Single shot,Medical Imaging Techniques and Applications; Medical Imaging and Analysis,Trajectory-related,Challenging the System Under Test,0.5737,0.3269,0.2468,True
shriram2025towards,Towards a multi-agent vision-language system for zero-shot novel hazardous object detection for autonomous driving safety,2025,article,arXiv preprint arXiv:2504.13399,,W4414432334,3,"Detecting anomalous hazards in visual data, particularly in video streams, is a critical challenge in autonomous driving. Existing models often struggle with unpredictable, out-of-label hazards due to their reliance on predefined object categories. In this paper, we propose a multimodal approach that integrates vision-language reasoning with zero-shot object detection to improve hazard identification within traffic scene data. Our approach consists of a pipeline that integrates both Vision-Language Model (VLM) and Large-Language Model (LLM) capabilities to solve the problem of detecting out-of-label hazards within traffic scene data. We refine object detection by incorporating OpenAI’s CLIP model to match predicted hazards with bounding box annotations, improving localization accuracy. To assess model performance, we extended the foundational COOOL (Challenge-of-Out-of-Label) anomaly detection benchmark dataset by adding full natural language hazard descriptions as ground truth annotations. Additionally, we evaluated our pipeline’s hazard labels through cosine similarity in order to consider the semantic similarity between the predicted hazard description and the annotated ground truth for each video. Our findings highlight the strengths and limitations of current vision-language based approaches, offering insights into future improvements in autonomous hazard detection systems. Our models, scripts, and data can be found at https://github.com/mi3labucm/COOOLER.git",Ground truth; Computer science; Hazard; Object detection; Artificial intelligence; Object (grammar); Benchmark (surveying); Minimum bounding box; Pipeline (software); Similarity (geometry); Anomaly detection; Data mining; Bounding overwatch; Computer vision; Identification (biology); Machine learning; Cosine similarity,Autonomous Vehicle Technology and Safety; Advanced Neural Network Applications; Video Surveillance and Tracking Methods,Perception-related,Foundation Model and Adaptive Learning,0.4617,0.2852,0.1765,True
xu2025diffscene,Diffscene: Diffusion-based safety-critical scenario generation for autonomous vehicles,2025,inproceedings,Proceedings of the AAAI Conference on Artificial Intelligence,,W4409366385,26,"The field of Autonomous Driving (AD) has witnessed significant progress in recent years. Among the various challenges faced, the safety evaluation of autonomous vehicles (AVs) stands out as a critical concern. Traditional evaluation methods are both costly and inefficient, often requiring extensive driving mileage in order to encounter rare safety-critical scenarios, which are distributed on the long tail of the complex real-world driving landscape. In this paper, we propose a unified approach, Diffusion-Based Safety-Critical Scenario Generation (DiffScene), to generate high-quality safety-critical scenarios which are both realistic and safety-critical for efficient AV evaluation. In particular, we propose a diffusion-based generation framework, leveraging the power of approximating the distribution of low-density spaces for diffusion models. We design several adversarial optimization objectives to guide the diffusion generation under predefined adversarial budgets. These objectives, such as safety-based objective, functionality-based objective, and constraint-based objective, ensure the generation of safety-critical scenarios while adhering to specific constraints. Extensive experimentation has been conducted to validate the efficacy of our approach. Compared with 6 SOTA baselines, DiffScene generates scenarios that are (1) more safety-critical under 3 metrics, (2) more realistic under 5 distance functions, and (3) more transferable to different AV algorithms. In addition, we demonstrate that training AV algorithms with scenarios generated by DiffScene leads to significantly higher performance in terms of the safety-critical metrics compared to baselines. These findings highlight the potential of DiffScene in addressing the challenges of AV safety evaluation, paving the way for safer AV development.",Diffusion; Computer science; Risk analysis (engineering); Environmental science,Safety Systems Engineering in Autonomy; Formal Methods in Verification; Autonomous Vehicle Technology and Safety,Trajectory-related,Challenging the System Under Test,0.7184,0.3958,0.3227,True
russell2025gaia,Gaia-2: A controllable multi-view generative world model for autonomous driving,2025,article,arXiv preprint arXiv:2503.20523,,W4409046497,1,"Generative models offer a scalable and flexible paradigm for simulating complex environments, yet current approaches fall short in addressing the domain-specific requirements of autonomous driving - such as multi-agent interactions, fine-grained control, and multi-camera consistency. We introduce GAIA-2, Generative AI for Autonomy, a latent diffusion world model that unifies these capabilities within a single generative framework. GAIA-2 supports controllable video generation conditioned on a rich set of structured inputs: ego-vehicle dynamics, agent configurations, environmental factors, and road semantics. It generates high-resolution, spatiotemporally consistent multi-camera videos across geographically diverse driving environments (UK, US, Germany). The model integrates both structured conditioning and external latent embeddings (e.g., from a proprietary driving model) to facilitate flexible and semantically grounded scene synthesis. Through this integration, GAIA-2 enables scalable simulation of both common and rare driving scenarios, advancing the use of generative world models as a core tool in the development of autonomous systems. Videos are available at https://wayve.ai/thinking/gaia-2.",Generative grammar; Generative model; Computer science; Artificial intelligence,Data Management and Algorithms; Autonomous Vehicle Technology and Safety,Trajectory-related,Challenging the System Under Test,0.4543,0.3498,0.1045,True
xiong2025path,A Path-Driven Probabilistic Framework for Simulating Abnormal Behavior in Autonomous Driving Scenarios,2025,inproceedings,2025 IEEE Intelligent Vehicles Symposium (IV),,W4413018694,0,"Achieving high-level autonomous driving poses significant challenges, primarily due to the extensive and time-consuming testing required for low-probability abnormal behavior scenarios. Existing simulation platforms are limited by microscopic traffic flow models based on car-following and lane-changing theories (focused on the behavior of individual vehi-cles), which limits the implementation of complex and diverse abnormal behaviors such as road deviation and cutting in. This paper proposes an Abnormal behavior Generation model based on Event Probability triggers and Static paths (AGEPS model), which is capable of continuously and automatically generating abnormal behaviors without disrupting normal traffic flow. The AGEPS model is computationally efficient and scalable, as it decouples path optimization and trajectory tracking from obstacle avoidance, using explicit control law for both tracking and avoidance. The paper demonstrates three typical abnormal behaviors: Overtaking on the Right (OOR), Driving on the Lane Line (DOL), and Sudden Braking (SUB), indicating that the AGEPS model effectively generates these behaviors by selecting and tracking target static paths while adjusting lateral offsets and desired speeds. Experimental results validate the AGEPS model's effectiveness and its ability to generate abnormal behaviors continuously. Simulation results indicate that the AGEPS model reduces single-step computation time (including decision-making and control) by over 92.8 % compared to the MPC controller, with a single-step execution time of just 4 ms.",Probabilistic logic; Path (computing); Computer science; Motion planning; Simulation,Autonomous Vehicle Technology and Safety; Simulation Techniques and Applications; Vehicular Ad Hoc Networks (VANETs),Trajectory-related,Novel Scenario Generation,0.5464,0.3482,0.1982,True
sun2021corner,Corner case generation and analysis for safety assessment of autonomous vehicles,2021,article,Transportation research record,,W3179903080,47,"Testing and evaluation is a crucial step in the development and deployment of connected and automated vehicles (CAVs). To comprehensively evaluate the performance of CAVs, it is necessary to test the CAVs in safety-critical scenarios, which rarely happen in a naturalistic driving environment. Therefore, how to purposely and systematically generate these corner cases becomes an important problem. Most existing studies focus on generating adversarial examples for perception systems of CAVs, whereas limited efforts have been put into decision-making systems, which is the highlight of this paper. As the CAVs need to interact with numerous background vehicles (BVs) for a long duration, variables that define the corner cases are usually high-dimensional, which makes the generation a challenging problem. In this paper, a unified framework is proposed to generate corner cases for decision-making systems. To address the challenge brought by high dimensionality, the driving environment is formulated based on the Markov decision process, and the deep reinforcement learning techniques are applied to learn the behavior policy of BVs. With the learned policy, BVs behave and interact with the CAVs more aggressively, resulting in more corner cases. To further analyze the generated corner cases, the techniques of feature extraction and clustering are utilized. By selecting representative cases of each cluster and outliers, the valuable corner cases can be identified from all generated corner cases. Simulation results of a highway driving environment show that the proposed methods can effectively generate and identify the valuable corner cases.",Computer science; Markov decision process; Software deployment; Cluster analysis; Artificial intelligence; Outlier; Process (computing); Reinforcement learning; Feature (linguistics); Focus (optics); Machine learning,Autonomous Vehicle Technology and Safety; Adversarial Robustness in Machine Learning; Traffic and Road Safety,Trajectory-related,Challenging the System Under Test,0.66,0.4284,0.2316,True
gao2025foundation,Foundation Models in Autonomous Driving: A Survey on Scenario Generation and Scenario Analysis,2025,article,arXiv preprint arXiv:2506.11526,,W4415068890,9,"Ensuring the safety of autonomous vehicles in real-world environments requires handling a wide spectrum of diverse and rare driving scenarios. Scenario-based testing addresses this need by offering a scalable and controlled approach to develop and validate autonomous driving systems. However, traditional scenario generation methods relying on rule-based logic, knowledge-driven models, or data-driven synthesis often yield limited diversity and unrealistic cases. With the emergence of foundation models, which represent a new generation of pre-trained, general-purpose Artificial Intelligence (AI) models, developers can process heterogeneous inputs (e.g., natural language, sensor data, maps, and control actions), enabling the synthesis, interpretation, analysis of complex driving scenarios. In this paper, we review the use of foundation models for scenario generation and scenario analysis in autonomous driving. Our survey presents a unified taxonomy that includes large language models, vision language models, multimodal large language models, diffusion models, and world models for the generation and analysis of autonomous driving scenarios, outlining their fundamental principles, applications, and corresponding evaluation metrics. In addition, we review the methodologies, open-source datasets, simulation platforms, and benchmark challenges. Finally, the survey concludes by highlighting the open challenges, research questions and promising future directions in applying foundation models to scenario generation and analysis in autonomous driving. All reviewed papers are listed in a continuously maintained repository, which is publicly available and updated with new research: GitHub.com/TUM-AVS/FM-for-Scenario-Generation-Analysis.",Computer science; Scenario analysis; Systems engineering; Scalability; Process (computing); Benchmark (surveying); Scenario planning; Foundation (evidence); Risk analysis (engineering); Data science; Engineering,Robotic Path Planning Algorithms; Model-Driven Software Engineering Techniques; Autonomous Vehicle Technology and Safety,Trajectory-related,Novel Scenario Generation,0.6858,0.3821,0.3037,True
rahmani2024automated,Automated Vehicles at Unsignalized Intersections: Safety and Efficiency Implications of Mixed-Human-Automated Traffic,2024,article,arXiv preprint arXiv:2410.12538,,W4415495332,2,"The integration of automated vehicles (AVs) into transportation systems presents an unprecedented opportunity to enhance road safety and efficiency. However, understanding the interactions between AVs and human-driven vehicles (HVs) at intersections remains an open research question. This study aims to bridge this gap by examining behavioral differences and adaptations of AVs and HVs at unsignalized intersections by utilizing two large-scale AV datasets from Waymo and Lyft. By using a systematic methodology, the research identifies and analyzes merging and crossing conflicts by calculating key safety and efficiency metrics, including time to collision, post-encroachment time, maximum required deceleration, time advantage, and speed and acceleration profiles. Through this approach, the study assesses the safety and efficiency implications of these behavioral differences and adaptations for mixed-autonomy traffic. The findings reveal a paradox: while AVs maintain larger safety margins, their conservative behavior can lead to unexpected situations for human drivers, potentially causing unsafe conditions. From a performance point of view, human drivers tend to exhibit more consistent behavior when interacting with AVs versus other HVs, suggesting AVs may contribute to harmonizing traffic flow patterns. Moreover, notable differences were observed between Waymo and Lyft vehicles, which highlights the importance of considering manufacturer-specific AV behaviors in traffic modeling and management strategies for the safe integration of AVs. The processed dataset, as well as the developed algorithms and scripts, are openly published to foster research on AV–HV interactions.",Bridge (graph theory); Transport engineering; Computer science; Key (lock); Traffic flow (computer networking); Point (geometry); Poison control; Acceleration; Intelligent transportation system; Risk analysis (engineering); Advanced driver assistance systems; Human factors and ergonomics; Behavioral analysis; Perception,Autonomous Vehicle Technology and Safety; Traffic control and management; Human-Automation Interaction and Safety,Trajectory-related,Surrogate Safety Metrics,0.5679,0.4492,0.1188,True
akinsiku2025comprehensive,A comprehensive survey of federated learning approaches for privacy-preserving machine learning,2025,article,Tech-Sphere Journal for Pure and Applied Sciences,,,,,,,Trajectory-related,Machine Learning (trajectory),0.2226,0.2867,-0.0641,False
